id_hex,id_imovel,titulo,url,preco,descricao,quartos,suites,banheiros,vagas,area,bairro,imagem,imagens,imobiliaria,data_extracao
3c3b962fcc8e,dfimoveis_1266429,"Alphaville Residencial 1 Quadra V, ALPHAVILLE BRASILIA, ALPHAVILLE",/imovel/casa-3-quartos-aluguel-alphaville-brasilia-alphaville-df-alphaville-residencial-1-quadra-v-1266429,16000,"Casa nunca habitada! Recém Construída com Arquitetura Contemporânea, Piscina Aquecida e 3 Suítes em uma Casa de Alto Pad... 26/11/25",3 Quartos,3 Suítes,N/A,4 Vagas,607 m²,Outro,https://img.dfimoveis.com.br/fotos/1266429/4fe7ec951d5031c2952e8b90abadc2a9.webp,['https://img.dfimoveis.com.br/fotos/1266429/4fe7ec951d5031c2952e8b90abadc2a9.webp'],Perazzo Imóveis,2026-08-30T15:02:17.794188
1e89cf8c436f,dfimoveis_1419513,"SQNW 306 Bloco A, NOROESTE, BRASILIA",/imovel/apartamento-3-quartos-aluguel-noroeste-brasilia-df-sqnw-306-bloco-a-1419513,15000,"Apartamento originalmente com 4 suítes, adaptado para uma ampla sala estendida, valorizando conforto, elegância e integr... 28/08/26",3 Quartos,3 Suítes,N/A,3 Vagas,167 m²,Noroeste,https://img.dfimoveis.com.br/fotos/1419513/30ccd82d799f1d81b2ca2f25cc690e24.webp,['https://img.dfimoveis.com.br/fotos/1419513/30ccd82d799f1d81b2ca2f25cc690e24.webp'],Alpha Brasilia Administradora de Imóveis,2026-08-30T15:02:17.798962
ce0f51e73f21,dfimoveis_955721,"STRC Trecho 3 Conjunto A, SETOR INDUSTRIAL, GUARA",/imovel/galpo-0-quartos-aluguel-setor-industrial-guara-df-strc-trecho-3-conjunto-a-955721,110000,"Galpão Logístico.  Locação ou Venda no STRC Trecho 3. 
Oportunidade única no Setor Industrial/DF: galpão de alto padrão ... 13/04/24",N/A,N/A,N/A,17 Vagas,4943 m²,Guará,https://img.dfimoveis.com.br/fotos/955721/9f501b008cc0c7282cbd0849c405f292.webp,['https://img.dfimoveis.com.br/fotos/955721/9f501b008cc0c7282cbd0849c405f292.webp'],Portto Imóveis,2026-08-30T15:02:17.803106
d73c4f1d12a0,dfimoveis_1401064,"SMPW Quadra 16 Conjunto 4, PARK WAY, BRASILIA",/imovel/casa-4-quartos-aluguel-park-way-brasilia-df-smpw-quadra-16-conjunto-4-1401064,27000,"Casa de dois pavimentos, com projeto que valoriza conforto, elegância e ambientes amplos, integrados e bem distribuídos.... 22/07/26",4 Quartos,4 Suítes,N/A,4 Vagas,800 m²,Park Way,https://img.dfimoveis.com.br/fotos/1401064/865f9f95295e1b37a01fec8a64a5e9fc.webp,['https://img.dfimoveis.com.br/fotos/1401064/865f9f95295e1b37a01fec8a64a5e9fc.webp'],Alpha Brasilia Administradora de Imóveis,2026-08-30T15:02:17.807002
ce8a78306d22,dfimoveis_1416351,"SGAN 912, ASA NORTE, BRASILIA",/imovel/kitnet-1-quarto-aluguel-asa-norte-brasilia-df-sgan-912-1416351,4400,"Concreto, madeira e luz dão identidade a este projeto, que combina estética contemporânea, linhas limpas e tons naturais... 21/08/26",1 Quarto,1 Suíte,N/A,1 Vaga,26 m²,Asa Norte,https://img.dfimoveis.com.br/fotos/1416351/4e7fdae12c57071c090e00fbf3c7bcfc.webp,['https://img.dfimoveis.com.br/fotos/1416351/4e7fdae12c57071c090e00fbf3c7bcfc.webp'],Domos Empreendimentos,2026-08-30T15:02:17.810676
b9d5b48a267a,dfimoveis_1382516,"CRNW 510 Bloco A Lote 4, NOROESTE, BRASILIA",/imovel/apartamento-1-quarto-aluguel-noroeste-brasilia-df-crnw-510-bloco-a-lote-4-1382516,4400,"Noroeste – CNRW 510 | 35 m² | Mobiliado | 3º andar | Vaga de garagem | Elevador

Apartamento impecável, totalmente mobil... 09/07/26",1 Quarto,1 Suíte,N/A,1 Vaga,35 m²,Noroeste,https://img.dfimoveis.com.br/fotos/1382516/ad4ce4145fd1d122025413115a1e2d5f.webp,['https://img.dfimoveis.com.br/fotos/1382516/ad4ce4145fd1d122025413115a1e2d5f.webp'],Soma Imóveis,2026-08-30T15:02:17.819533
e5fbb9f9a2c3,dfimoveis_1280796,"SHIS QI 9 Conjunto 13, LAGO SUL, BRASILIA",/imovel/casa-4-quartos-aluguel-lago-sul-brasilia-df-shis-qi-9-conjunto-13-1280796,78000,"SHIS QI 09 | Casa com 6 quartos, sendo 5 suítes, uma das quadras mais valorizadas do Lago Sul. Localizada em terreno de ... 27/12/25",6 Quartos,5 Suítes,N/A,30 Vagas,899 m²,Lago Sul,https://img.dfimoveis.com.br/fotos/1280796/4b30b80d2b29b0deffd3c96a2c8c4d92.webp,['https://img.dfimoveis.com.br/fotos/1280796/4b30b80d2b29b0deffd3c96a2c8c4d92.webp'],Aguiar de Vasconcelos ,2026-08-30T15:02:17.825227
8694d42b1287,dfimoveis_1405818,"CRNW 511 Bloco A Lote 1, NOROESTE, BRASILIA",/imovel/apartamento-2-quartos-aluguel-noroeste-brasilia-df-crnw-511-bloco-a-lote-1-1405818,7500,"NEVES TEIXEIRA IMÓVEIS ALUGA

Excelente apartamento no Union 511, localizado na CLNW 511, no Noroeste, um dos empreendim... 02/08/26",2 Quartos,1 Suíte,N/A,1 Vaga,51 m²,Noroeste,https://img.dfimoveis.com.br/fotos/1405818/7ca021ff9716d9d83bf4d006699c628e.webp,['https://img.dfimoveis.com.br/fotos/1405818/7ca021ff9716d9d83bf4d006699c628e.webp'],Neves Teixeira Imóveis,2026-08-30T15:02:17.830841
1d09d63df6be,dfimoveis_1342645,"SHIS QI 13 Conjunto 12, LAGO SUL, BRASILIA",/imovel/casa-4-quartos-aluguel-lago-sul-brasilia-df-shis-qi-13-conjunto-12-1342645,40000,"Descubra o conforto de morar na SHIS QI 13 Conjunto 12, no Lago Sul, Brasília. Esta espaçosa casa sobrado de 4 dormitóri... 27/04/26",4 Quartos,4 Suítes,N/A,4 Vagas,1000 m²,Lago Sul,https://img.dfimoveis.com.br/fotos/1342645/580764aa1ddb07efe5cb52201c9deb7d.webp,['https://img.dfimoveis.com.br/fotos/1342645/580764aa1ddb07efe5cb52201c9deb7d.webp'],Vieira Costa Imobiliária,2026-08-30T15:02:17.835646
d3b40eef616f,dfimoveis_1407930,"SHIS QI 19 Conjunto 2, LAGO SUL, BRASILIA",/imovel/casa-4-quartos-aluguel-lago-sul-brasilia-df-shis-qi-19-conjunto-2-1407930,47000,"Imagine morar em uma casa espaçosa no coração do Lago Sul, em Brasília, que oferece o conforto de 5 quartos, incluindo 3... 06/08/26",5 Quartos,3 Suítes,N/A,10 Vagas,400 m²,Lago Sul,https://img.dfimoveis.com.br/fotos/1407930/a78fd2b0009227be10e97060bf9cc996.webp,['https://img.dfimoveis.com.br/fotos/1407930/a78fd2b0009227be10e97060bf9cc996.webp'],Vieira Costa Imobiliária,2026-08-30T15:02:17.842092
0d0798905e63,dfimoveis_1308950,"SHIS QI 17 Conjunto 3, LAGO SUL, BRASILIA",/imovel/casa-4-quartos-aluguel-lago-sul-brasilia-df-shis-qi-17-conjunto-3-1308950,32500,"A FUTURA NEGÓCIOS IMOBILIÁRIOS disponibiliza para LOCAÇÃO:

Casa Alto Padrão Reformada  SHIS QI 17, Lago Sul  560m²
Apre... 25/02/26",4 Quartos,2 Suítes,N/A,5 Vagas,560 m²,Lago Sul,https://img.dfimoveis.com.br/fotos/1308950/67ea1527e2b0f61e56fdad2db04bae99.webp,['https://img.dfimoveis.com.br/fotos/1308950/67ea1527e2b0f61e56fdad2db04bae99.webp'],Futura Negócios Imobiliários,2026-08-30T15:02:17.847672
2b4006b2d0b0,dfimoveis_1324621,"SQB 1, GUARA I, GUARA",/imovel/apartamento-3-quartos-aluguel-guara-i-guara-df-sqb-1-1324621,6500,"Localizado no Ilha Bela Residence, este apartamento reúne modernidade, conforto e excelente aproveitamento de espaço, id... 25/03/26",3 Quartos,1 Suíte,N/A,2 Vagas,100 m²,Guará,https://img.dfimoveis.com.br/fotos/1324621/22d17fb3fe1cfbe0e30b337e71a0b1d2.webp,['https://img.dfimoveis.com.br/fotos/1324621/22d17fb3fe1cfbe0e30b337e71a0b1d2.webp'],Alpha Brasilia Administradora de Imóveis,2026-08-30T15:02:17.851143
6c4d5668efc8,dfimoveis_1361049,"SHIS QI 5 Chacará s 53 a 61, LAGO SUL, BRASILIA",/imovel/casa-4-quartos-aluguel-lago-sul-brasilia-df-shis-qi-5-chacara-s-53-a-61-1361049,35000,"Casa térrea de alto padrão localizada na QI 5 , com ambientes amplos, integração sofisticada e excelente área de lazer, ... 30/05/26",4 Quartos,3 Suítes,N/A,N/A,1820 m²,Lago Sul,https://img.dfimoveis.com.br/fotos/1361049/c691c2691d5b0d67b342d7e0040623f6.webp,['https://img.dfimoveis.com.br/fotos/1361049/c691c2691d5b0d67b342d7e0040623f6.webp'],Consult Imóveis,2026-08-30T15:02:17.854688
711846907946,dfimoveis_1373135,"CLS 406, ASA SUL, BRASILIA",/imovel/loja-0-quartos-aluguel-asa-sul-brasilia-df-cls-406-1373135,12900,"LOJA COMERCIAL PARA LOCAÇÃO – CLS 406, ASA SUL – BRASÍLIA/DF

TÉRREO + SUBSOLO: R$ 12.900,00

Excelente imóvel comercial... 24/06/26",N/A,N/A,N/A,N/A,140 m²,Asa Sul,https://img.dfimoveis.com.br/fotos/1373135/08ced5fcb30553346862c9af0322304e.webp,['https://img.dfimoveis.com.br/fotos/1373135/08ced5fcb30553346862c9af0322304e.webp'],Nova Era Imob,2026-08-30T15:02:17.859837
2e845eff7bd7,dfimoveis_1347423,"SHIS QI 7, LAGO SUL, BRASILIA",/imovel/casa-4-quartos-aluguel-lago-sul-brasilia-df-shis-qi-7-1347423,85000,"DIFERENCIAL DO IMÓVEL:
- Acabamento de alto padrão em travertino romano bruto
- Armários planejados da marca Bontempo
- ... 05/05/26",4 Quartos,4 Suítes,N/A,4 Vagas,800 m²,Lago Sul,https://img.dfimoveis.com.br/fotos/1347423/a8e06d0422da4c7ebb77deb928bf8bd2.webp,['https://img.dfimoveis.com.br/fotos/1347423/a8e06d0422da4c7ebb77deb928bf8bd2.webp'],Soma Imóveis,2026-08-30T15:02:17.864446
76d49972a73b,dfimoveis_722742,"Condomínio Ouro Vermelho I, JARDIM BOTANICO, BRASILIA",/imovel/casa-condominio-4-quartos-aluguel-jardim-botanico-brasilia-df-condominio-ouro-vermelho-i-722742,12000,"Exclusiva Casa no Condomínio Ouro Vermelho I
 
Seja bem-vindo ao seu novo lar! Esta magnífica casa, localizada no presti... 11/03/23",4 Quartos,4 Suítes,N/A,4 Vagas,535 m²,Jardim Botânico,https://img.dfimoveis.com.br/fotos/722742/7d1a512cae41dfd29e84c3ceebe21f28.webp,['https://img.dfimoveis.com.br/fotos/722742/7d1a512cae41dfd29e84c3ceebe21f28.webp'],Yani Netimóveis,2026-08-30T15:02:17.867823
fcb01595df57,dfimoveis_1337131,"SHIS QL 12 Conjunto 7, LAGO SUL, BRASILIA",/imovel/casa-4-quartos-aluguel-lago-sul-brasilia-df-shis-ql-12-conjunto-7-1337131,40000,"A exclusividade de estar em uma obra de arte da arquitetura modernista, na localização mais cobiçada de Brasília. Situad... 16/04/26",5 Quartos,4 Suítes,N/A,2 Vagas,650 m²,Lago Sul,https://img.dfimoveis.com.br/fotos/1337131/151b3e434a32854b374de4922cc19879.webp,['https://img.dfimoveis.com.br/fotos/1337131/151b3e434a32854b374de4922cc19879.webp'],Aguiar de Vasconcelos ,2026-08-30T15:02:17.873464
ac54eda9d5bb,dfimoveis_1320976,"Condomínio Quintas do Sol, JARDIM BOTANICO, BRASILIA",/imovel/casa-3-quartos-aluguel-jardim-botanico-brasilia-df-condominio-quintas-do-sol-1320976,15200,"Casa Nova no Jardim Botânico - Onde o conforto moderno encontra a natureza viva

Residência nova e cuidadosamente projet... 18/03/26",3 Quartos,3 Suítes,N/A,2 Vagas,400 m²,Jardim Botânico,https://img.dfimoveis.com.br/fotos/1320976/35aee474bb8ce3d8e7dc50f66ac01901.webp,['https://img.dfimoveis.com.br/fotos/1320976/35aee474bb8ce3d8e7dc50f66ac01901.webp'],Marco Real Estate,2026-08-30T15:02:17.877474
48d635d3a319,dfimoveis_1287929,"SHIS QI 3 Conjunto 10, LAGO SUL, BRASILIA",/imovel/casa-4-quartos-aluguel-lago-sul-brasilia-df-shis-qi-3-conjunto-10-1287929,18000,"SHIS QI 03 CONJUNTO 10 CASA 13 - Lago Sul


DESTAQUES: Localização privilegiada, próxima a Ponte JK, Parque Ecológico da... 16/01/26",6 Quartos,5 Suítes,N/A,3 Vagas,729 m²,Lago Sul,https://img.dfimoveis.com.br/fotos/1287929/b6f3f6e6758da5634dcf2e56fc3ff81c.webp,['https://img.dfimoveis.com.br/fotos/1287929/b6f3f6e6758da5634dcf2e56fc3ff81c.webp'],SPR Imóveis,2026-08-30T15:02:17.880586
9651ae95ea41,dfimoveis_1318043,"Condomínio Village Alvorada I, JARDIM BOTANICO, BRASILIA",/imovel/casa-4-quartos-aluguel-jardim-botanico-brasilia-df-condominio-village-alvorada-i-1318043,16900,"Neves Teixeira Imóveis Aluga:

Excelente casa estilo contemporâneo, casa e piscina com aquecimento solar, com 5 quartos.... 12/03/26",5 Quartos,4 Suítes,N/A,6 Vagas,550 m²,Jardim Botânico,https://img.dfimoveis.com.br/fotos/1318043/e53fc352de6ddfc587d6e7be2067abf4.webp,['https://img.dfimoveis.com.br/fotos/1318043/e53fc352de6ddfc587d6e7be2067abf4.webp'],Neves Teixeira Imóveis,2026-08-30T15:02:17.883397
d46b961dd99f,dfimoveis_1304258,"Rua COPAIBA, SUL, AGUAS CLARAS",/imovel/loja-0-quartos-aluguel-sul-aguas-claras-df-rua-copaiba-1304258,6500,"Excelente PONTO COMERCIAL para o seu negócio em uma das regiões mais valorizadas do DF!

Localizada na RUA COPAÍBA ED. R... 13/02/26",N/A,N/A,N/A,1 Vaga,181 m²,Águas Claras,https://img.dfimoveis.com.br/fotos/1304258/074fc270b6dd516186286bad53425ed2.webp,['https://img.dfimoveis.com.br/fotos/1304258/074fc270b6dd516186286bad53425ed2.webp'],Mônica Rodrigues ,2026-08-30T15:02:17.885662
0a6637b3eb8b,dfimoveis_1179403,"SQS 303 Bloco F, ASA SUL, BRASILIA",/imovel/apartamento-2-quartos-aluguel-asa-sul-brasilia-df-sqs-303-bloco-f-1179403,12500,"SQS 303 | Belíssimo apartamento, 2 suítes para venda/aluguel, 170 M² - Asa Sul - Brasília/DF

Apartamento Exclusivo à Ve... 10/06/25",2 Quartos,2 Suítes,N/A,1 Vaga,170 m²,Asa Sul,https://img.dfimoveis.com.br/fotos/1179403/49a7c3b4956e0c492e2a4bf81610fb0d.webp,['https://img.dfimoveis.com.br/fotos/1179403/49a7c3b4956e0c492e2a4bf81610fb0d.webp'],Aguiar de Vasconcelos ,2026-08-30T15:02:17.887958
c9035f9f3d8e,dfimoveis_1368100,"Avenida das Araucárias, SUL, AGUAS CLARAS",/imovel/apartamento-2-quartos-aluguel-sul-aguas-claras-df-avenida-das-araucarias-1368100,3900,"Primeira Locação - Liv635 | 2 Quartos | Pronto para morar | Novo conceito Multifamily em Águas Claras

Morar bem não dev... 12/06/26",2 Quartos,1 Suíte,N/A,N/A,48 m²,Águas Claras,https://img.dfimoveis.com.br/fotos/1368100/1bb9915195bb76c5c6825395677dd920.webp,['https://img.dfimoveis.com.br/fotos/1368100/1bb9915195bb76c5c6825395677dd920.webp'],Liv635,2026-08-30T15:02:17.892579
dd9a0d78aa1a,dfimoveis_1397664,"Ville de Montagne, JARDIM BOTANICO, BRASILIA",/imovel/casa-3-quartos-aluguel-jardim-botanico-brasilia-df-ville-de-montagne-1397664,12000,"Viva com conforto, privacidade e cercado pela natureza em uma das melhores localizações da região.
sta belíssima residên... 16/07/26",3 Quartos,3 Suítes,N/A,5 Vagas,500 m²,Jardim Botânico,https://img.dfimoveis.com.br/fotos/1397664/c1c9b005acb31005f04542499188bf45.webp,['https://img.dfimoveis.com.br/fotos/1397664/c1c9b005acb31005f04542499188bf45.webp'],Magda Imóveis ,2026-08-30T15:02:17.895468
016e5f206312,dfimoveis_1362930,"SQN 202 Bloco G, ASA NORTE, BRASILIA",/imovel/apartamento-3-quartos-aluguel-asa-norte-brasilia-df-sqn-202-bloco-g-1362930,9500,"TH35331 - Sqn 202 Asa Norte, Apartamento Mobiliado 03 quartos, 3 suítes, 130m². Agende sua visita!  

Um imóvel elegante... 03/06/26",3 Quartos,3 Suítes,N/A,1 Vaga,130 m²,Asa Norte,https://img.dfimoveis.com.br/fotos/1362930/add594a7fea4bd839819e8396e97742c.webp,['https://img.dfimoveis.com.br/fotos/1362930/add594a7fea4bd839819e8396e97742c.webp'],Thaís Imobiliária,2026-08-30T15:02:17.898228
ebc1ca9da3b9,dfimoveis_1268147,"C 07 Lote 07//15, TAGUATINGA CENTRO, TAGUATINGA",/imovel/ponto-comercial-0-quartos-aluguel-taguatinga-centro-taguatinga-df-c-07-lote-07--15-1268147,18900,"Loja Térrea 381,38 m² | C-07 Taguatinga Centro | Metrô a 5 min | Pronta para Uso

Loja comercial térrea com 495,57 m² de... 29/11/25",N/A,N/A,N/A,N/A,381 m²,Taguatinga,https://img.dfimoveis.com.br/fotos/1268147/8f1232b0b5bc9219ef89e18b455e651d.webp,['https://img.dfimoveis.com.br/fotos/1268147/8f1232b0b5bc9219ef89e18b455e651d.webp'],Aguiar de Vasconcelos ,2026-08-30T15:02:17.900351
ffd8cbd8ea87,dfimoveis_1405743,"SQS 312 Bloco F, ASA SUL, BRASILIA",/imovel/apartamento-4-quartos-aluguel-asa-sul-brasilia-df-sqs-312-bloco-f-1405743,22000,"Alugo apartamento hiper reformado, com 3 Suites e 2 Semi-Suites amplas e sofisticadas !!!     Apartamento hiper reformad... 02/08/26",5 Quartos,3 Suítes,N/A,2 Vagas,288 m²,Asa Sul,https://img.dfimoveis.com.br/fotos/1405743/4e84253fa8e740a65fb1c8fc6daa9f9e.webp,['https://img.dfimoveis.com.br/fotos/1405743/4e84253fa8e740a65fb1c8fc6daa9f9e.webp'],Imobiliária Daniel Lisboa ,2026-08-30T15:02:17.902657
dbdf17fe75ce,dfimoveis_1382315,"SQNW 110, NOROESTE, BRASILIA",/imovel/apartamento-4-quartos-aluguel-noroeste-brasilia-df-sqnw-110-1382315,12850,"Localizado no Edifício NW110A, este apartamento para locação reúne conforto, praticidade e uma excelente infraestrutura ... 09/07/26",4 Quartos,4 Suítes,N/A,3 Vagas,197 m²,Noroeste,https://img.dfimoveis.com.br/fotos/1382315/3853961547c22ecb19575f810cb1e2ba.webp,['https://img.dfimoveis.com.br/fotos/1382315/3853961547c22ecb19575f810cb1e2ba.webp'],Marco Real Estate,2026-08-30T15:02:17.905160
b93d437bcad0,dfimoveis_913367,"SHTN Trecho 1, ASA NORTE, BRASILIA",/imovel/apartamento-1-quarto-aluguel-asa-norte-brasilia-df-shtn-trecho-1-913367,4200,"ALUGAMOS LINDO APARTAMENTO
REFORMADO
MOBILIADO
GARANTIA LOCATÍCIA ATRAVÉS DE CAUÇÃO 3 ALUGUÉIS 
VALOR DE R$4.200,00 PARA... 07/02/24",1 Quarto,N/A,N/A,2 Vagas,54 m²,Asa Norte,https://img.dfimoveis.com.br/fotos/913367/0de169c7e4891be50b7125f6095b1c64.webp,['https://img.dfimoveis.com.br/fotos/913367/0de169c7e4891be50b7125f6095b1c64.webp'],Imóveis do DF,2026-08-30T15:02:17.914463
50def0480f7b,dfimoveis_1405939,"SQNW 302 Bloco B, NOROESTE, BRASILIA",/imovel/apartamento-3-quartos-aluguel-noroeste-brasilia-df-sqnw-302-bloco-b-1405939,25000,"Victor Cruz Negócios Imobiliários LTDA aluga:

SQNW 302 Bloco B, Parque das Oliveiras.

Cobertura duplex 294m2, luxuosa,... 02/08/26",3 Quartos,3 Suítes,N/A,4 Vagas,294 m²,Noroeste,https://img.dfimoveis.com.br/fotos/1405939/b312673e5b161aa6851819485494ed88.webp,['https://img.dfimoveis.com.br/fotos/1405939/b312673e5b161aa6851819485494ed88.webp'],Victor Cruz Negócios Imobiliários,2026-08-30T15:02:17.917082
bcf38011d366,dfimoveis_1345240,"SBN Quadra 02 Bloco F, ASA NORTE, BRASILIA",/imovel/sala-0-quartos-aluguel-asa-norte-brasilia-df-sbn-quadra-02-bloco-f-1345240,29000,"VIA CAPITAL CENTRO EMPRESARIAL | ANDAR CORPORATIVO INTEIRO PARA LOCAÇÃO

Apresente sua empresa em um dos endereços corpo... 30/04/26",N/A,N/A,N/A,20 Vagas,415 m²,Asa Norte,https://img.dfimoveis.com.br/fotos/1345240/92f964bd1bcff9147faf406ef28b1731.webp,['https://img.dfimoveis.com.br/fotos/1345240/92f964bd1bcff9147faf406ef28b1731.webp'],Domos Empreendimentos,2026-08-30T15:02:30.179697
10b4e0839859,dfimoveis_1364458,"SHIN QL 5 Conjunto 7, LAGO NORTE, BRASILIA",/imovel/casa-4-quartos-aluguel-lago-norte-brasilia-df-shin-ql-5-conjunto-7-1364458,13000,"QL 05  CONJ 07 LAGO NORTE CASA MOBILIADA 05 SUITES:  Sofisticação, Conforto e Lazer em um Só Lugar, essa mansão é para p... 06/06/26",5 Quartos,5 Suítes,N/A,4 Vagas,670 m²,Lago Norte,https://img.dfimoveis.com.br/fotos/1364458/68622d1bff45969de3013746a2f80fc0.webp,['https://img.dfimoveis.com.br/fotos/1364458/68622d1bff45969de3013746a2f80fc0.webp'],Realiza Imóveis ,2026-08-30T15:02:30.183581
91f3e558a694,dfimoveis_943999,"SHN Quadra 1 Bloco F, ASA NORTE, BRASILIA",/imovel/sala-0-quartos-aluguel-asa-norte-brasilia-df-shn-quadra-1-bloco-f-943999,54245,"FUTURA NEGÓCIOS IMOBILIÁRIOS disponibiliza para LOCAÇÃO:

Andar Corporativo de Alto Padrão  Edifício SHN | Asa Norte

Ex... 22/03/24",N/A,N/A,N/A,11 Vagas,571 m²,Asa Norte,https://img.dfimoveis.com.br/fotos/943999/1a05cdbcb693b4b9dcfab897b846152b.jpg?format=webp,['https://img.dfimoveis.com.br/fotos/943999/1a05cdbcb693b4b9dcfab897b846152b.jpg?format=webp'],Futura Negócios Imobiliários,2026-08-30T15:02:30.186693
dbbd4c4b29f7,dfimoveis_1416412,"SQNW 102 Bloco K, NOROESTE, BRASILIA",/imovel/apartamento-3-quartos-aluguel-noroeste-brasilia-df-sqnw-102-bloco-k-1416412,16000,"NEVES TEIXEIRA IMÓVEIS ALUGA

Espetacular apartamento, totalmente mobiliado, decorado, de canto, com lindíssimo projeto ... 22/08/26",3 Quartos,2 Suítes,N/A,2 Vagas,120 m²,Noroeste,https://img.dfimoveis.com.br/fotos/1416412/f915093dcde4a2672cb67bbe35e427be.webp,['https://img.dfimoveis.com.br/fotos/1416412/f915093dcde4a2672cb67bbe35e427be.webp'],Neves Teixeira Imóveis,2026-08-30T15:02:30.192239
3420b3e1de39,dfimoveis_1161182,"SHS Quadra 4, ASA SUL, BRASILIA",/imovel/sala-0-quartos-aluguel-asa-sul-brasilia-df-shs-quadra-4-1161182,24000,"TH21922 - SUBSOLO PARA LOCAÇÃO COM 475m²  - Asa Sul - Brasília/DF

DESCONTO ESCALONADO IMPERDÍVEL, SENDO:

1º ano com 40... 13/05/25",N/A,N/A,N/A,10 Vagas,475 m²,Asa Sul,https://img.dfimoveis.com.br/fotos/1161182/5e4f55b06afc8906339f6aacf26b1948.webp,['https://img.dfimoveis.com.br/fotos/1161182/5e4f55b06afc8906339f6aacf26b1948.webp'],Thaís Imobiliária,2026-08-30T15:02:30.196537
aaa4ea506256,dfimoveis_1397364,"QE 42 Conjunto B, GUARA II, GUARA",/imovel/casa-3-quartos-aluguel-guara-ii-guara-df-qe-42-conjunto-b-1397364,3500,"Apresentamos um imóvel exclusivo que reúne versatilidade, excelente aproveitamento de espaço e alto potencial de valoriz... 16/07/26",3 Quartos,1 Suíte,N/A,N/A,230 m²,Guará,https://img.dfimoveis.com.br/fotos/1397364/b7b45e7034e60161192964a93acc44ec.webp,['https://img.dfimoveis.com.br/fotos/1397364/b7b45e7034e60161192964a93acc44ec.webp'],Abritta Inteligência Imobiliária,2026-08-30T15:02:30.216040
9fe7166b6cf5,dfimoveis_1377249,"Condomínio Prive Morada Sul Etapa C, JARDIM BOTANICO, BRASILIA",/imovel/casa-condominio-4-quartos-aluguel-jardim-botanico-brasilia-df-condominio-prive-morada-sul-etapa-c-1377249,8000,"Encante-se com esta belíssima casa térrea no Condomínio Privê Morada Sul Etapa C, localizada no Setor Habitacional Jardi... 03/07/26",4 Quartos,2 Suítes,N/A,4 Vagas,400 m²,Jardim Botânico,https://img.dfimoveis.com.br/fotos/1377249/d576aee9488e6cdce420b43eaa393813.webp,['https://img.dfimoveis.com.br/fotos/1377249/d576aee9488e6cdce420b43eaa393813.webp'],61 Imóveis,2026-08-30T15:02:30.218680
91d4f1dc9e1d,dfimoveis_1411617,"SHTN Trecho 2, ASA NORTE, BRASILIA",/imovel/apartamento-2-quartos-aluguel-asa-norte-brasilia-df-shtn-trecho-2-1411617,7700,"NEVES TEIXEIRA IMÓVEIS ALUGA:

Excelente apartamento no condomínio The Sun, localizado no SHTN, andar alto e com uma inc... 14/08/26",2 Quartos,N/A,N/A,1 Vaga,50 m²,Asa Norte,https://img.dfimoveis.com.br/fotos/1411617/107e619e5b519d1cdbafcbcafb950aa1.webp,['https://img.dfimoveis.com.br/fotos/1411617/107e619e5b519d1cdbafcbcafb950aa1.webp'],Neves Teixeira Imóveis,2026-08-30T15:02:30.221145
28d21aeec4c6,dfimoveis_1417225,"SQS 103 Bloco H, ASA SUL, BRASILIA",/imovel/apartamento-2-quartos-aluguel-asa-sul-brasilia-df-sqs-103-bloco-h-1417225,4750,"Alugamos excelente Apto da SQS 103 Bloco ""H"" composto de:
DESC: Sala ampla com painel tipo rack – Hall de circulação – B... 24/08/26",2 Quartos,N/A,N/A,1 Vaga,81 m²,Asa Sul,https://img.dfimoveis.com.br/fotos/1417225/97256eb487bd50ead15462bf780ef60b.webp,['https://img.dfimoveis.com.br/fotos/1417225/97256eb487bd50ead15462bf780ef60b.webp'],Correta Imobiliária,2026-08-30T15:02:30.224249
907d0934502f,dfimoveis_1216906,"SCS Quadra 08 Bloco B LoteS 50/60, ASA SUL, BRASILIA",/imovel/sala-0-quartos-aluguel-asa-sul-brasilia-df-scs-quadra-08-bloco-b-lotes-50-60-1216906,153725,"ALUGUEL DE SALA DE 2.365² EM BRASÍLIA

ALUGUE SUA LOJA OU SALA NO VENÂNCIO SHOPPING!

Descrição do imóvel:
Área: 2.365,1... 26/08/25",N/A,N/A,N/A,N/A,2365 m²,Asa Sul,https://img.dfimoveis.com.br/fotos/1216906/51d57bfac4fda610e425c5063e304e8b.webp,['https://img.dfimoveis.com.br/fotos/1216906/51d57bfac4fda610e425c5063e304e8b.webp'],Venâncio Shopping,2026-08-30T15:02:30.226761
006b249cfe13,dfimoveis_1375773,"SBS Quadra 2, ASA SUL, BRASILIA",/imovel/sala-0-quartos-aluguel-asa-sul-brasilia-df-sbs-quadra-2-1375773,109912,"Excelente oportunidade de locação na ASA SUL, Brasília: loja e sobreloja comercial com 689m² na Carlton Tower, localizad... 01/07/26",N/A,N/A,N/A,N/A,689 m²,Asa Sul,https://img.dfimoveis.com.br/fotos/1375773/369e38e659fb4dfbcd8fcedb375cdb62.webp,['https://img.dfimoveis.com.br/fotos/1375773/369e38e659fb4dfbcd8fcedb375cdb62.webp'],Grupo Carlton,2026-08-30T15:02:30.229577
05d5d6e63696,dfimoveis_1240760,"SEPN 516 Bloco E, ASA NORTE, BRASILIA",/imovel/sala-0-quartos-aluguel-asa-norte-brasilia-df-sepn-516-bloco-e-1240760,42000,"Sala de 528 m² para aluguel no Edifício Carlton Center, na Asa Norte, Brasília. Localização privilegiada, estrutura mode... 08/10/25",N/A,N/A,N/A,N/A,314 m²,Asa Norte,https://img.dfimoveis.com.br/fotos/1240760/acabc98ae61fb75e49b1186caa67ab2d.webp,['https://img.dfimoveis.com.br/fotos/1240760/acabc98ae61fb75e49b1186caa67ab2d.webp'],Grupo Carlton,2026-08-30T15:02:30.233727
3169dad0fb06,dfimoveis_1351736,"RODOVIA BR 0020 KM 12,5, ALTO DA BOA VISTA, SOBRADINHO",/imovel/casa-condominio-3-quartos-aluguel-alto-da-boa-vista-sobradinho-df-rodovia-br-0020-km-125-1351736,7500,"Imagine viver em uma casa que combina conforto, tecnologia, sustentabilidade e qualidade de vida em um dos condomínios m... 13/05/26",3 Quartos,3 Suítes,N/A,2 Vagas,242 m²,Sobradinho,https://img.dfimoveis.com.br/fotos/1351736/91d30edc79cf7500332366224c7f445e.webp,['https://img.dfimoveis.com.br/fotos/1351736/91d30edc79cf7500332366224c7f445e.webp'],IÉFYRA imóveis e crédito,2026-08-30T15:02:30.236371
31c15cdd0f65,dfimoveis_1361430,"SETOR DE INDUSTRIAS, SOBRADINHO, SOBRADINHO",/imovel/galpo-0-quartos-aluguel-sobradinho-sobradinho-df-setor-de-industrias-1361430,50000,"GALPÃO INDUSTRIAL PARA LOCAÇÃO | SOBRADINHO – DF

Infraestrutura Corporativa de Grande Porte às Margens da BR-020

Exist... 31/05/26",N/A,N/A,N/A,N/A,20000 m²,Sobradinho,https://img.dfimoveis.com.br/fotos/1361430/a05e8c927227b7e681ce80ebf29d3d26.webp,['https://img.dfimoveis.com.br/fotos/1361430/a05e8c927227b7e681ce80ebf29d3d26.webp'],4D Imóveis,2026-08-30T15:02:30.240270
cc946f92215c,dfimoveis_1375580,"SCES Trecho 4, ASA SUL, BRASILIA",/imovel/apartamento-1-quarto-aluguel-asa-sul-brasilia-df-sces-trecho-4-1375580,3600,"Localizado na orla central de Brasília entre o Lago Paranoá e o Clube de Golfe de Brasília, próximo ao CCBB, esplanada d... 01/07/26",1 Quarto,1 Suíte,N/A,1 Vaga,48 m²,Asa Sul,https://img.dfimoveis.com.br/fotos/1375580/80b464dafc9fc46951464ddfdd24b5d2.webp,['https://img.dfimoveis.com.br/fotos/1375580/80b464dafc9fc46951464ddfdd24b5d2.webp'],BONTEMPO IMOBILIÁRIA,2026-08-30T15:02:30.244503
8862176fc8b6,dfimoveis_1362703,"CLN 309 Bloco E, ASA NORTE, BRASILIA",/imovel/sala-0-quartos-aluguel-asa-norte-brasilia-df-cln-309-bloco-e-1362703,1980,"Excelente oportunidade para quem busca praticidade, localização estratégica e valorização garantida.

Localizada no co... 03/06/26",N/A,N/A,N/A,N/A,26 m²,Asa Norte,https://img.dfimoveis.com.br/fotos/1362703/73d7a6359f899d4261ce154cce2f588e.webp,['https://img.dfimoveis.com.br/fotos/1362703/73d7a6359f899d4261ce154cce2f588e.webp'],Pilotis Imóveis,2026-08-30T15:02:30.247303
4e1a47fee43d,dfimoveis_1403550,"SCN Quadra 1 Bloco D, ASA NORTE, BRASILIA",/imovel/ponto-comercial-0-quartos-aluguel-asa-norte-brasilia-df-scn-quadra-1-bloco-d-1403550,90000,"Oportunidade única para grandes empresas: excelente sala corporativa de 1.300 m² totalmente equipada, com piso em carpet... 28/07/26",N/A,N/A,N/A,44 Vagas,1300 m²,Asa Norte,https://img.dfimoveis.com.br/fotos/1403550/c509fca8e70546dfd717ec7d6f0b8a84.webp,['https://img.dfimoveis.com.br/fotos/1403550/c509fca8e70546dfd717ec7d6f0b8a84.webp'],Realiza Corretora de Seguros e Imóveis,2026-08-30T15:02:30.249951
6fec47b4ae22,dfimoveis_1415757,"Rua COPAIBA, NORTE, AGUAS CLARAS",/imovel/apartamento-2-quartos-aluguel-norte-aguas-claras-df-rua-copaiba-1415757,3990,"VILLA153718 - Última atualização: 29/08/26 23:32
Aguas Claras. Rua Copaiba. Oceania Residence. Um resort em Águas Claras... 21/08/26",2 Quartos,1 Suíte,N/A,2 Vagas,63 m²,Águas Claras,https://img.dfimoveis.com.br/fotos/1415757/781d88f70af789ed0448d7edb532a663.webp,['https://img.dfimoveis.com.br/fotos/1415757/781d88f70af789ed0448d7edb532a663.webp'],Conexão Brasília,2026-08-30T15:02:30.252832
f360a007edc0,dfimoveis_1370350,"Avenida Parque Águas Claras, NORTE, AGUAS CLARAS",/imovel/apartamento-3-quartos-aluguel-norte-aguas-claras-df-avenida-parque-aguas-claras-1370350,3500,"Se você procura um imóvel moderno, confortável e pronto para morar, este apartamento mobiliado no Residencial Siena é a ... 18/06/26",3 Quartos,1 Suíte,N/A,1 Vaga,72 m²,Águas Claras,https://img.dfimoveis.com.br/fotos/1370350/7c0b073d7abb3595c308827753379829.webp,['https://img.dfimoveis.com.br/fotos/1370350/7c0b073d7abb3595c308827753379829.webp'],Beiramar Imóveis,2026-08-30T15:02:30.255503
97d1eeafe607,dfimoveis_345711,"Avenida das Araucárias, SUL, AGUAS CLARAS",/imovel/apartamento-2-quartos-aluguel-sul-aguas-claras-df-avenida-das-araucarias-345711,2200,"Solo Empreendimentos Imobiliários Ltda CRECI CJ nº 3314

ÓTIMO Apartamento composto de sala, varanda, 2 quartos com armá... 03/08/21",2 Quartos,N/A,N/A,1 Vaga,80 m²,Águas Claras,https://img.dfimoveis.com.br/fotos/345711/b4b2d5cb0ed0a8de1088ac4aed1d1d66.jpg?format=webp,['https://img.dfimoveis.com.br/fotos/345711/b4b2d5cb0ed0a8de1088ac4aed1d1d66.jpg?format=webp'],Solo Empreendimentos Imobiliários,2026-08-30T15:02:30.259222
76771446c675,dfimoveis_1412615,"Condomínio Residencial Santa Mônica, JARDIM BOTANICO, BRASILIA",/imovel/casa-condominio-4-quartos-aluguel-jardim-botanico-brasilia-df-condominio-residencial-santa-monica-1412615,14000,"Tem casas que não precisam de muitas palavras. 
A vista já diz tudo.
No Condomínio Residencial Santa Mônica, 
no Jardim ... 15/08/26",4 Quartos,3 Suítes,N/A,4 Vagas,331 m²,Jardim Botânico,https://img.dfimoveis.com.br/fotos/1412615/93ce75acf39dad9401d789fb7bbf75cb.webp,['https://img.dfimoveis.com.br/fotos/1412615/93ce75acf39dad9401d789fb7bbf75cb.webp'],Sampaio Negócios Imobiliários,2026-08-30T15:02:30.262715
b9c2f8fb646e,dfimoveis_1349577,"SBS Quadra 2, ASA SUL, BRASILIA",/imovel/prdio-0-quartos-aluguel-asa-sul-brasilia-df-sbs-quadra-2-1349577,247918,"Sala comercial de 1.114m² para locação na SBS Quadra 2, ASA SUL, Brasília. Localização privilegiada, alta praticidade e ... 08/05/26",N/A,N/A,N/A,N/A,1114 m²,Asa Sul,https://img.dfimoveis.com.br/fotos/1349577/89113455ef409cfd5dcbe7572fa1495c.webp,['https://img.dfimoveis.com.br/fotos/1349577/89113455ef409cfd5dcbe7572fa1495c.webp'],Grupo Carlton,2026-08-30T15:02:30.265083
2113c14bc6ae,dfimoveis_1345236,"SHIS QI 15, LAGO SUL, BRASILIA",/imovel/casa-4-quartos-aluguel-lago-sul-brasilia-df-shis-qi-15-1345236,35500,"EXCLUSIVIADADE excelente conjunto na SHIS QI 15 com diferencias na locação; 

Espaço para academia ;

Ótima casa, locali... 30/04/26",5 Quartos,5 Suítes,N/A,7 Vagas,890 m²,Lago Sul,https://img.dfimoveis.com.br/fotos/1345236/037a687ee0e8747d6d336a6743d54300.webp,['https://img.dfimoveis.com.br/fotos/1345236/037a687ee0e8747d6d336a6743d54300.webp'],CM Scarpelo,2026-08-30T15:02:30.267562
2b15970570bb,dfimoveis_1067333,"SHIS QI 25, LAGO SUL, BRASILIA",/imovel/casa-4-quartos-aluguel-lago-sul-brasilia-df-shis-qi-25-1067333,16000,"VILLA149970 - Última atualização: 29/08/26 23:31
DESOCUPANDO

CÓDIGO ANÚNCIO VILLA149970

Bordalo Prime Aluga Casa na QI... 01/11/24",4 Quartos,4 Suítes,N/A,4 Vagas,490 m²,Lago Sul,https://img.dfimoveis.com.br/fotos/1067333/8f9a73e46a8db33d2ee0d910f160177d.jpg?format=webp,['https://img.dfimoveis.com.br/fotos/1067333/8f9a73e46a8db33d2ee0d910f160177d.jpg?format=webp'],Bordalo PRIME Imobiliária ,2026-08-30T15:02:30.270385
495b5851c502,dfimoveis_1369823,"CSG 3, TAGUATINGA SUL, TAGUATINGA",/imovel/apartamento-1-quarto-aluguel-taguatinga-sul-taguatinga-df-csg-3-1369823,2700,Este excelente apartamento de 50m² no renomado condomínio Tagua Life Resort oferece uma estrutura impecável para quem bu... 17/06/26,1 Quarto,N/A,N/A,1 Vaga,50 m²,Taguatinga,https://img.dfimoveis.com.br/fotos/1369823/b07c4fed4885e9b5fbfde98d5fcdb675.webp,['https://img.dfimoveis.com.br/fotos/1369823/b07c4fed4885e9b5fbfde98d5fcdb675.webp'],Beiramar Imóveis,2026-08-30T15:02:30.275190
a1cc7e22714c,dfimoveis_1160654,"Quadra C 12, TAGUATINGA CENTRO, TAGUATINGA",/imovel/loja-0-quartos-aluguel-taguatinga-centro-taguatinga-df-quadra-c-12-1160654,200,"TH32096  - C 12, Paranoa Center, loja comercial para locação, 71m². Agende sua visita!

GRANDE OPORTUNIDADE DE LOCAÇÃO C... 13/05/25",N/A,N/A,N/A,N/A,72 m²,Taguatinga,https://img.dfimoveis.com.br/fotos/1160654/4a4b3a2765b5a0846b9ff4e5694d51d7.webp,['https://img.dfimoveis.com.br/fotos/1160654/4a4b3a2765b5a0846b9ff4e5694d51d7.webp'],Thaís Imobiliária,2026-08-30T15:02:30.278111
89e760a9e009,dfimoveis_1403947,"SQNW 305 Bloco A, NOROESTE, BRASILIA",/imovel/apartamento-2-quartos-aluguel-noroeste-brasilia-df-sqnw-305-bloco-a-1403947,6500,"2 QUARTOS PARA ALUGUEL NO SETOR NOROESTE - EXCELENTE!!
 
Apartamento com planta maravilhosa e aproveitamento dos esp... 29/07/26",2 Quartos,1 Suíte,N/A,1 Vaga,76 m²,Noroeste,https://img.dfimoveis.com.br/fotos/1403947/c2dca4de1608d833c98bfb7ec882493c.webp,['https://img.dfimoveis.com.br/fotos/1403947/c2dca4de1608d833c98bfb7ec882493c.webp'],Ray Carvalho,2026-08-30T15:02:30.280669
7577be31ad37,dfimoveis_1404827,"CRNW 503 Bloco A Lote 1, NOROESTE, BRASILIA",/imovel/apartamento-1-quarto-aluguel-noroeste-brasilia-df-crnw-503-bloco-a-lote-1-1404827,4200,"Kit Semimobiliada no Amaze Noroeste | 35m² | Pronta para Morar

Conforto, praticidade e localização privilegiada no Noro... 30/07/26",1 Quarto,1 Suíte,N/A,1 Vaga,35 m²,Noroeste,https://img.dfimoveis.com.br/fotos/1404827/39e4a499ab2f9edff694bf153630185f.webp,['https://img.dfimoveis.com.br/fotos/1404827/39e4a499ab2f9edff694bf153630185f.webp'],Blend Imobiliária,2026-08-30T15:02:30.283165
c08fb3de8ff1,dfimoveis_1406289,"CCSW 4, SUDOESTE, BRASILIA",/imovel/apartamento-2-quartos-aluguel-sudoeste-brasilia-df-ccsw-4-1406289,3850,"Excelente Apartamento de 2 Quartos no Sudoeste!

Excelente oportunidade de locação no Sudoeste! Apartamento 59m² aconche... 03/08/26",2 Quartos,1 Suíte,N/A,1 Vaga,59 m²,Sudoeste,https://img.dfimoveis.com.br/fotos/1406289/6eea9d80fdfd7cf427c81597dfa05f70.webp,['https://img.dfimoveis.com.br/fotos/1406289/6eea9d80fdfd7cf427c81597dfa05f70.webp'],Paulo Bites,2026-08-30T15:02:30.285768
e211c4121467,dfimoveis_1213773,"CLNW 6/7, NOROESTE, BRASILIA",/imovel/apartamento-1-quarto-aluguel-noroeste-brasilia-df-clnw-6-7-1213773,2800,"Studio mobiliado para locação no Parque Mall & Residence - Noroeste.

Morar no Noroeste é viver em um dos endereços mais... 20/08/25",1 Quarto,N/A,N/A,N/A,40 m²,Noroeste,https://img.dfimoveis.com.br/fotos/1213773/58723f9e4342b98ac165dd0537323812.webp,['https://img.dfimoveis.com.br/fotos/1213773/58723f9e4342b98ac165dd0537323812.webp'],José Martins Soluções Desenvolvimento Imobiliário,2026-08-30T15:02:30.288643
d44b96f475a5,dfimoveis_1155258,"SQS 106 Bloco J, ASA SUL, BRASILIA",/imovel/apartamento-4-quartos-aluguel-asa-sul-brasilia-df-sqs-106-bloco-j-1155258,12000,"SQS 106 Bloco J, Asa Sul - Brasília/DF

4 Suítes | 264m² | Vazado | Vista Livre | Frente para o Eixinho

Descubra este a... 06/05/25",4 Quartos,4 Suítes,N/A,N/A,264 m²,Asa Sul,https://img.dfimoveis.com.br/fotos/1155258/ea125dd9070a54b679780850039d8a03.webp,['https://img.dfimoveis.com.br/fotos/1155258/ea125dd9070a54b679780850039d8a03.webp'],Elo imóveis,2026-08-30T15:02:42.271323
ec4455996cec,dfimoveis_1360734,"SCS Quadra 01 Bloco I Lote 30, ASA SUL, BRASILIA",/imovel/sala-0-quartos-aluguel-asa-sul-brasilia-df-scs-quadra-01-bloco-i-lote-30-1360734,25000,"Conjunto Morro Vermelho
      Exclusivo Mesa™

Convidamos seu escritório a fazer parte do conjunto corporativo mais icôn... 29/05/26",N/A,N/A,N/A,2 Vagas,400 m²,Asa Sul,https://img.dfimoveis.com.br/fotos/1360734/7ec3ee204a08fea3ff12d3ec7eb8c3e6.webp,['https://img.dfimoveis.com.br/fotos/1360734/7ec3ee204a08fea3ff12d3ec7eb8c3e6.webp'],Mesa™,2026-08-30T15:02:42.274087
8eec4b4f88d6,dfimoveis_1417389,"Rodovia DF 240, Km 86   Chácara 45, TAGUATINGA NORTE, TAGUATINGA",/imovel/casa-condominio-2-quartos-aluguel-taguatinga-norte-taguatinga-df-rodovia-df-240-km-86---chacara-45-1417389,1400,"Descubra uma casa confortável e prática para morar na melhor localização de Taguatinga Norte. Situada na Rodovia DF 240,... 24/08/26",2 Quartos,1 Suíte,N/A,N/A,60 m²,Taguatinga,https://img.dfimoveis.com.br/fotos/1417389/5db1ea5b99390e3c9600189225e9f821.webp,['https://img.dfimoveis.com.br/fotos/1417389/5db1ea5b99390e3c9600189225e9f821.webp'],Matheus Gervasio,2026-08-30T15:02:42.277393
c0764c9746bd,dfimoveis_1415813,"QC 7, JARDINS MANGUEIRAL, BRASILIA",/imovel/apartamento-2-quartos-aluguel-jardins-mangueiral-brasilia-df-qc-7-1415813,3100,QC 07 | Jardins dos Tapiris | Apartamento 2 Quartos com Varanda em Blindex e Armários Planejados | IPTU e CONDOMÍNIO inc... 21/08/26,2 Quartos,N/A,N/A,1 Vaga,48 m²,Jardins Mangueiral,https://img.dfimoveis.com.br/fotos/1415813/aa02030b663618eaaa113d283404ffb1.webp,['https://img.dfimoveis.com.br/fotos/1415813/aa02030b663618eaaa113d283404ffb1.webp'],Perazzo Imóveis,2026-08-30T15:02:42.280381
9f5ca5907a04,dfimoveis_1040675,"Rua 19, NORTE, AGUAS CLARAS",/imovel/loja-0-quartos-aluguel-norte-aguas-claras-df-rua-19-1040675,25000,"Loja térrea/vazada com mezanino no Duo Residence Mall, na Rua 19, Norte, Águas Claras, DF. Com espaço amplo de 976,82 m²... 19/09/24",N/A,N/A,N/A,N/A,976 m²,Águas Claras,https://img.dfimoveis.com.br/fotos/1040675/16163ae96f904bd591b1a9975aabf8b0.webp,['https://img.dfimoveis.com.br/fotos/1040675/16163ae96f904bd591b1a9975aabf8b0.webp'],INTTER,2026-08-30T15:02:42.283552
5601a119bd90,dfimoveis_1408837,"C 07 Lote 07//15, TAGUATINGA CENTRO, TAGUATINGA",/imovel/apartamento-3-quartos-aluguel-taguatinga-centro-taguatinga-df-c-07-lote-07--15-1408837,2100,Este excelente e espaçoso apartamento de 90 m² no Condomínio do Edifício Via Del Plaza é a escolha perfeita para quem bu... 08/08/26,3 Quartos,1 Suíte,N/A,1 Vaga,90 m²,Taguatinga,https://img.dfimoveis.com.br/fotos/1408837/384c6de6b6debcea153276b3abdcdd0d.webp,['https://img.dfimoveis.com.br/fotos/1408837/384c6de6b6debcea153276b3abdcdd0d.webp'],Beiramar Imóveis,2026-08-30T15:02:42.287614
ff8a91915860,dfimoveis_1287583,"Rua DAS FIGUEIRAS, NORTE, AGUAS CLARAS",/imovel/galpo-0-quartos-aluguel-norte-aguas-claras-df-rua-das-figueiras-1287583,4250,"Apresente sua marca em um dos endereços mais desejados da região!
Esta loja, localizada no Vista Shopping, oferece o amb... 15/01/26",N/A,N/A,N/A,N/A,43 m²,Águas Claras,https://img.dfimoveis.com.br/fotos/1287583/e65a9a8fec9e0f7ed8c6c21541b855e6.webp,['https://img.dfimoveis.com.br/fotos/1287583/e65a9a8fec9e0f7ed8c6c21541b855e6.webp'],Abritta Inteligência Imobiliária,2026-08-30T15:02:42.290589
9bc8854dd9f8,dfimoveis_1417899,"CCSW 1, SUDOESTE, BRASILIA",/imovel/hotel-flat-1-quarto-aluguel-sudoeste-brasilia-df-ccsw-1-1417899,4400,"Studio com Vista Livre - Enxoval Completo, Internet e Serv. Hotel - Portal Master/sudoeste (106) 

A TOP LINE PRIME, tem... 25/08/26",1 Quarto,1 Suíte,N/A,1 Vaga,26 m²,Sudoeste,https://img.dfimoveis.com.br/fotos/1417899/b7e76f942dc76b3cba1f0a745934ab54.webp,['https://img.dfimoveis.com.br/fotos/1417899/b7e76f942dc76b3cba1f0a745934ab54.webp'],Top line,2026-08-30T15:02:42.293589
e3e59654a87f,dfimoveis_846099,"SEPN 516 Bloco E, ASA NORTE, BRASILIA",/imovel/sala-0-quartos-aluguel-asa-norte-brasilia-df-sepn-516-bloco-e-846099,24379,"Sala com 700m², em excelente localização na Asa Norte
Sala com divisórias em drywall, bem iluminada e ventilada, com vis... 29/09/23",N/A,N/A,N/A,N/A,700 m²,Asa Norte,https://img.dfimoveis.com.br/fotos/846099/6d4391783164f7de5a52a2687053e6a5.jpg?format=webp,['https://img.dfimoveis.com.br/fotos/846099/6d4391783164f7de5a52a2687053e6a5.jpg?format=webp'],Grupo Carlton,2026-08-30T15:02:42.295987
4765e98aebd6,dfimoveis_849043,"SBS Quadra 2, ASA SUL, BRASILIA",/imovel/sala-0-quartos-aluguel-asa-sul-brasilia-df-sbs-quadra-2-849043,72000,"Excelente oportunidade para empresas que buscam um espaço amplo, funcional e com localização estratégica no coração da c... 05/10/23",N/A,N/A,N/A,N/A,480 m²,Asa Sul,https://img.dfimoveis.com.br/fotos/849043/75ee58a1c3cf21e3ee442a10f9ebc121.webp,['https://img.dfimoveis.com.br/fotos/849043/75ee58a1c3cf21e3ee442a10f9ebc121.webp'],Grupo Carlton,2026-08-30T15:02:42.298934
6927435a9e39,dfimoveis_1336725,"QSC 12, TAGUATINGA SUL, TAGUATINGA",/imovel/apartamento-2-quartos-aluguel-taguatinga-sul-taguatinga-df-qsc-12-1336725,2330,"Apartamento de 2 quartos para alugar em Samambaia Sul, perto do metrô, com ótima localização e excelente custo-benefício... 15/04/26",2 Quartos,N/A,N/A,N/A,44 m²,Taguatinga,https://img.dfimoveis.com.br/fotos/1336725/7fa1afda8677f73c52492b1affe96b01.webp,['https://img.dfimoveis.com.br/fotos/1336725/7fa1afda8677f73c52492b1affe96b01.webp'],LUGGO,2026-08-30T15:02:42.302779
43491ef7d717,dfimoveis_1349453,"SBS Quadra 2, ASA SUL, BRASILIA",/imovel/prdio-0-quartos-aluguel-asa-sul-brasilia-df-sbs-quadra-2-1349453,67148,"Loja térrea com 336 m² de área útil, localizada em ponto estratégico da Asa Sul, no Setor Bancário Sul — uma das regiões... 08/05/26",N/A,N/A,N/A,N/A,336 m²,Asa Sul,https://img.dfimoveis.com.br/fotos/1349453/89113455ef409cfd5dcbe7572fa1495c.webp,['https://img.dfimoveis.com.br/fotos/1349453/89113455ef409cfd5dcbe7572fa1495c.webp'],Grupo Carlton,2026-08-30T15:02:42.305330
f0b84a9b3459,dfimoveis_1349530,"SBS Quadra 2, ASA SUL, BRASILIA",/imovel/prdio-0-quartos-aluguel-asa-sul-brasilia-df-sbs-quadra-2-1349530,27600,"Sala comercial ampla com 230m² em vão livre, pronta para receber seu negócio no Carlton Tower, edifício corporativo de a... 08/05/26",N/A,N/A,N/A,N/A,228 m²,Asa Sul,https://img.dfimoveis.com.br/fotos/1349530/664b679d84b31405c4db61503ae6d9a3.webp,['https://img.dfimoveis.com.br/fotos/1349530/664b679d84b31405c4db61503ae6d9a3.webp'],Grupo Carlton,2026-08-30T15:02:42.308347
19170213eb25,dfimoveis_1420217,"SCES Trecho 4, ASA SUL, BRASILIA",/imovel/apartamento-2-quartos-aluguel-asa-sul-brasilia-df-sces-trecho-4-1420217,12000,"Apartamento único, totalmente mobiliado, no condomínio Brisas do Lago, localizado na SCES Trecho 4, ASA SUL, Brasília. 
... 29/08/26",2 Quartos,2 Suítes,N/A,2 Vagas,113 m²,Asa Sul,https://img.dfimoveis.com.br/fotos/1420217/bcdd7dc207414d70d00976a5f8f129d6.webp,['https://img.dfimoveis.com.br/fotos/1420217/bcdd7dc207414d70d00976a5f8f129d6.webp'],Sampaio Negócios Imobiliários,2026-08-30T15:02:42.311452
4824c120095e,dfimoveis_1352515,"SEPN 516 Bloco E, ASA NORTE, BRASILIA",/imovel/prdio-0-quartos-aluguel-asa-norte-brasilia-df-sepn-516-bloco-e-1352515,28000,"nstale sua empresa em um dos endereços mais estratégicos e valorizados de Brasília. Esta sala comercial de 314,43 m², lo... 14/05/26",N/A,N/A,N/A,N/A,314 m²,Asa Norte,https://img.dfimoveis.com.br/fotos/1352515/167dd72b3512953399ccfa19fb3da267.webp,['https://img.dfimoveis.com.br/fotos/1352515/167dd72b3512953399ccfa19fb3da267.webp'],Grupo Carlton,2026-08-30T15:02:42.313870
57aa99b8c81e,dfimoveis_1089864,"SQN 314 Bloco J, ASA NORTE, BRASILIA",/imovel/apartamento-3-quartos-aluguel-asa-norte-brasilia-df-sqn-314-bloco-j-1089864,6300,"?? Apartamento 3 Quartos com Suíte | Asa Norte - Brasília
Localização privilegiada na SQN 314, Bloco J

----------------... 20/12/24",3 Quartos,1 Suíte,N/A,1 Vaga,98 m²,Asa Norte,https://img.dfimoveis.com.br/fotos/1089864/68d6a3d0f2801653f162b21e97bfdab6.webp,['https://img.dfimoveis.com.br/fotos/1089864/68d6a3d0f2801653f162b21e97bfdab6.webp'],Bloco Imob,2026-08-30T15:02:42.316434
80285119ab03,dfimoveis_1341571,"SCN Quadra 01 Bloco A, ASA NORTE, BRASILIA",/imovel/loja-0-quartos-aluguel-asa-norte-brasilia-df-scn-quadra-01-bloco-a-1341571,140000,"Scn quadra 01 lote B, Loja 03 e Lote B Loja 06, Asa Norte
Antiga: Igreja Internacional da Graça de Deus

Excelente lojão... 24/04/26",N/A,N/A,N/A,3 Vagas,890 m²,Asa Norte,https://img.dfimoveis.com.br/fotos/1341571/c71df786c0159be69835e20d7a0f3dcb.webp,['https://img.dfimoveis.com.br/fotos/1341571/c71df786c0159be69835e20d7a0f3dcb.webp'],Paulo Bites,2026-08-30T15:02:42.319730
0f3fc17248ad,dfimoveis_1357279,"Rua 25, NORTE, AGUAS CLARAS",/imovel/apartamento-2-quartos-aluguel-norte-aguas-claras-df-rua-25-1357279,3400,"Se você procura um imóvel moderno, elegante e pronto para morar, este apartamento mobiliado no Residencial Vitali é a es... 22/05/26",2 Quartos,N/A,N/A,1 Vaga,50 m²,Águas Claras,https://img.dfimoveis.com.br/fotos/1357279/d89a37caae029bb8cb7de8bfe439131a.webp,['https://img.dfimoveis.com.br/fotos/1357279/d89a37caae029bb8cb7de8bfe439131a.webp'],Beiramar Imóveis,2026-08-30T15:02:42.322381
920042cfb3aa,dfimoveis_1417458,"Quadra 210, SUL, AGUAS CLARAS",/imovel/apartamento-3-quartos-aluguel-sul-aguas-claras-df-quadra-210-1417458,6000,"MY HOUSE ALUGA - EXCELENTE APARTAMENTO REFORMADO/VAZADO NO RESIDENCIAL MILLENIUM

PARA VOCÊ QUE PROCURA UMA BOA PLANTA E... 24/08/26",3 Quartos,3 Suítes,N/A,2 Vagas,143 m²,Águas Claras,https://img.dfimoveis.com.br/fotos/1417458/95bd6f7c8d4a8337b6dbd718335b4b63.webp,['https://img.dfimoveis.com.br/fotos/1417458/95bd6f7c8d4a8337b6dbd718335b4b63.webp'],My House - Vendas,2026-08-30T15:02:42.325893
88df6e194952,dfimoveis_1404863,"SHIS QL 26, LAGO SUL, BRASILIA",/imovel/casa-4-quartos-aluguel-lago-sul-brasilia-df-shis-ql-26-1404863,30900,"CASA NA QL 26 DO LAGO SUL AO LADO DA PONTE JK

Localizada em uma das regiões mais valorizadas de Brasília, ao lado da Po... 30/07/26",4 Quartos,2 Suítes,N/A,4 Vagas,728 m²,Lago Sul,https://img.dfimoveis.com.br/fotos/1404863/554394be306750ababb895456ff55d82.webp,['https://img.dfimoveis.com.br/fotos/1404863/554394be306750ababb895456ff55d82.webp'],Santiago Imobiliária,2026-08-30T15:02:42.328630
cc50831d1572,dfimoveis_1141142,"CLN 316 Bloco B, ASA NORTE, BRASILIA",/imovel/loja-0-quartos-aluguel-asa-norte-brasilia-df-cln-316-bloco-b-1141142,2200,"CLN 316 BLOCO B - ED. NATHALIA CENTER

Loja comercial em vão livre, de frente e recentemente reformada! 25,45m²

Loja em... 08/04/25",N/A,N/A,N/A,N/A,25 m²,Asa Norte,https://img.dfimoveis.com.br/fotos/1141142/bad960829deadf12d4c73e1329b73d7e.jpg?format=webp,['https://img.dfimoveis.com.br/fotos/1141142/bad960829deadf12d4c73e1329b73d7e.jpg?format=webp'],Elo imóveis,2026-08-30T15:02:42.330962
ebbe20d1b369,dfimoveis_1356041,"SQS 107 Bloco G, ASA SUL, BRASILIA",/imovel/apartamento-2-quartos-aluguel-asa-sul-brasilia-df-sqs-107-bloco-g-1356041,5100,"Localizado em quadra tradicional e valorizada de Brasília, este apartamento une conforto, funcionalidade e toda a pratic... 21/05/26",2 Quartos,1 Suíte,N/A,N/A,121 m²,Asa Sul,https://img.dfimoveis.com.br/fotos/1356041/f8f9975799d13b64d9c67afbf34c27ec.webp,['https://img.dfimoveis.com.br/fotos/1356041/f8f9975799d13b64d9c67afbf34c27ec.webp'],Elo imóveis,2026-08-30T15:02:42.333416
f38d4327412e,dfimoveis_1078765,"CCSW 1, SUDOESTE, BRASILIA",/imovel/apartamento-1-quarto-aluguel-sudoeste-brasilia-df-ccsw-1-1078765,4400,"Apartamento com Vista Livre - Enxoval Completo, Internet e Serv. Hotel - Portal Master/sudoeste (106) 

A TOP LINE PRIME... 27/11/24",1 Quarto,1 Suíte,N/A,1 Vaga,26 m²,Sudoeste,https://img.dfimoveis.com.br/fotos/1078765/e121a9fe3f41dae5d12883f82671d2bc.jpg?format=webp,['https://img.dfimoveis.com.br/fotos/1078765/e121a9fe3f41dae5d12883f82671d2bc.jpg?format=webp'],Top line,2026-08-30T15:02:42.336249
f1beffd126f3,dfimoveis_1405834,"QS 602 Conjunto O, SAMAMBAIA NORTE, SAMAMBAIA",/imovel/galpo-0-quartos-aluguel-samambaia-norte-samambaia-df-qs-602-conjunto-o-1405834,90000,"GALPÃO 602 - SAMAMBAIA | EXCELENTE OPORTUNIDADE PARA LOCAÇÃO

Galpão comercial com localização estratégica em Samambaia,... 02/08/26",N/A,N/A,N/A,N/A,1400 m²,Samambaia,https://img.dfimoveis.com.br/fotos/1405834/4d73cfc545e6389be09c1c69fcfff8c8.webp,['https://img.dfimoveis.com.br/fotos/1405834/4d73cfc545e6389be09c1c69fcfff8c8.webp'],Abritta Inteligência Imobiliária,2026-08-30T15:02:42.338657
6f2f396cb59b,dfimoveis_1405660,"Ville de Montagne, JARDIM BOTANICO, BRASILIA",/imovel/casa-condominio-4-quartos-aluguel-jardim-botanico-brasilia-df-ville-de-montagne-1405660,13750,"A Imobiliária Ville traz com EXCLUSIVIDADE essa MANSÃO PARA LOCAÇÃO MOBILIADA em LOTE DUPLO(VAZADO) com PISCINA , q... 01/08/26",4 Quartos,4 Suítes,N/A,2 Vagas,500 m²,Jardim Botânico,https://img.dfimoveis.com.br/fotos/1405660/6487191bcccbe45a546f896acb23a900.webp,['https://img.dfimoveis.com.br/fotos/1405660/6487191bcccbe45a546f896acb23a900.webp'],Imobiliária Ville,2026-08-30T15:02:42.342033
66873265131f,dfimoveis_1320385,"SEPN 516 Bloco E, ASA NORTE, BRASILIA",/imovel/sala-0-quartos-aluguel-asa-norte-brasilia-df-sepn-516-bloco-e-1320385,28000,"Instale sua empresa em um dos endereços mais estratégicos e valorizados de Brasília. Esta sala comercial de 314,43 m², l... 17/03/26",N/A,N/A,N/A,N/A,314 m²,Asa Norte,https://img.dfimoveis.com.br/fotos/1320385/62416652e1695140b9e96909e55bc16c.webp,['https://img.dfimoveis.com.br/fotos/1320385/62416652e1695140b9e96909e55bc16c.webp'],Grupo Carlton,2026-08-30T15:02:42.344472
7cce6c4f177a,dfimoveis_1408765,"QS 5 Rua 100, AREAL, AGUAS CLARAS",/imovel/apartamento-3-quartos-aluguel-areal-aguas-claras-df-qs-5-rua-100-1408765,4000,"Andreia Oliveira (61) 9 86 09. 73 74

Oportunidade imperdível para quem busca conforto, praticidade e excelente localiza... 08/08/26",3 Quartos,1 Suíte,N/A,N/A,100 m²,Águas Claras,https://img.dfimoveis.com.br/fotos/1408765/fcc56311d025a2e10c93543a47fb3520.webp,['https://img.dfimoveis.com.br/fotos/1408765/fcc56311d025a2e10c93543a47fb3520.webp'],RE/MAX Jota,2026-08-30T15:02:42.346955
ff72525e0b6d,dfimoveis_1355387,"SHLS, ASA SUL, BRASILIA",/imovel/sala-0-quartos-aluguel-asa-sul-brasilia-df-shls-1355387,2390,"NEVES TEIXEIRA IMÓVEIS ALUGA: 

Espetacular sala, com 51m² de área útil, muito bem localizada, no Edifício Medical Cente... 20/05/26",N/A,N/A,N/A,N/A,51 m²,Asa Sul,https://img.dfimoveis.com.br/fotos/1355387/6f7e58c6eb32bd58f230246b0df18c32.webp,['https://img.dfimoveis.com.br/fotos/1355387/6f7e58c6eb32bd58f230246b0df18c32.webp'],Neves Teixeira Imóveis,2026-08-30T15:02:42.349316
7f976a3edf63,dfimoveis_1375468,"Quadra 10 Conjunto 7, VICENTE PIRES, VICENTE PIRES",/imovel/prdio-0-quartos-aluguel-vicente-pires-vicente-pires-df-quadra-10-conjunto-7-1375468,21000,"CLEBER DANTAS ALUGA
EXCLUSIVIDADE 
Prédio Corporativo Inteiro – 1.100 m² próximo ao Taguaparque

Atenção: Imóvel único c... 30/06/26",N/A,N/A,N/A,5 Vagas,1100 m²,Vicente Pires,https://img.dfimoveis.com.br/fotos/1375468/28050f09235e1a9a79d999d855560981.webp,['https://img.dfimoveis.com.br/fotos/1375468/28050f09235e1a9a79d999d855560981.webp'],Cleber Dantas,2026-08-30T15:02:42.352075
a4ab1423e7af,dfimoveis_1198360,"QC 8, JARDINS MANGUEIRAL, BRASILIA",/imovel/apartamento-2-quartos-aluguel-jardins-mangueiral-brasilia-df-qc-8-1198360,3100,"Apartamento Mobiliado no 2º Andar | 2 Quartos | Condomínio Completo | IPTU e Condomínio Inclusos por R$ 3.100,00

Viva c... 18/07/25",2 Quartos,N/A,N/A,1 Vaga,48 m²,Jardins Mangueiral,https://img.dfimoveis.com.br/fotos/1198360/65bfc553af7cda971c69f899ac25efb4.webp,['https://img.dfimoveis.com.br/fotos/1198360/65bfc553af7cda971c69f899ac25efb4.webp'],Perazzo Imóveis,2026-08-30T15:02:42.354597
d2b7bb5905d8,dfimoveis_1402860,"Rua BURITI, SUL, AGUAS CLARAS",/imovel/apartamento-3-quartos-aluguel-sul-aguas-claras-df-rua-buriti-1402860,4300,"Se você procura um imóvel amplo, vazado, bem ventilado e em uma excelente localização, este apartamento no Residencial I... 25/07/26",3 Quartos,1 Suíte,N/A,1 Vaga,83 m²,Águas Claras,https://img.dfimoveis.com.br/fotos/1402860/9fc8cea1d3ac760c06c7c7bfecadb55e.webp,['https://img.dfimoveis.com.br/fotos/1402860/9fc8cea1d3ac760c06c7c7bfecadb55e.webp'],Beiramar Imóveis,2026-08-30T15:02:54.392445
804b3c9db451,dfimoveis_1283855,"SQSW 102 Bloco K, SUDOESTE, BRASILIA",/imovel/apartamento-4-quartos-aluguel-sudoeste-brasilia-df-sqsw-102-bloco-k-1283855,12800,"Apartamento com uma área de 181m²  -  Uma reforma de alto padrão.

Valor do aluguel líquido já com o desconto de pontual... 08/01/26",4 Quartos,2 Suítes,N/A,2 Vagas,181 m²,Sudoeste,https://img.dfimoveis.com.br/fotos/1283855/eb71e2638b9bdfced487319eab7ced61.webp,['https://img.dfimoveis.com.br/fotos/1283855/eb71e2638b9bdfced487319eab7ced61.webp'],Agropar Netimóveis ,2026-08-30T15:02:54.395005
234612b4c005,dfimoveis_1323951,"Setor Eixo Municipal, PARK SUL, BRASILIA",/imovel/galpo-0-quartos-aluguel-park-sul-brasilia-df-setor-eixo-municipal-1323951,9900,"SMAS conjunto D1 Lote com 1.000m2 com 200 m2 de área construída e amplo espaço murado em área descoberta, exelente local... 24/03/26",N/A,N/A,N/A,N/A,1000 m²,Park Sul,https://img.dfimoveis.com.br/fotos/1323951/4e3a0c60cb1ce4add0d6a7fbf33e9510.webp,['https://img.dfimoveis.com.br/fotos/1323951/4e3a0c60cb1ce4add0d6a7fbf33e9510.webp'],MAXIMOB IMOBILIÁRIA,2026-08-30T15:02:54.397328
f5f0fda2d9a7,dfimoveis_1402162,"Quadra 6 Lote C, JARDIM BOTANICO, BRASILIA",/imovel/sala-0-quartos-aluguel-jardim-botanico-brasilia-df-quadra-6-lote-c-1402162,6275,O Leben 225 foi idealizado para atender profissionais da área da saúde e investidores que buscam um empreendimento moder... 24/07/26,N/A,N/A,N/A,N/A,78 m²,Jardim Botânico,https://img.dfimoveis.com.br/fotos/1402162/53ee2389f53497025ba4d743fae0699d.webp,['https://img.dfimoveis.com.br/fotos/1402162/53ee2389f53497025ba4d743fae0699d.webp'],Acontece Imobiliária,2026-08-30T15:02:54.399649
d131ef645cdd,dfimoveis_1403905,"Rua 7, NORTE, AGUAS CLARAS",/imovel/apartamento-3-quartos-aluguel-norte-aguas-claras-df-rua-7-1403905,4900,"Excelente cobertura duplex disponível para locação no Res. Jardim Brasil, na Rua 07 Norte de Águas Claras! 
São 120m2 di... 29/07/26",3 Quartos,2 Suítes,N/A,1 Vaga,120 m²,Águas Claras,https://img.dfimoveis.com.br/fotos/1403905/370a47781efa8d3794b8baa6c7575c68.webp,['https://img.dfimoveis.com.br/fotos/1403905/370a47781efa8d3794b8baa6c7575c68.webp'],Eric Sena,2026-08-30T15:02:54.402299
612e47b8724f,dfimoveis_1106400,"SHIS QI 17, LAGO SUL, BRASILIA",/imovel/casa-4-quartos-aluguel-lago-sul-brasilia-df-shis-qi-17-1106400,43000,"Localizada na nobre área do Lago Sul, esta residência de aproximadamente 1000 m² se integra harmoniosamente ao entorno,... 02/02/25",4 Quartos,2 Suítes,N/A,12 Vagas,950 m²,Lago Sul,https://img.dfimoveis.com.br/fotos/1106400/dfaf0ff5f72fc35a0ad21e297a2920cd.jpg?format=webp,['https://img.dfimoveis.com.br/fotos/1106400/dfaf0ff5f72fc35a0ad21e297a2920cd.jpg?format=webp'],Patricia Frota Imóveis,2026-08-30T15:02:54.404633
02e127b55d85,dfimoveis_985051,"Avenida Pau Brasil, NORTE, AGUAS CLARAS",/imovel/sala-0-quartos-aluguel-norte-aguas-claras-df-avenida-pau-brasil-985051,14000,"CONJUNTO DE 05 SALAS COM 05 VAGAS DE GARAGEM – E-BUSINESS – ÁGUAS CLARAS
 Uma oportunidade única para o seu negócio em ... 07/06/24",N/A,N/A,N/A,5 Vagas,170 m²,Águas Claras,https://img.dfimoveis.com.br/fotos/985051/1fdba0bad3205180597402edf3e4e97f.jpg?format=webp,['https://img.dfimoveis.com.br/fotos/985051/1fdba0bad3205180597402edf3e4e97f.jpg?format=webp'],Plano Imobiliária,2026-08-30T15:02:54.406879
b91e19fe31b3,dfimoveis_1375765,"SBS Quadra 2, ASA SUL, BRASILIA",/imovel/sala-0-quartos-aluguel-asa-sul-brasilia-df-sbs-quadra-2-1375765,42764,"Sala Comercial de 353m² para locação na Carlton Tower, SBS Quadra 2, ASA SUL, Brasília - DF. Localização estratégica com... 01/07/26",N/A,N/A,N/A,N/A,353 m²,Asa Sul,https://img.dfimoveis.com.br/fotos/1375765/593b4f9b46e249ee70f0800914b0b38f.webp,['https://img.dfimoveis.com.br/fotos/1375765/593b4f9b46e249ee70f0800914b0b38f.webp'],Grupo Carlton,2026-08-30T15:02:54.409900
e166b3a06987,dfimoveis_1368740,"SQNW 309 Bloco F, NOROESTE, BRASILIA",/imovel/apartamento-3-quartos-aluguel-noroeste-brasilia-df-sqnw-309-bloco-f-1368740,12000,"Surpreenda-se com este excelente apartamento vazado e de canto no Residencial Villa Lobos, um prédio de alto padrão com ... 14/06/26",3 Quartos,2 Suítes,N/A,4 Vagas,170 m²,Noroeste,https://img.dfimoveis.com.br/fotos/1368740/d918d89359e7575836d6cde31a4cb4fe.webp,['https://img.dfimoveis.com.br/fotos/1368740/d918d89359e7575836d6cde31a4cb4fe.webp'],Leocádia Fernandes,2026-08-30T15:02:54.413123
bd65c4400479,dfimoveis_1317681,"SBS Quadra 2, ASA SUL, BRASILIA",/imovel/loja-0-quartos-aluguel-asa-sul-brasilia-df-sbs-quadra-2-1317681,28066,"Apresentamos uma ampla loja térrea com 140 m² de área útil, ideal para receber diferentes tipos de negócios. O espaço co... 11/03/26",N/A,N/A,N/A,N/A,140 m²,Asa Sul,https://img.dfimoveis.com.br/fotos/1317681/2b14c582e5dce5e8bcb381e4aaa2b416.webp,['https://img.dfimoveis.com.br/fotos/1317681/2b14c582e5dce5e8bcb381e4aaa2b416.webp'],Grupo Carlton,2026-08-30T15:02:54.416033
3a50c60bda4b,dfimoveis_1310174,"AOS 01 Bloco D, OCTOGONAL, BRASILIA",/imovel/apartamento-3-quartos-aluguel-octogonal-brasilia-df-aos-01-bloco-d-1310174,3750,"Octogonal: viver em um condomínio fechado dentro do Plano Piloto na AOS 01

Apartamento com 66,41m², distribuídos em 3 q... 26/02/26",3 Quartos,1 Suíte,N/A,1 Vaga,66 m²,Octogonal,https://img.dfimoveis.com.br/fotos/1310174/a9268b87b5a329b1db17ec6e24719038.webp,['https://img.dfimoveis.com.br/fotos/1310174/a9268b87b5a329b1db17ec6e24719038.webp'],61 Imóveis,2026-08-30T15:02:54.419426
27ef092825e8,dfimoveis_1229356,"SHIS QI 17, LAGO SUL, BRASILIA",/imovel/casa-4-quartos-aluguel-lago-sul-brasilia-df-shis-qi-17-1229356,43000,"VILLA151398 - Última atualização: 29/08/26 23:31
DESOCUPADO

SHIS QI 17 - Lago Sul 

Ideal para escritório ou embaixada.... 17/09/25",4 Quartos,2 Suítes,N/A,12 Vagas,950 m²,Lago Sul,https://img.dfimoveis.com.br/fotos/1229356/029cb73069b185465f6ec77be2a2ef9d.webp,['https://img.dfimoveis.com.br/fotos/1229356/029cb73069b185465f6ec77be2a2ef9d.webp'],Bordalo PRIME Imobiliária ,2026-08-30T15:02:54.421819
156252b64447,dfimoveis_1172587,"SEPN 516 Bloco E, ASA NORTE, BRASILIA",/imovel/sala-0-quartos-aluguel-asa-norte-brasilia-df-sepn-516-bloco-e-1172587,124909,"Excelente oportunidade de locação na ASA NORTE, Brasília. Disponibilizamos uma sala de 2.466 m² no Edifício Carlton Cent... 30/05/25",N/A,N/A,N/A,N/A,2466 m²,Asa Norte,https://img.dfimoveis.com.br/fotos/1172587/cd0fead48683abca302df110baaa42b4.webp,['https://img.dfimoveis.com.br/fotos/1172587/cd0fead48683abca302df110baaa42b4.webp'],Grupo Carlton,2026-08-30T15:02:54.424465
3dc549770372,dfimoveis_1413468,"SHIS QL 16 Conjunto 1, LAGO SUL, BRASILIA",/imovel/casa-4-quartos-aluguel-lago-sul-brasilia-df-shis-ql-16-conjunto-1-1413468,22000,"Em um dos melhores conjuntos da QL 16, esta residência à beira do lago reúne localização privilegiada, amplos espaços e ... 18/08/26",4 Quartos,4 Suítes,N/A,4 Vagas,600 m²,Lago Sul,https://img.dfimoveis.com.br/fotos/1413468/092a0d8ac6ccd16f52bee1902764ae5e.webp,['https://img.dfimoveis.com.br/fotos/1413468/092a0d8ac6ccd16f52bee1902764ae5e.webp'],Marco Real Estate,2026-08-30T15:02:54.427146
70e063de446f,dfimoveis_1001383,"CLN 309 Bloco C, ASA NORTE, BRASILIA",/imovel/sala-0-quartos-aluguel-asa-norte-brasilia-df-cln-309-bloco-c-1001383,864,"* * * OPORTUNIDADE ÚNICA: SALA COMERCIAL * * *

Sala comercial para aluguel na CLN 309 Bloco C, Edifício Manhattan Cente... 04/07/24",N/A,N/A,N/A,N/A,27 m²,Asa Norte,https://img.dfimoveis.com.br/fotos/1001383/77691eb5fc2b558d067b79c0d3f36308.jpg?format=webp,['https://img.dfimoveis.com.br/fotos/1001383/77691eb5fc2b558d067b79c0d3f36308.jpg?format=webp'],INTTER,2026-08-30T15:02:54.429708
332e9c69ad31,dfimoveis_1419496,"Condomínio Residencial Santa Mônica, JARDIM BOTANICO, BRASILIA",/imovel/casa-4-quartos-aluguel-jardim-botanico-brasilia-df-condominio-residencial-santa-monica-1419496,14000,"Casa nova, moderna e pronta para morar, com 331 m² de área construída em um dos condomínios mais procurados do Jardim Bo... 28/08/26",4 Quartos,3 Suítes,N/A,4 Vagas,331 m²,Jardim Botânico,https://img.dfimoveis.com.br/fotos/1419496/02e2b340ae625f45a32d45e5eb14cf3a.webp,['https://img.dfimoveis.com.br/fotos/1419496/02e2b340ae625f45a32d45e5eb14cf3a.webp'],Marco Real Estate,2026-08-30T15:02:54.433387
33bf1cb0c1b7,dfimoveis_1331250,"Condomínio Mansões Serranas, JARDIM BOTANICO, BRASILIA",/imovel/casa-4-quartos-aluguel-jardim-botanico-brasilia-df-condominio-mansoes-serranas-1331250,15000,"Granville aluga casa ampla, com dois pavimentos, ambientes generosos e excelente ventilação natural. Ideal para quem bus... 08/04/26",6 Quartos,1 Suíte,N/A,5 Vagas,900 m²,Jardim Botânico,https://img.dfimoveis.com.br/fotos/1331250/259a8e4bc119c4edb81c622b5d4d15e1.webp,['https://img.dfimoveis.com.br/fotos/1331250/259a8e4bc119c4edb81c622b5d4d15e1.webp'],Granville Negócios Imobiliários,2026-08-30T15:02:54.436395
2a0270afd0a1,dfimoveis_1352484,"SEPN 516 Bloco E, ASA NORTE, BRASILIA",/imovel/prdio-0-quartos-aluguel-asa-norte-brasilia-df-sepn-516-bloco-e-1352484,30000,"Excelente Sala Comercial com 542m² em ótima localização na Asa Norte
Espaço amplo e versátil com vão livre, ideal para e... 14/05/26",N/A,N/A,N/A,N/A,528 m²,Asa Norte,https://img.dfimoveis.com.br/fotos/1352484/66fee7a306d0b054870a0f30a9152cdb.webp,['https://img.dfimoveis.com.br/fotos/1352484/66fee7a306d0b054870a0f30a9152cdb.webp'],Grupo Carlton,2026-08-30T15:02:54.438719
30910acafde0,dfimoveis_1040662,"SQN 211 Bloco I, ASA NORTE, BRASILIA",/imovel/apartamento-2-quartos-aluguel-asa-norte-brasilia-df-sqn-211-bloco-i-1040662,6500,"Aluga-se apartamento novo na Asa Norte, Residencial Betty Bettiol!

A Asa Norte é um lugar que oferece grande facilidade... 19/09/24",2 Quartos,1 Suíte,N/A,2 Vagas,74 m²,Asa Norte,https://img.dfimoveis.com.br/fotos/1040662/55924a13046707164d22fc5cc28e3ee8.jpg?format=webp,['https://img.dfimoveis.com.br/fotos/1040662/55924a13046707164d22fc5cc28e3ee8.jpg?format=webp'],Igor Guadanhim,2026-08-30T15:02:54.442961
6325588edd9f,dfimoveis_1249220,"Avenida Buritís Quadra 404, RECANTO DAS EMAS, RECANTO DAS EMAS",/imovel/ponto-comercial-0-quartos-aluguel-recanto-das-emas-recanto-das-emas-df-avenida-buritis-quadra-404-1249220,1800,"LOJA COMERCIAL PARA LOCAÇÃO  RECANTO DAS EMAS  AVENIDA BURITIS  QUADRA 404

Está procurando o espaço ideal para abrir ou... 23/10/25",N/A,N/A,N/A,N/A,42 m²,Recanto das Emas,https://img.dfimoveis.com.br/fotos/1249220/c97f430b0c6832a0748061676d65f444.webp,['https://img.dfimoveis.com.br/fotos/1249220/c97f430b0c6832a0748061676d65f444.webp'],Re/Max Inovelar,2026-08-30T15:02:54.445890
4bb2acc8ade0,dfimoveis_1352497,"SGAN 911 Módulo G , ASA NORTE, BRASILIA",/imovel/kitnet-1-quarto-aluguel-asa-norte-brasilia-df-sgan-911-modulo-g--1352497,2450,"VALOR CONDOMÍNIO: R$ 450,00
VALOR IPTU/TLP 2026: R$ 190,00 | CADA PARCELA

Kitnet funcional e bem distribuída, ideal par... 14/05/26",1 Quarto,1 Suíte,N/A,1 Vaga,25 m²,Asa Norte,https://img.dfimoveis.com.br/fotos/1352497/7c6d32230f4a6678cdf52ddf878dee18.webp,['https://img.dfimoveis.com.br/fotos/1352497/7c6d32230f4a6678cdf52ddf878dee18.webp'],KZABSB IMOBILIARIA,2026-08-30T15:02:54.448281
afce741bc064,dfimoveis_1397449,"SAAN Quadra 1, SAAN, SETOR INDUSTRIAL",/imovel/lote-terreno-rea-0-quartos-aluguel-saan-setor-industrial-df-saan-quadra-1-1397449,19900,"SAAN QD 01 -  LOTE COM GALPÃO RECÉM REFORMADO, ONDE INCLUI UMA ÁREA DE GARAGEM E ESCRITÓRIOS. 

LUGAR PERFEITO PARA MONT... 16/07/26",N/A,N/A,N/A,N/A,1800 m²,Setor Industrial,https://img.dfimoveis.com.br/fotos/1397449/44307fc7f2d07b39a2807e8fce4020d7.webp,['https://img.dfimoveis.com.br/fotos/1397449/44307fc7f2d07b39a2807e8fce4020d7.webp'],Pilotis Imóveis,2026-08-30T15:02:54.450571
0c071e893c73,dfimoveis_1152609,"QR 310 Conjunto 5 A, SAMAMBAIA SUL, SAMAMBAIA",/imovel/apartamento-2-quartos-aluguel-samambaia-sul-samambaia-df-qr-310-conjunto-5-a-1152609,1450,"Descubra o equilíbrio ideal entre conforto e praticidade neste charmoso apartamento de 2 quartos, localizado em uma das ... 29/04/25",2 Quartos,N/A,N/A,1 Vaga,50 m²,Samambaia,https://img.dfimoveis.com.br/fotos/1152609/98e0f2ababf62c3d0ef1ca218a9f05ae.webp,['https://img.dfimoveis.com.br/fotos/1152609/98e0f2ababf62c3d0ef1ca218a9f05ae.webp'],Beiramar Imóveis,2026-08-30T15:02:54.453202
3fe0b46e2982,dfimoveis_1224095,"SIA Trecho 3, SIA, SETOR INDUSTRIAL",/imovel/galpo-0-quartos-aluguel-sia-setor-industrial-df-sia-trecho-3-1224095,110000,"Galpão Logístico.  Locação ou Venda no STRC Trecho 3. 
Oportunidade única no Setor Industrial/DF: Galpão de alto padrão ... 05/09/25",N/A,N/A,N/A,17 Vagas,4943 m²,Setor Industrial,https://img.dfimoveis.com.br/fotos/1224095/9f501b008cc0c7282cbd0849c405f292.webp,['https://img.dfimoveis.com.br/fotos/1224095/9f501b008cc0c7282cbd0849c405f292.webp'],Portto Imóveis,2026-08-30T15:02:54.455550
b8cabfa0791a,dfimoveis_1345267,"SHIS QL 12, LAGO SUL, BRASILIA",/imovel/casa-4-quartos-aluguel-lago-sul-brasilia-df-shis-ql-12-1345267,40000,"Uma casa de Milton Ramos. O resto é endereço.

Casa com 5 suítes para locação na SHIS QL 12, Lago Sul - Brasília.

5 exp... 30/04/26",5 Quartos,5 Suítes,N/A,4 Vagas,628 m²,Lago Sul,https://img.dfimoveis.com.br/fotos/1345267/665416837c7e55713ed48e8126bd6f54.webp,['https://img.dfimoveis.com.br/fotos/1345267/665416837c7e55713ed48e8126bd6f54.webp'],Fabíola Bruno,2026-08-30T15:02:54.458697
bfb72feefaf6,dfimoveis_1349483,"SBS Quadra 2, ASA SUL, BRASILIA",/imovel/prdio-0-quartos-aluguel-asa-sul-brasilia-df-sbs-quadra-2-1349483,19700,"Excelente oportunidade para instalar o seu negócio no coração da Asa Sul. Esta loja térrea conta com 99 m² de área útil,... 08/05/26",N/A,N/A,N/A,N/A,99 m²,Asa Sul,https://img.dfimoveis.com.br/fotos/1349483/f7340e872a286c96f6243fa78303736d.webp,['https://img.dfimoveis.com.br/fotos/1349483/f7340e872a286c96f6243fa78303736d.webp'],Grupo Carlton,2026-08-30T15:02:54.461414
d80a79e9ad1e,dfimoveis_1357069,"Área Especial 6/8, OCTOGONAL, BRASILIA",/imovel/loja-0-quartos-aluguel-octogonal-brasilia-df-area-especial-6-8-1357069,3500,"OPORTUNIDADE DE LOCAÇÃO NA OCTOGONAL 
LOJA DE SUBSOLO NA AOS 06/08 BLOCO B
Espaço ideal para quem busca montar ou expand... 22/05/26",N/A,N/A,N/A,N/A,54 m²,Octogonal,https://img.dfimoveis.com.br/fotos/1357069/a350f0ad89f6e2f304f475e3dc564253.webp,['https://img.dfimoveis.com.br/fotos/1357069/a350f0ad89f6e2f304f475e3dc564253.webp'],Paulo Alencar Imóveis,2026-08-30T15:02:54.463728
5de58d65b85b,dfimoveis_944001,"SHN Quadra 1, ASA NORTE, BRASILIA",/imovel/sala-0-quartos-aluguel-asa-norte-brasilia-df-shn-quadra-1-944001,21060,"FUTURA NEGÓCIOS IMOBILIÁRIOS disponibiliza para LOCAÇÃO:

Excelente espaço corporativo com 351m² com 8 Vagas de Garagem ... 22/03/24",N/A,N/A,N/A,7 Vagas,351 m²,Asa Norte,https://img.dfimoveis.com.br/fotos/944001/f279421c7d375030fd3af58f2d533549.jpg?format=webp,['https://img.dfimoveis.com.br/fotos/944001/f279421c7d375030fd3af58f2d533549.jpg?format=webp'],Futura Negócios Imobiliários,2026-08-30T15:02:54.466030
e37841319525,dfimoveis_1383061,"Quadra 101, NORTE, AGUAS CLARAS",/imovel/apartamento-3-quartos-aluguel-norte-aguas-claras-df-quadra-101-1383061,3500,"TOP LINE PRIME APRESENTA

Apartamento Mobiliado de Alto Padrão | Spazio Bella Vita – Águas Claras/DF

Exclusividade, con... 10/07/26",3 Quartos,1 Suíte,N/A,1 Vaga,63 m²,Águas Claras,https://img.dfimoveis.com.br/fotos/1383061/31dbf0089c5193bff2218c730f3cf25b.webp,['https://img.dfimoveis.com.br/fotos/1383061/31dbf0089c5193bff2218c730f3cf25b.webp'],Top line,2026-08-30T15:02:54.471412
28fdea443abe,dfimoveis_1417509,"SGCV Lote 27, PARK SUL, BRASILIA",/imovel/apartamento-2-quartos-aluguel-park-sul-brasilia-df-sgcv-lote-27-1417509,7800,"A Bontempo Imobiliária disponibiliza com exclusividade para locação apartamento reformado com 2 suítes, reformado e mobi... 25/08/26",2 Quartos,2 Suítes,N/A,1 Vaga,70 m²,Park Sul,https://img.dfimoveis.com.br/fotos/1417509/31b662e9b98bbfe5331edc50144693db.webp,['https://img.dfimoveis.com.br/fotos/1417509/31b662e9b98bbfe5331edc50144693db.webp'],BONTEMPO IMOBILIÁRIA,2026-08-30T15:02:54.476128
e470a17157cb,dfimoveis_1375784,"SBS Quadra 2, ASA SUL, BRASILIA",/imovel/sala-0-quartos-aluguel-asa-sul-brasilia-df-sbs-quadra-2-1375784,137512,"Sala comercial de 917 m² para locação no Carlton Tower, localizado na SBS Quadra 2, ASA SUL, Brasília. Com excelente vis... 01/07/26",N/A,N/A,N/A,N/A,917 m²,Asa Sul,https://img.dfimoveis.com.br/fotos/1375784/6c1e49c1957f906b0e223e1255f52296.webp,['https://img.dfimoveis.com.br/fotos/1375784/6c1e49c1957f906b0e223e1255f52296.webp'],Grupo Carlton,2026-08-30T15:03:06.587249
0810e33d08db,dfimoveis_1185466,"Quadra 7, SETOR INDUSTRIAL, GAMA",/imovel/galpo-0-quartos-aluguel-setor-industrial-gama-df-quadra-7-1185466,4950,"Alugue já este incrível espaço comercial de 300,00 m2, contendo salas amplas e perfeitas para o seu negócio! 

Localizad... 20/06/25",N/A,N/A,N/A,N/A,300 m²,Gama,https://img.dfimoveis.com.br/fotos/1185466/ad48f0878f273bfe5673a4fa315394e4.webp,['https://img.dfimoveis.com.br/fotos/1185466/ad48f0878f273bfe5673a4fa315394e4.webp'],BSB Imóveis,2026-08-30T15:03:06.589583
15926cc299bb,dfimoveis_846128,"SEPN 516 Bloco E, ASA NORTE, BRASILIA",/imovel/sala-0-quartos-aluguel-asa-norte-brasilia-df-sepn-516-bloco-e-846128,30000,"Excelente Sala Comercial com 542m² em ótima localização na Asa Norte
Espaço amplo e versátil com vão livre, ideal para e... 29/09/23",N/A,N/A,N/A,N/A,528 m²,Asa Norte,https://img.dfimoveis.com.br/fotos/846128/fc72fd8a151ecea4d9814195362e7b58.jpg?format=webp,['https://img.dfimoveis.com.br/fotos/846128/fc72fd8a151ecea4d9814195362e7b58.jpg?format=webp'],Grupo Carlton,2026-08-30T15:03:06.592844
9bf7d9e3f550,dfimoveis_529946,"Avenida Parque Águas Claras, NORTE, AGUAS CLARAS",/imovel/apartamento-3-quartos-aluguel-norte-aguas-claras-df-avenida-parque-aguas-claras-529946,3500,"Excelente apartamento composto de sala em L com varanda, 3 quartos sendo 1 suíte, 1 banheiro social, 1 banheiro de servi... 20/05/22",3 Quartos,1 Suíte,1,1 Vaga,90 m²,Águas Claras,https://img.dfimoveis.com.br/fotos/529946/3d74efd9c2c7b4c0ba147d2bd3d12291.jpg?format=webp,['https://img.dfimoveis.com.br/fotos/529946/3d74efd9c2c7b4c0ba147d2bd3d12291.jpg?format=webp'],Solo Empreendimentos Imobiliários,2026-08-30T15:03:06.600448
47c1c602e10e,dfimoveis_1066130,"Rua 12, NORTE, AGUAS CLARAS",/imovel/sala-0-quartos-aluguel-norte-aguas-claras-df-rua-12-1066130,9000,"RUA 12 NORTE AGUAS CLARAS - SALA CORPORATIVA 151M² COM 2 VAGAS PRIVATIVAS

ALUGUE! 

Grande oportunidade! Excelente sala... 30/10/24",N/A,N/A,N/A,2 Vagas,151 m²,Águas Claras,https://img.dfimoveis.com.br/fotos/1066130/f48e838f721df3cfd24a68473771ae37.jpg?format=webp,['https://img.dfimoveis.com.br/fotos/1066130/f48e838f721df3cfd24a68473771ae37.jpg?format=webp'],Empreendimentos Brasília,2026-08-30T15:03:06.602848
e75b7dedfdb0,dfimoveis_1350960,"SQN 208, ASA NORTE, BRASILIA",/imovel/apartamento-4-quartos-aluguel-asa-norte-brasilia-df-sqn-208-1350960,9000,"APARTAMENTO MODERNO NA SQN 208 BLOCO J, PRÉDIO NOVO DE ALTO PADRÃO!

BSB HOUSE IMÓVEIS ALUGA COM EXCLUSIVIDADE:

EXCELEN... 12/05/26",4 Quartos,3 Suítes,N/A,2 Vagas,129 m²,Asa Norte,https://img.dfimoveis.com.br/fotos/1350960/1c1bba93350990b78a914504f5cecd80.webp,['https://img.dfimoveis.com.br/fotos/1350960/1c1bba93350990b78a914504f5cecd80.webp'],BSB House Imóveis,2026-08-30T15:03:06.605221
2cd0ee5a156a,dfimoveis_1161687,"ADE Conjunto 04, ADE, AGUAS CLARAS",/imovel/prdio-0-quartos-aluguel-ade-aguas-claras-df-ade-conjunto-04-1161687,600,"TH26073 - ADE Conjunto 04, Prédio comercial. Excelente oportunidade, agende a sua visita!

APROVEITA A OFERTA IMPERDÍVEL... 13/05/25",N/A,N/A,N/A,N/A,286 m²,Águas Claras,https://img.dfimoveis.com.br/fotos/1161687/63a353b590fbb181c91c841fb935236f.webp,['https://img.dfimoveis.com.br/fotos/1161687/63a353b590fbb181c91c841fb935236f.webp'],Thaís Imobiliária,2026-08-30T15:03:06.608001
887e27a32a36,dfimoveis_1411031,"SHTN, ASA NORTE, BRASILIA",/imovel/hotel-flat-1-quarto-aluguel-asa-norte-brasilia-df-shtn-1411031,5990,"Descubra um apartamento confortável e bem localizado no coração de Brasília. Situado na SHTN, ASA NORTE, no Edifício Gol... 12/08/26",1 Quarto,1 Suíte,N/A,1 Vaga,61 m²,Asa Norte,https://img.dfimoveis.com.br/fotos/1411031/841f878dea887f92b7064ca648c46ed7.webp,['https://img.dfimoveis.com.br/fotos/1411031/841f878dea887f92b7064ca648c46ed7.webp'],Victor Menezes,2026-08-30T15:03:06.610987
0ff4fabf45e7,dfimoveis_1412179,"SHIS QI 26, LAGO SUL, BRASILIA",/imovel/casa-3-quartos-aluguel-lago-sul-brasilia-df-shis-qi-26-1412179,22000,"VILLA153695 - Última atualização: 29/08/26 23:31
BORDALO PRIME APRESENTA  CASA NA QI 26  LAGO SUL 

Exclusividade, sofis... 15/08/26",3 Quartos,1 Suíte,N/A,2 Vagas,350 m²,Lago Sul,https://img.dfimoveis.com.br/fotos/1412179/69019fc29aa3834597d1f3fb64736269.webp,['https://img.dfimoveis.com.br/fotos/1412179/69019fc29aa3834597d1f3fb64736269.webp'],Bordalo PRIME Imobiliária ,2026-08-30T15:03:06.614077
ef5529cbba2c,dfimoveis_1366835,"SBS Quadra 2, ASA SUL, BRASILIA",/imovel/prdio-0-quartos-aluguel-asa-sul-brasilia-df-sbs-quadra-2-1366835,15061,"Sala Comercial de 124m² para Locação no Carlton Tower, SBS Quadra 2, ASA SUL, Brasília. Localização privilegiada, com vi... 10/06/26",N/A,N/A,N/A,N/A,124 m²,Asa Sul,https://img.dfimoveis.com.br/fotos/1366835/5bf571096513a90eb41fd957e3e26cd8.webp,['https://img.dfimoveis.com.br/fotos/1366835/5bf571096513a90eb41fd957e3e26cd8.webp'],Grupo Carlton,2026-08-30T15:03:06.619971
ba3211c5a1fa,dfimoveis_1327027,"SQSW 500 Bloco A, SUDOESTE, BRASILIA",/imovel/apartamento-4-quartos-aluguel-sudoeste-brasilia-df-sqsw-500-bloco-a-1327027,18950,"Kontá Imóveis: Perto de você!

DIA e HORÁRIO para agendamento das visitas: segunda à sexta, das 9h às 18h.

Uma oportuni... 31/03/26",4 Quartos,4 Suítes,N/A,4 Vagas,210 m²,Sudoeste,https://img.dfimoveis.com.br/fotos/1327027/d6952cc99178dc9670425272de75ac85.webp,['https://img.dfimoveis.com.br/fotos/1327027/d6952cc99178dc9670425272de75ac85.webp'],Kontá Imóveis ,2026-08-30T15:03:06.622787
724dc91fb51d,dfimoveis_1329081,"QE 13 Conjunto H, GUARA II, GUARA",/imovel/sala-0-quartos-aluguel-guara-ii-guara-df-qe-13-conjunto-h-1329081,2200,"TH34925  - Qe 13 Guará, Ótima Sala, 26m². Agende sua visita!  

Ótima sala com 26,16m², em vão livre, oferecendo versati... 02/04/26",N/A,N/A,N/A,N/A,26 m²,Guará,https://img.dfimoveis.com.br/fotos/1329081/4852a06ccfee8942ad8321382b0ed20e.webp,['https://img.dfimoveis.com.br/fotos/1329081/4852a06ccfee8942ad8321382b0ed20e.webp'],Thaís Imobiliária,2026-08-30T15:03:06.625814
a1031b24bffb,dfimoveis_1238016,"Quadra 101, RECANTO DAS EMAS, RECANTO DAS EMAS",/imovel/loja-0-quartos-aluguel-recanto-das-emas-recanto-das-emas-df-quadra-101-1238016,2000,"Rodovia Br 060 |  Loja comercial, 17m² no Recanto das Emas/DF

Excelente sala comercial de 17m², com banheiro privativo.... 02/10/25",N/A,N/A,N/A,N/A,17 m²,Recanto das Emas,https://img.dfimoveis.com.br/fotos/1238016/f5a4ff30a3c8eecfac24a1817ba26d56.webp,['https://img.dfimoveis.com.br/fotos/1238016/f5a4ff30a3c8eecfac24a1817ba26d56.webp'],Thaís Imobiliária,2026-08-30T15:03:06.629011
0853b6e53d19,dfimoveis_1349601,"SEPN 516 Bloco E, ASA NORTE, BRASILIA",/imovel/prdio-0-quartos-aluguel-asa-norte-brasilia-df-sepn-516-bloco-e-1349601,24379,"Sala com 700m², em excelente localização na Asa Norte
Sala com divisórias em drywall, bem iluminada e ventilada, com vis... 08/05/26",N/A,N/A,N/A,N/A,700 m²,Asa Norte,https://img.dfimoveis.com.br/fotos/1349601/83105bfd73c7f2340bf92a3504787067.webp,['https://img.dfimoveis.com.br/fotos/1349601/83105bfd73c7f2340bf92a3504787067.webp'],Grupo Carlton,2026-08-30T15:03:06.631319
34e84c8250b9,dfimoveis_1189049,"SCRN 712/713 Bloco H, ASA NORTE, BRASILIA",/imovel/ponto-comercial-0-quartos-aluguel-asa-norte-brasilia-df-scrn-712-713-bloco-h-1189049,6000,"Amplo ponto comercial para locação na Asa Norte  242 m² | Excelente localização proximo a W3 Norte

Descubra a oportunid... 28/06/25",N/A,N/A,N/A,N/A,242 m²,Asa Norte,https://img.dfimoveis.com.br/fotos/1189049/67746170c298047a7422ea29cbb1fee2.webp,['https://img.dfimoveis.com.br/fotos/1189049/67746170c298047a7422ea29cbb1fee2.webp'],RE/MAX Pater,2026-08-30T15:03:06.633538
f42a7c1151c1,dfimoveis_751320,"QC 13, JARDINS MANGUEIRAL, BRASILIA",/imovel/apartamento-2-quartos-aluguel-jardins-mangueiral-brasilia-df-qc-13-751320,3200,"Excelente Apartamento Rico em Armários Planejados e Semi-mobiliado nos Jardins dos Buritis por R$ 3.200,00 TAXA DE CONDO... 12/06/25",2 Quartos,N/A,N/A,N/A,48 m²,Jardins Mangueiral,https://img.dfimoveis.com.br/fotos/751320/4c063cf62c4bfde2dfd6b9b7ff6bf170.webp,['https://img.dfimoveis.com.br/fotos/751320/4c063cf62c4bfde2dfd6b9b7ff6bf170.webp'],Perazzo Imóveis,2026-08-30T15:03:06.636185
73e762687ae3,dfimoveis_1410993,"SRTVN Bloco C Conjunto, ASA NORTE, BRASILIA",/imovel/sala-0-quartos-aluguel-asa-norte-brasilia-df-srtvn-bloco-c-conjunto-1410993,1100,"SALA COMERCIAL PARA LOCAÇÃO EM EXCELENTE LOCALIZAÇÃO.
Sala comercial de 38m² no Centro Empresarial Norte, em localização... 12/08/26",N/A,N/A,N/A,N/A,38 m²,Asa Norte,https://img.dfimoveis.com.br/fotos/1410993/46c3cfae5bf93e53e8b7817ca07e21ac.webp,['https://img.dfimoveis.com.br/fotos/1410993/46c3cfae5bf93e53e8b7817ca07e21ac.webp'],DOMMA IMOB,2026-08-30T15:03:06.638538
3a2760a1324f,dfimoveis_1404754,"Rua BURITI, NORTE, AGUAS CLARAS",/imovel/apartamento-3-quartos-aluguel-norte-aguas-claras-df-rua-buriti-1404754,2700,"Este excelente apartamento de 77,80 m² no Residencial Buriti oferece a combinação perfeita entre espaço, modernidade e u... 30/07/26",3 Quartos,N/A,N/A,N/A,78 m²,Águas Claras,https://img.dfimoveis.com.br/fotos/1404754/48cb8ab8e512070e594b7c24077babc4.webp,['https://img.dfimoveis.com.br/fotos/1404754/48cb8ab8e512070e594b7c24077babc4.webp'],Beiramar Imóveis,2026-08-30T15:03:06.641506
2df44f96fc3a,dfimoveis_493882,"CCSW 1, SUDOESTE, BRASILIA",/imovel/kitnet-1-quarto-aluguel-sudoeste-brasilia-df-ccsw-1-493882,4400,"Studio com Vista Livre - Enxoval Completo, Internet e Serv. Hotel - Portal Master/sudoeste (106) 

A TOP LINE PRIME, tem... 25/03/22",1 Quarto,1 Suíte,N/A,1 Vaga,26 m²,Sudoeste,https://img.dfimoveis.com.br/fotos/493882/27c92b4cedc38beab51c65dafc0fa74d.jpg?format=webp,['https://img.dfimoveis.com.br/fotos/493882/27c92b4cedc38beab51c65dafc0fa74d.jpg?format=webp'],Top line,2026-08-30T15:03:06.644518
92fa4a465da9,dfimoveis_1319492,"QS 118 Conjunto 5, SAMAMBAIA SUL, SAMAMBAIA",/imovel/loja-0-quartos-aluguel-samambaia-sul-samambaia-df-qs-118-conjunto-5-1319492,2000,"TH34769 - Qs 118 Samambaia, Excelente Loja, 100m². Agende sua visita!  

Aproveite o desconto escalonado para melhor ada... 14/03/26",N/A,N/A,N/A,N/A,100 m²,Samambaia,https://img.dfimoveis.com.br/fotos/1319492/1d23345200b69259047566719cc19e3f.webp,['https://img.dfimoveis.com.br/fotos/1319492/1d23345200b69259047566719cc19e3f.webp'],Thaís Imobiliária,2026-08-30T15:03:06.646836
f3264be5fbf5,dfimoveis_1179392,"EQS 114/115, ASA SUL, BRASILIA",/imovel/sala-0-quartos-aluguel-asa-sul-brasilia-df-eqs-114-115-1179392,3200,"EQS 114/115| Asa Sul - Sala Comercial Edifício Casablanca II.Com uma área privativa de 34,80 m² e 2 lavabos, este espaço... 10/06/25",N/A,N/A,N/A,N/A,35 m²,Asa Sul,https://img.dfimoveis.com.br/fotos/1179392/d554c14aa19b2262b061031baf738bdf.webp,['https://img.dfimoveis.com.br/fotos/1179392/d554c14aa19b2262b061031baf738bdf.webp'],Aguiar de Vasconcelos ,2026-08-30T15:03:06.649080
ab6d13f7c327,dfimoveis_1029413,"CCSW 1, SUDOESTE, BRASILIA",/imovel/kitnet-1-quarto-aluguel-sudoeste-brasilia-df-ccsw-1-1029413,4500,"Nova Kit Flat  Vista Livre - Enxoval Completo, Serv. De Hotel - Portal Master/sudoeste (104)

A TOP LINE PRIME tem orgul... 26/08/24",1 Quarto,1 Suíte,N/A,1 Vaga,26 m²,Sudoeste,https://img.dfimoveis.com.br/fotos/1029413/b117ab96ba95951c9d856f2a05a3026d.jpg?format=webp,['https://img.dfimoveis.com.br/fotos/1029413/b117ab96ba95951c9d856f2a05a3026d.jpg?format=webp'],Top line,2026-08-30T15:03:06.651727
76fbf4543f8c,dfimoveis_1140189,"SCS Quadra 04 Bloco A Lote 169, ASA SUL, BRASILIA",/imovel/sala-0-quartos-aluguel-asa-sul-brasilia-df-scs-quadra-04-bloco-a-lote-169-1140189,5000,"Acesso principal por porta de blindex, com hall de circulação. O imóvel dispõe de 2 banheiros (masculino e feminino), ca... 05/04/25",N/A,N/A,2,1 Vaga,430 m²,Asa Sul,https://img.dfimoveis.com.br/fotos/1140189/48e9010c596e6f56d0a25ad31665179b.webp,['https://img.dfimoveis.com.br/fotos/1140189/48e9010c596e6f56d0a25ad31665179b.webp'],Elo imóveis,2026-08-30T15:03:06.654676
f4a987c709fa,dfimoveis_1193822,"SMPW Quadra 8 Conjunto 4, PARK WAY, BRASILIA",/imovel/casa-4-quartos-aluguel-park-way-brasilia-df-smpw-quadra-8-conjunto-4-1193822,13000,A J. Fleury apresenta uma residência de alto padrão que define o conceito de viver com sofisticação e conforto absoluto!... 09/07/25,5 Quartos,4 Suítes,N/A,4 Vagas,807 m²,Park Way,https://img.dfimoveis.com.br/fotos/1193822/d6afe90871dbe5e2921af833745981a2.webp,['https://img.dfimoveis.com.br/fotos/1193822/d6afe90871dbe5e2921af833745981a2.webp'],J Fleury ,2026-08-30T15:03:06.657495
7c0421d49c33,dfimoveis_1283984,"SHIS QL 2 Conjunto 2, LAGO SUL, BRASILIA",/imovel/casa-4-quartos-aluguel-lago-sul-brasilia-df-shis-ql-2-conjunto-2-1283984,16000,"Casa com 4 Quartos – SHIS QL 2 Conjunto 2 – Lago Sul

Localizada em uma das regiões mais tradicionais e valorizadas de B... 08/01/26",4 Quartos,2 Suítes,N/A,4 Vagas,375 m²,Lago Sul,https://img.dfimoveis.com.br/fotos/1283984/92687716c914463c4fe356a35560dd2f.webp,['https://img.dfimoveis.com.br/fotos/1283984/92687716c914463c4fe356a35560dd2f.webp'],Alladyno imóveis,2026-08-30T15:03:06.660732
c8f0afd25c45,dfimoveis_1349546,"SBS Quadra 2, ASA SUL, BRASILIA",/imovel/prdio-0-quartos-aluguel-asa-sul-brasilia-df-sbs-quadra-2-1349546,72000,"Excelente oportunidade para empresas que buscam um espaço amplo, funcional e com localização estratégica no coração da c... 08/05/26",N/A,N/A,N/A,N/A,480 m²,Asa Sul,https://img.dfimoveis.com.br/fotos/1349546/02283bfce17c8b03ffa713bb512e5ad7.webp,['https://img.dfimoveis.com.br/fotos/1349546/02283bfce17c8b03ffa713bb512e5ad7.webp'],Grupo Carlton,2026-08-30T15:03:06.663051
740d9068a6c6,dfimoveis_1374020,"SMAS Trecho 1 C, PARK SUL, BRASILIA",/imovel/apartamento-2-quartos-aluguel-park-sul-brasilia-df-smas-trecho-1-c-1374020,4900,"Urbanic Imóveis aluga

Aqui tudo é rápido e sem burocracia Aprovação mediante a análise de cadastro 
 Pensando em sua co... 26/06/26",2 Quartos,1 Suíte,N/A,1 Vaga,64 m²,Park Sul,https://img.dfimoveis.com.br/fotos/1374020/dab9cba8a6c250fefcc32e1956ce2de9.webp,['https://img.dfimoveis.com.br/fotos/1374020/dab9cba8a6c250fefcc32e1956ce2de9.webp'],Urbanic Imóveis,2026-08-30T15:03:06.665518
22a1a03168b9,dfimoveis_1402097,"QRSW 3 Bloco A 5, SUDOESTE, BRASILIA",/imovel/apartamento-2-quartos-aluguel-sudoeste-brasilia-df-qrsw-3-bloco-a-5-1402097,3380,"Oportunidade, apartamento situado em uma excelente quadra do sudoeste econômico, imóvel vazado, composto de sala com var... 24/07/26",2 Quartos,N/A,N/A,N/A,60 m²,Sudoeste,https://img.dfimoveis.com.br/fotos/1402097/d5ce9c7e701289bf88bda3cffef8ee37.webp,['https://img.dfimoveis.com.br/fotos/1402097/d5ce9c7e701289bf88bda3cffef8ee37.webp'],Agropar Netimóveis ,2026-08-30T15:03:06.668146
c1f8e72743ba,dfimoveis_512565,"QC 9, JARDINS MANGUEIRAL, BRASILIA",/imovel/apartamento-2-quartos-aluguel-jardins-mangueiral-brasilia-df-qc-9-512565,2700,"QC 09 | Jardins Mangueiral | Apartamento 2 quartos, Cozinha com armários planejados, Varanda em blindex e 01 vaga de gar... 03/12/24",2 Quartos,N/A,N/A,1 Vaga,48 m²,Jardins Mangueiral,https://img.dfimoveis.com.br/fotos/512565/34c5a6e3faf0ae99aae293220da5551b.webp,['https://img.dfimoveis.com.br/fotos/512565/34c5a6e3faf0ae99aae293220da5551b.webp'],Perazzo Imóveis,2026-08-30T15:03:06.670702
f0167b046f51,dfimoveis_1352594,"SEPN 516 Bloco E, ASA NORTE, BRASILIA",/imovel/sala-0-quartos-aluguel-asa-norte-brasilia-df-sepn-516-bloco-e-1352594,72530,"Excelente Sala Comercial com 1.611m² em ótima localização na Asa Norte
Espaço amplo e versátil com vão livre, ideal para... 14/05/26",N/A,N/A,N/A,N/A,1455 m²,Asa Norte,https://img.dfimoveis.com.br/fotos/1352594/66fee7a306d0b054870a0f30a9152cdb.webp,['https://img.dfimoveis.com.br/fotos/1352594/66fee7a306d0b054870a0f30a9152cdb.webp'],Grupo Carlton,2026-08-30T15:03:06.672870
87d61c279f55,dfimoveis_1364010,"SCN Quadra 1, ASA NORTE, BRASILIA",/imovel/sala-0-quartos-aluguel-asa-norte-brasilia-df-scn-quadra-1-1364010,90000,"Laje corporativa exclusiva, pronta para uso, localizada no Vega Luxury Mall, ideal para empresas que buscam praticidade,... 05/06/26",N/A,N/A,N/A,N/A,1300 m²,Asa Norte,https://img.dfimoveis.com.br/fotos/1364010/e856ec8376f4247a58b25572b73c5ead.webp,['https://img.dfimoveis.com.br/fotos/1364010/e856ec8376f4247a58b25572b73c5ead.webp'],Pilotis Imóveis,2026-08-30T15:03:19.370244
f46b59a74e4d,dfimoveis_1403927,"Rua 4, SUL, AGUAS CLARAS",/imovel/apartamento-3-quartos-aluguel-sul-aguas-claras-df-rua-4-1403927,4100,"A Bontempo Imobiliária disponibiliza para locação apartamento de 3 quartos, sendo 1 suíte, 2 vagas de garagem, com armár... 29/07/26",3 Quartos,1 Suíte,N/A,2 Vagas,82 m²,Águas Claras,https://img.dfimoveis.com.br/fotos/1403927/267e96dacdad8fcb704a731fc09ba5a1.webp,['https://img.dfimoveis.com.br/fotos/1403927/267e96dacdad8fcb704a731fc09ba5a1.webp'],BONTEMPO IMOBILIÁRIA,2026-08-30T15:03:19.372658
80dbf5a2514b,dfimoveis_1213324,"SEPS 705/905, ASA SUL, BRASILIA",/imovel/sala-0-quartos-aluguel-asa-sul-brasilia-df-seps-705-905-1213324,1200,"CONSTRUTORA E ADMINISTRADORA CORREIA ALUGA 
SEP/SUL EQ 705/905 
Salas Comerciais Ed. Centro Empresarial Asa Sul 
Ótima S... 19/08/25",N/A,N/A,N/A,N/A,34 m²,Asa Sul,https://img.dfimoveis.com.br/fotos/1213324/80b1c4f21c57c25ac87a75b5117e43d4.webp,['https://img.dfimoveis.com.br/fotos/1213324/80b1c4f21c57c25ac87a75b5117e43d4.webp'],Serra Bonita Imóveis,2026-08-30T15:03:19.375185
2880c406d670,dfimoveis_215596,"SBS Quadra 02 Bloco S Lote 01, ASA SUL, BRASILIA",/imovel/galpo-0-quartos-aluguel-asa-sul-brasilia-df-sbs-quadra-02-bloco-s-lote-01-215596,850,"- Para contratos de 30 meses ou superior - desconto de 30% no valor do aluguel, nos primeiros 03 meses;
- Trabalhe desfr... 02/06/20",N/A,N/A,N/A,1 Vaga,30 m²,Asa Sul,https://img.dfimoveis.com.br/fotos/215596/a0a8129c8958dff12b743b91e3dd8fd2.webp,['https://img.dfimoveis.com.br/fotos/215596/a0a8129c8958dff12b743b91e3dd8fd2.webp'],Fernando Vasconcelos Imóveis,2026-08-30T15:03:19.377827
9c84a34b906e,dfimoveis_1163594,"QE 40 Conjunto F, GUARA II, GUARA",/imovel/loja-0-quartos-aluguel-guara-ii-guara-df-qe-40-conjunto-f-1163594,5800,"TH32205 - QE 40, loja comercial para locação, 200m². Agende sua visita!

GRANDE OPORTUNIDADE DE LOCAÇÃO!

R$ 580,00 O AL... 14/05/25",N/A,N/A,N/A,N/A,200 m²,Guará,https://img.dfimoveis.com.br/fotos/1163594/ed274a1ae71dfc1ed085baae8d3c73c5.webp,['https://img.dfimoveis.com.br/fotos/1163594/ed274a1ae71dfc1ed085baae8d3c73c5.webp'],Thaís Imobiliária,2026-08-30T15:03:19.380733
bfb8b631361c,dfimoveis_1270970,"SQS 207 Bloco E, ASA SUL, BRASILIA",/imovel/apartamento-3-quartos-aluguel-asa-sul-brasilia-df-sqs-207-bloco-e-1270970,8000,"Alugamos ótimo Apto na SQS 207 Bloco ""E"", 1º andar, composto de:
Desc: Sala ampla (02 ambientes) - Lavabo - Sala de Jant... 04/12/25",3 Quartos,1 Suíte,N/A,1 Vaga,165 m²,Asa Sul,https://img.dfimoveis.com.br/fotos/1270970/79c4a123143890c05c980561e42efa57.webp,['https://img.dfimoveis.com.br/fotos/1270970/79c4a123143890c05c980561e42efa57.webp'],Correta Imobiliária,2026-08-30T15:03:19.383782
d96004016599,dfimoveis_527317,"SQS 206, ASA SUL, BRASILIA",/imovel/apartamento-4-quartos-aluguel-asa-sul-brasilia-df-sqs-206-527317,18000,"Uma verdadeira casa suspensa com espaços modernos e repleto de soluções criativas, com toda segurança,  privacidade e a ... 18/05/22",4 Quartos,1 Suíte,N/A,2 Vagas,191 m²,Asa Sul,https://img.dfimoveis.com.br/fotos/527317/f9ee09d56346d9a320d8e572a80a891a.jpg?format=webp,['https://img.dfimoveis.com.br/fotos/527317/f9ee09d56346d9a320d8e572a80a891a.jpg?format=webp'],Bei Haus Imoveis,2026-08-30T15:03:19.387657
aa3dca88fc46,dfimoveis_1403181,"Avenida Flamboyant, NORTE, AGUAS CLARAS",/imovel/apartamento-3-quartos-aluguel-norte-aguas-claras-df-avenida-flamboyant-1403181,4000,"Oportunidade Única de Locação 

112 m ² 

3 quartos, sendo 1 suíte 

1 vaga de garagem coberta

Nascente 

Vista Livre 
... 27/07/26",3 Quartos,1 Suíte,N/A,1 Vaga,112 m²,Águas Claras,https://img.dfimoveis.com.br/fotos/1403181/109df274d15c0292d9b8e2384a8c3a3b.webp,['https://img.dfimoveis.com.br/fotos/1403181/109df274d15c0292d9b8e2384a8c3a3b.webp'],Cardec Imóveis,2026-08-30T15:03:19.390881
04e2eb654e8a,dfimoveis_1375794,"SBS Quadra 2, ASA SUL, BRASILIA",/imovel/prdio-0-quartos-aluguel-asa-sul-brasilia-df-sbs-quadra-2-1375794,137512,"Sala comercial com 917 m² na SBS Quadra 2, ASA SUL, Brasília — excelente oportunidade de negócios em uma das regiões mai... 01/07/26",N/A,N/A,N/A,N/A,917 m²,Asa Sul,https://img.dfimoveis.com.br/fotos/1375794/f7340e872a286c96f6243fa78303736d.webp,['https://img.dfimoveis.com.br/fotos/1375794/f7340e872a286c96f6243fa78303736d.webp'],Grupo Carlton,2026-08-30T15:03:19.397017
8e655e438e6c,dfimoveis_1070907,"Condomínio Jardim Botânico VI, JARDIM BOTANICO, BRASILIA",/imovel/casa-4-quartos-aluguel-jardim-botanico-brasilia-df-condominio-jardim-botanico-vi-1070907,27000,Conheça essa incrível casa de alto padrão para locação no bairro Setor de Habitações Individuais Sul em Brasília-DF. Com... 08/11/24,6 Quartos,5 Suítes,N/A,2 Vagas,600 m²,Jardim Botânico,https://img.dfimoveis.com.br/fotos/1070907/1ea8df1e96f5f107396dfc3ac898fa88.webp,['https://img.dfimoveis.com.br/fotos/1070907/1ea8df1e96f5f107396dfc3ac898fa88.webp'],Vieira Costa Imobiliária,2026-08-30T15:03:19.401245
4dfed5c50386,dfimoveis_1381357,"SQN 208 Bloco A, ASA NORTE, BRASILIA",/imovel/apartamento-3-quartos-aluguel-asa-norte-brasilia-df-sqn-208-bloco-a-1381357,7800,"Excelente Apartamento para Locação Residencial – SQN 208 – Asa Norte

Apartamento diferenciado, rara oportunidade para l... 08/07/26",3 Quartos,1 Suíte,N/A,1 Vaga,155 m²,Asa Norte,https://img.dfimoveis.com.br/fotos/1381357/03cf5e91ee599d9bc6b166ea2980eec2.webp,['https://img.dfimoveis.com.br/fotos/1381357/03cf5e91ee599d9bc6b166ea2980eec2.webp'],4D Imóveis,2026-08-30T15:03:19.404447
c1385d010bcb,dfimoveis_1357017,"Ponte Alta Norte, PONTE ALTA, GAMA",/imovel/casa-3-quartos-aluguel-ponte-alta-gama-df-ponte-alta-norte-1357017,5900,"Disponível para LOCAÇÃO com exclusividade RMI-Ronald Maia Imóveis- 
.
Buscando conforto, qualidade de vida e um aconcheg... 21/05/26",3 Quartos,3 Suítes,N/A,3 Vagas,220 m²,Gama,https://img.dfimoveis.com.br/fotos/1357017/daf907deaff9837518c2120b7e2fe21e.webp,['https://img.dfimoveis.com.br/fotos/1357017/daf907deaff9837518c2120b7e2fe21e.webp'],RMI - Ronald Maia Imóveis,2026-08-30T15:03:19.408231
26bb406eb31e,dfimoveis_1369257,"QN 501, SAMAMBAIA SUL, SAMAMBAIA",/imovel/galpo-0-quartos-aluguel-samambaia-sul-samambaia-df-qn-501-1369257,32000,"Galpão comercial com excelente localização na QN 501, Conjunto I, Lote 02, Samambaia/DF, em região de forte crescimento ... 16/06/26",N/A,N/A,N/A,N/A,855 m²,Samambaia,https://img.dfimoveis.com.br/fotos/1369257/9307e0db2b83b63ffc6ead2abaeb1387.webp,['https://img.dfimoveis.com.br/fotos/1369257/9307e0db2b83b63ffc6ead2abaeb1387.webp'],Abritta Inteligência Imobiliária,2026-08-30T15:03:19.412430
fb5ce9314c4f,dfimoveis_1398598,"SQNW 103 Bloco B, NOROESTE, BRASILIA",/imovel/apartamento-2-quartos-aluguel-noroeste-brasilia-df-sqnw-103-bloco-b-1398598,6200,"Frente Sul  Melhor localização do Noroeste

  Sala ampla, proporcionando conforto e praticidade para o dia a dia;
  02 q... 17/07/26",2 Quartos,1 Suíte,N/A,2 Vagas,76 m²,Noroeste,https://img.dfimoveis.com.br/fotos/1398598/3a41f41b1a3a33a44707d52a6f759c77.webp,['https://img.dfimoveis.com.br/fotos/1398598/3a41f41b1a3a33a44707d52a6f759c77.webp'],Alpha Brasilia Administradora de Imóveis,2026-08-30T15:03:19.415908
ca2287990274,dfimoveis_313854,"CCSW 1, SUDOESTE, BRASILIA",/imovel/hotel-flat-1-quarto-aluguel-sudoeste-brasilia-df-ccsw-1-313854,4600,"Apartamento Vista Livre - Enxoval Completo, Serv. De Hotel - Portal Master/sudoeste (211)

A TOP LINE PRIME tem orgulho ... 07/05/21",1 Quarto,1 Suíte,N/A,1 Vaga,26 m²,Sudoeste,https://img.dfimoveis.com.br/fotos/313854/5f795877261f8dec429a560e3ef4a41d.webp,['https://img.dfimoveis.com.br/fotos/313854/5f795877261f8dec429a560e3ef4a41d.webp'],Top line,2026-08-30T15:03:19.418738
c3bfde68a1e3,dfimoveis_1410557,"SHTN Trecho 2, ASA NORTE, BRASILIA",/imovel/apartamento-1-quarto-aluguel-asa-norte-brasilia-df-shtn-trecho-2-1410557,2890,"NEVES TEIXEIRA IMÓVEIS ALUGA:

Espetacular apartamento no Life Resort, com 27m², totalmente mobiliado e pronto para mora... 12/08/26",1 Quarto,N/A,N/A,N/A,27 m²,Asa Norte,https://img.dfimoveis.com.br/fotos/1410557/12b17a3d55edc6a81c656c43c11b6561.webp,['https://img.dfimoveis.com.br/fotos/1410557/12b17a3d55edc6a81c656c43c11b6561.webp'],Neves Teixeira Imóveis,2026-08-30T15:03:19.421050
abfd06f8ab1c,dfimoveis_1361337,"Quadra 1, JARDINS VERSAILLES, VALPARAISO DE GOIAS",/imovel/casa-condominio-3-quartos-aluguel-jardins-versailles-valparaiso-de-goias-go-quadra-1-1361337,5400,"Casa recém construída, pronta para morar, no melhor condomínio de Luxo de Valparaíso: Jardim de Versailles. 
Local com m... 31/05/26",3 Quartos,1 Suíte,N/A,2 Vagas,218 m²,Outro,https://img.dfimoveis.com.br/fotos/1361337/2f2f08c0b6ba29e412561cc05c45a12d.webp,['https://img.dfimoveis.com.br/fotos/1361337/2f2f08c0b6ba29e412561cc05c45a12d.webp'],RD&S Imóveis ,2026-08-30T15:03:19.423545
b00606e77575,dfimoveis_1383670,"Rua COPAIBA, NORTE, AGUAS CLARAS",/imovel/apartamento-2-quartos-aluguel-norte-aguas-claras-df-rua-copaiba-1383670,4000,"Oceania Residence, 2 Quartos 62m², Andar Alto, Nascente, Suíte com Closet, 2 Vagas + Depósito

Oportunidade!!

Disponíve... 11/07/26",2 Quartos,1 Suíte,N/A,2 Vagas,62 m²,Águas Claras,https://img.dfimoveis.com.br/fotos/1383670/8b0b31d073b22ba92a042bf06b8c1d6c.webp,['https://img.dfimoveis.com.br/fotos/1383670/8b0b31d073b22ba92a042bf06b8c1d6c.webp'],Digito Imóveis,2026-08-30T15:03:19.426827
007c092b8fb0,dfimoveis_1355385,"SIA Trecho 1 Lotes 630 a 780, SIA, SETOR INDUSTRIAL",/imovel/sala-0-quartos-aluguel-sia-setor-industrial-df-sia-trecho-1-lotes-630-a-780-1355385,4500,"NEVES TEIXEIRA IMÓVEIS ALUGA: 

Excelente sala comercial, moderna e totalmente mobiliada, localizada em um dos centros e... 20/05/26",N/A,N/A,N/A,N/A,31 m²,Setor Industrial,https://img.dfimoveis.com.br/fotos/1355385/a32ad8d6fc0485957e6c52ba9af723f2.webp,['https://img.dfimoveis.com.br/fotos/1355385/a32ad8d6fc0485957e6c52ba9af723f2.webp'],Neves Teixeira Imóveis,2026-08-30T15:03:19.429225
15d591acac96,dfimoveis_1402266,"Rua 8, VICENTE PIRES, VICENTE PIRES",/imovel/loja-0-quartos-aluguel-vicente-pires-vicente-pires-df-rua-8-1402266,2500,"PAI - PAULO ALMEIDA IMÓVEIS - ALUGA

Excelente loja na Rua 8 da Vicente Pires

Não queremos bar e marcenaria

Valo... 24/07/26",N/A,N/A,N/A,N/A,55 m²,Vicente Pires,https://img.dfimoveis.com.br/fotos/1402266/41abb23cf845cdd7e0acd213d639deb2.webp,['https://img.dfimoveis.com.br/fotos/1402266/41abb23cf845cdd7e0acd213d639deb2.webp'],Paulo Almeida,2026-08-30T15:03:19.431750
fcc0104c74c7,dfimoveis_1345706,"CLNW 10/11, NOROESTE, BRASILIA",/imovel/apartamento-1-quarto-aluguel-noroeste-brasilia-df-clnw-10-11-1345706,3200,"VILLA128097 - Última atualização: 29/08/26 23:31

Apartamento Noroeste | 1 Quarto | Reformado | 1 Vaga de Garagem

Excel... 01/05/26",1 Quarto,1 Suíte,N/A,1 Vaga,33 m²,Noroeste,https://img.dfimoveis.com.br/fotos/1345706/30632c0b9d45418033d5b36387f5b0eb.webp,['https://img.dfimoveis.com.br/fotos/1345706/30632c0b9d45418033d5b36387f5b0eb.webp'],Kojima Imóveis,2026-08-30T15:03:19.434093
b9da13416321,dfimoveis_1401609,"SIG Quadra 4, SIG, BRASILIA",/imovel/sala-0-quartos-aluguel-sig-brasilia-df-sig-quadra-4-1401609,44000,"VILLA153573 - Última atualização: 29/08/26 23:31
Capital Financial Center | Sala Corporativa de Alto Padrão com 314 m² |... 23/07/26",N/A,N/A,N/A,2 Vagas,314 m²,Outro,https://img.dfimoveis.com.br/fotos/1401609/7dc460396574905ca94d38cbca874db8.webp,['https://img.dfimoveis.com.br/fotos/1401609/7dc460396574905ca94d38cbca874db8.webp'],Kojima Imóveis,2026-08-30T15:03:19.436524
83c135aa92a9,dfimoveis_1257710,"SHS Quadra 4, ASA SUL, BRASILIA",/imovel/sala-0-quartos-aluguel-asa-sul-brasilia-df-shs-quadra-4-1257710,40000,"Esta sala no subsolo é um empreendimento de 405,00m² em contrapiso, depósito e elevadores de acesso, pronta para receber... 07/11/25",N/A,N/A,N/A,4 Vagas,405 m²,Asa Sul,https://img.dfimoveis.com.br/fotos/1257710/1a10462028860960b6414a44a39d6a78.webp,['https://img.dfimoveis.com.br/fotos/1257710/1a10462028860960b6414a44a39d6a78.webp'],Realiza Corretora de Seguros e Imóveis,2026-08-30T15:03:19.438806
54da4e84bb89,dfimoveis_1370581,"Rua 27, NORTE, AGUAS CLARAS",/imovel/apartamento-3-quartos-aluguel-norte-aguas-claras-df-rua-27-1370581,6300,"Square Garden | 112 m² | Planta de 3 quartos sendo 2 Quartos + escritório (2 Suítes) | 2 Vagas Soltas | Prédio Moderno

... 18/06/26",3 Quartos,2 Suítes,N/A,2 Vagas,112 m²,Águas Claras,https://img.dfimoveis.com.br/fotos/1370581/18c3b98d447e214982fea1224eae354a.webp,['https://img.dfimoveis.com.br/fotos/1370581/18c3b98d447e214982fea1224eae354a.webp'],My House - Vendas,2026-08-30T15:03:19.443860
fdb92b99e8a3,dfimoveis_1376620,"SQS 206 Bloco H, ASA SUL, BRASILIA",/imovel/apartamento-3-quartos-aluguel-asa-sul-brasilia-df-sqs-206-bloco-h-1376620,12000,"Apartamento vazado,  todo reformado, espaços amplos, muita luz natural, em uma localização excelente no coração da Asa S... 01/07/26",3 Quartos,1 Suíte,N/A,1 Vaga,170 m²,Asa Sul,https://img.dfimoveis.com.br/fotos/1376620/e59271746ea622e9b77a5cbb0b2c2fdc.webp,['https://img.dfimoveis.com.br/fotos/1376620/e59271746ea622e9b77a5cbb0b2c2fdc.webp'],Bei Haus Imoveis,2026-08-30T15:03:19.446929
66c87cd16a9b,dfimoveis_1413250,"SGCV, PARK SUL, BRASILIA",/imovel/apartamento-3-quartos-aluguel-park-sul-brasilia-df-sgcv-1413250,6500,"Excelente apartamento para locação no Villaggio Park Sul, com ambientes amplos, funcionais e bem distribuídos. O imóvel ... 17/08/26",3 Quartos,1 Suíte,N/A,2 Vagas,76 m²,Park Sul,https://img.dfimoveis.com.br/fotos/1413250/74c9086ae4ea4222ac167abaa5b58d2b.webp,['https://img.dfimoveis.com.br/fotos/1413250/74c9086ae4ea4222ac167abaa5b58d2b.webp'],Êxito Netimóveis,2026-08-30T15:03:19.450419
38df73829f8d,dfimoveis_1410566,"Quadra 101, NORTE, AGUAS CLARAS",/imovel/apartamento-2-quartos-aluguel-norte-aguas-claras-df-quadra-101-1410566,4300,"Se você procura um apartamento duplex para alugar em Águas Claras, com amplo espaço, lazer privativo e excelente localiz... 12/08/26",2 Quartos,1 Suíte,N/A,2 Vagas,126 m²,Águas Claras,https://img.dfimoveis.com.br/fotos/1410566/b7adf9c0eee796afbb87a372d9a38a09.webp,['https://img.dfimoveis.com.br/fotos/1410566/b7adf9c0eee796afbb87a372d9a38a09.webp'],Paulo Duarte Imóveis,2026-08-30T15:03:19.452840
ffae7b95dc28,dfimoveis_1399514,"Quadra 6 Lote C, JARDIM BOTANICO, BRASILIA",/imovel/loja-0-quartos-aluguel-jardim-botanico-brasilia-df-quadra-6-lote-c-1399514,8046,O Leben 225 foi idealizado para atender profissionais da área da saúde e investidores que buscam um empreendimento moder... 18/07/26,N/A,N/A,N/A,N/A,28 m²,Jardim Botânico,https://img.dfimoveis.com.br/fotos/1399514/857727abd3b80c33667dcda0bc3ae6c9.webp,['https://img.dfimoveis.com.br/fotos/1399514/857727abd3b80c33667dcda0bc3ae6c9.webp'],Acontece Imobiliária,2026-08-30T15:03:19.455276
b973d663ae5d,dfimoveis_1171485,"SBS Quadra 2, ASA SUL, BRASILIA",/imovel/loja-0-quartos-aluguel-asa-sul-brasilia-df-sbs-quadra-2-1171485,67148,"Loja térrea com 336 m² de área útil, localizada em ponto estratégico da Asa Sul, no Setor Bancário Sul — uma das regiões... 28/05/25",N/A,N/A,N/A,N/A,336 m²,Asa Sul,https://img.dfimoveis.com.br/fotos/1171485/d3d33fd3df77528fc42e83f2b8eb14b4.webp,['https://img.dfimoveis.com.br/fotos/1171485/d3d33fd3df77528fc42e83f2b8eb14b4.webp'],Grupo Carlton,2026-08-30T15:03:19.457943
77dd9e99f924,dfimoveis_1417499,"CRNW 510 Bloco A Lote 4, NOROESTE, BRASILIA",/imovel/apartamento-1-quarto-aluguel-noroeste-brasilia-df-crnw-510-bloco-a-lote-4-1417499,4100,"CRNW 510, bloco A lotes, 4 e 5, Ed. Studios Copenhague, cep.70-688-140

Kit completa 

*Eletrodomésticos*

Geladeira
Fog... 24/08/26",1 Quarto,1 Suíte,N/A,N/A,40 m²,Noroeste,https://img.dfimoveis.com.br/fotos/1417499/ea673349351b89ec34b4aa77c9826219.webp,['https://img.dfimoveis.com.br/fotos/1417499/ea673349351b89ec34b4aa77c9826219.webp'],Avanti Imob,2026-08-30T15:03:19.460866
3a00839bf7e7,dfimoveis_1420559,"Condomínio Mini Chacáras do Lago Sul, JARDIM BOTANICO, BRASILIA",/imovel/casa-condominio-3-quartos-aluguel-jardim-botanico-brasilia-df-condominio-mini-chacaras-do-lago-sul-1420559,7500,"Descubra seu novo lar no Condomínio Mini Chacáras do Lago Sul, localizado no Jardim Botânico, Brasília. Uma casa confort... 30/08/26",3 Quartos,1 Suíte,N/A,2 Vagas,200 m²,Lago Sul,https://img.dfimoveis.com.br/fotos/1420559/44e5c328f23e8da3618a47acc8a2f974.webp,['https://img.dfimoveis.com.br/fotos/1420559/44e5c328f23e8da3618a47acc8a2f974.webp'],SOLARES IMOBILIARIA DIGITAL,2026-08-30T15:03:31.596978
2131b5e966cb,dfimoveis_1317646,"SBS Quadra 2, ASA SUL, BRASILIA",/imovel/loja-0-quartos-aluguel-asa-sul-brasilia-df-sbs-quadra-2-1317646,19382,Excelente oportunidade para instalar o seu negócio no coração do Setor Bancário Sul. Esta loja térrea oferece 97 m² de á... 11/03/26,N/A,N/A,N/A,N/A,97 m²,Asa Sul,https://img.dfimoveis.com.br/fotos/1317646/2b14c582e5dce5e8bcb381e4aaa2b416.webp,['https://img.dfimoveis.com.br/fotos/1317646/2b14c582e5dce5e8bcb381e4aaa2b416.webp'],Grupo Carlton,2026-08-30T15:03:31.600216
7f10bdfb0930,dfimoveis_1398668,"SGCV Lote 13, PARK SUL, BRASILIA",/imovel/apartamento-1-quarto-aluguel-park-sul-brasilia-df-sgcv-lote-13-1398668,4500,"Localizado em um condomínio de alto padrão, próximo ao Park Shopping, no Park Sul, este duplex recém reformado e totalme... 17/07/26",1 Quarto,1 Suíte,N/A,1 Vaga,60 m²,Park Sul,https://img.dfimoveis.com.br/fotos/1398668/e8e6c5227be5871a94ea51ac8bf069fd.webp,['https://img.dfimoveis.com.br/fotos/1398668/e8e6c5227be5871a94ea51ac8bf069fd.webp'],Beiramar Imóveis,2026-08-30T15:03:31.603955
2cac4d2611fc,dfimoveis_1400669,"SQNW 302 Bloco D, NOROESTE, BRASILIA",/imovel/apartamento-2-quartos-aluguel-noroeste-brasilia-df-sqnw-302-bloco-d-1400669,10500,"Kontá Imóveis: Perto do que importa, perto de você!

PRIMEIRA LOCAÇÃO!

DIA e HORÁRIO para agendamento das visitas: segu... 21/07/26",2 Quartos,2 Suítes,N/A,3 Vagas,148 m²,Noroeste,https://img.dfimoveis.com.br/fotos/1400669/599e4980690045f3fd966b7af3b6e608.webp,['https://img.dfimoveis.com.br/fotos/1400669/599e4980690045f3fd966b7af3b6e608.webp'],Kontá Imóveis ,2026-08-30T15:03:31.607886
1101e54d83b8,dfimoveis_1353937,"Rua COPAIBA, NORTE, AGUAS CLARAS",/imovel/apartamento-1-quarto-aluguel-norte-aguas-claras-df-rua-copaiba-1353937,3200,"NEVES TEIXEIRA IMÓVEIS ALUGA: 

Espetacular apartamento nascente, andar alto, totalmente reformado e mobiliado, todo em ... 16/05/26",1 Quarto,N/A,N/A,1 Vaga,43 m²,Águas Claras,https://img.dfimoveis.com.br/fotos/1353937/5d09c393ec9c4f7fe2fb2b6a0436f69b.webp,['https://img.dfimoveis.com.br/fotos/1353937/5d09c393ec9c4f7fe2fb2b6a0436f69b.webp'],Neves Teixeira Imóveis,2026-08-30T15:03:31.611647
072c463bd566,dfimoveis_1414227,"SCEN Trecho 1, ASA NORTE, BRASILIA",/imovel/apartamento-2-quartos-aluguel-asa-norte-brasilia-df-scen-trecho-1-1414227,6600,"Apartamento Mobiliado de Alto Padrão com Vista para o Lago | SCEN Trecho 01  Asa Norte
Imagine morar em um dos endereços... 19/08/26",2 Quartos,1 Suíte,N/A,2 Vagas,72 m²,Asa Norte,https://img.dfimoveis.com.br/fotos/1414227/b04baa7cba38e2fb718b376cad9ae5dd.webp,['https://img.dfimoveis.com.br/fotos/1414227/b04baa7cba38e2fb718b376cad9ae5dd.webp'],Paulo Alencar Imóveis,2026-08-30T15:03:31.616018
8c6025d9f131,dfimoveis_1374784,"Condomínio Jardim Botânico I, JARDIM BOTANICO, BRASILIA",/imovel/galpo-0-quartos-aluguel-jardim-botanico-brasilia-df-condominio-jardim-botanico-i-1374784,25200,"Invista no Primeiro Life Center de Alto Padrão do Jardim Botânico III Salas e Lojas Comerciais 

Imagens meramente ilust... 27/06/26",N/A,N/A,N/A,N/A,336 m²,Jardim Botânico,https://img.dfimoveis.com.br/fotos/1374784/94acf4ce18eddc603056afad8b3fb191.webp,['https://img.dfimoveis.com.br/fotos/1374784/94acf4ce18eddc603056afad8b3fb191.webp'],Perazzo Imóveis,2026-08-30T15:03:31.619635
95ed6b1dfef6,dfimoveis_1375780,"SBS Quadra 2, ASA SUL, BRASILIA",/imovel/prdio-0-quartos-aluguel-asa-sul-brasilia-df-sbs-quadra-2-1375780,109912,"Loja e sobreloja Comercial de 689m² para locação no Carlton Tower, na SBS Quadra 2, ASA SUL, Brasília. Uma oportunidade ... 01/07/26",N/A,N/A,N/A,N/A,689 m²,Asa Sul,https://img.dfimoveis.com.br/fotos/1375780/d3d33fd3df77528fc42e83f2b8eb14b4.webp,['https://img.dfimoveis.com.br/fotos/1375780/d3d33fd3df77528fc42e83f2b8eb14b4.webp'],Grupo Carlton,2026-08-30T15:03:31.622540
93da0998de4e,dfimoveis_1405656,"SHIS QI 25 Conjunto 10, LAGO SUL, BRASILIA",/imovel/casa-4-quartos-aluguel-lago-sul-brasilia-df-shis-qi-25-conjunto-10-1405656,15000,Apresente-se ao conforto e praticidade de morar em uma BELA CASA MOBILIADA PRONTA PARA EMBAIXADA OU ESCRITÓRIO pertinho ... 01/08/26,6 Quartos,2 Suítes,N/A,5 Vagas,770 m²,Lago Sul,https://img.dfimoveis.com.br/fotos/1405656/804a3be53b43497297eee136d9c90c19.webp,['https://img.dfimoveis.com.br/fotos/1405656/804a3be53b43497297eee136d9c90c19.webp'],Paulo Almeida,2026-08-30T15:03:31.625357
817df9faf048,dfimoveis_1397398,"QE 28 Conjunto N, GUARA II, GUARA",/imovel/casa-4-quartos-aluguel-guara-ii-guara-df-qe-28-conjunto-n-1397398,6000,"Urbanic Imóveis aluga


Aqui tudo é rápido e sem burocracia Aprovação mediante a análise de cadastro 
 Pensando em sua c... 16/07/26",5 Quartos,2 Suítes,N/A,2 Vagas,188 m²,Guará,https://img.dfimoveis.com.br/fotos/1397398/70572007c75981a2e3a34ca2b534775f.webp,['https://img.dfimoveis.com.br/fotos/1397398/70572007c75981a2e3a34ca2b534775f.webp'],Urbanic Imóveis,2026-08-30T15:03:31.628820
a71bd5affaba,dfimoveis_1307688,"SHIS QI 17 Conjunto 12, LAGO SUL, BRASILIA",/imovel/casa-1-quarto-aluguel-lago-sul-brasilia-df-shis-qi-17-conjunto-12-1307688,35000,"Casa com layout pronto, funcional, ideal para profissionais liberais, advogados, arquitetos, designers, pequenas empresa... 22/02/26",1 Quarto,N/A,N/A,5 Vagas,700 m²,Lago Sul,https://img.dfimoveis.com.br/fotos/1307688/d84db906a67011843d8d581efc38e941.webp,['https://img.dfimoveis.com.br/fotos/1307688/d84db906a67011843d8d581efc38e941.webp'],Bei Haus Imoveis,2026-08-30T15:03:31.631556
084a34e58c9e,dfimoveis_1352598,"SEPN 516 Bloco E, ASA NORTE, BRASILIA",/imovel/prdio-0-quartos-aluguel-asa-norte-brasilia-df-sepn-516-bloco-e-1352598,72530,"Excelente Sala Comercial com 1.611m² em ótima localização na Asa Norte
Espaço amplo e versátil com vão livre, ideal para... 14/05/26",N/A,N/A,N/A,N/A,1455 m²,Asa Norte,https://img.dfimoveis.com.br/fotos/1352598/0bb7e46e470f666c494bee27077f6fdf.webp,['https://img.dfimoveis.com.br/fotos/1352598/0bb7e46e470f666c494bee27077f6fdf.webp'],Grupo Carlton,2026-08-30T15:03:31.634442
437aeeb016ba,dfimoveis_1302541,"QNA 2, TAGUATINGA NORTE, TAGUATINGA",/imovel/prdio-0-quartos-aluguel-taguatinga-norte-taguatinga-df-qna-2-1302541,39000,"PRÉDIO INTEIRO  4 ANDARES COM COBERTURA  . Oportunidade de aluguel de imóvel comercial na QNA 2, Taguatinga Norte, DF. S... 11/02/26",N/A,N/A,N/A,N/A,1260 m²,Taguatinga,https://img.dfimoveis.com.br/fotos/1302541/65332632c615c1c8f3c6677e51a1c74c.webp,['https://img.dfimoveis.com.br/fotos/1302541/65332632c615c1c8f3c6677e51a1c74c.webp'],GerciliOOliveira Transações Imobiliárias,2026-08-30T15:03:31.637742
c4e4dba21cb4,dfimoveis_844949,"SBS Quadra 2, ASA SUL, BRASILIA",/imovel/sala-0-quartos-aluguel-asa-sul-brasilia-df-sbs-quadra-2-844949,27600,"Sala comercial ampla com 230m² em vão livre, pronta para receber seu negócio no Carlton Tower, edifício corporativo de a... 28/09/23",N/A,N/A,N/A,N/A,227 m²,Asa Sul,https://img.dfimoveis.com.br/fotos/844949/cc1e6c7e9594cde765e81cbc7a5b7df6.jpg?format=webp,['https://img.dfimoveis.com.br/fotos/844949/cc1e6c7e9594cde765e81cbc7a5b7df6.jpg?format=webp'],Grupo Carlton,2026-08-30T15:03:31.640376
1d2fa55646c2,dfimoveis_1376893,"Quadra 6 Lote C, JARDIM BOTANICO, BRASILIA",/imovel/sala-0-quartos-aluguel-jardim-botanico-brasilia-df-quadra-6-lote-c-1376893,2296,"LEBEN 225 – EXPERIENCE LIFE CENTER

O novo endereço da saúde, bem-estar e conveniência no Jardim Botânico!

Chegou ao Ja... 02/07/26",N/A,N/A,N/A,N/A,28 m²,Jardim Botânico,https://img.dfimoveis.com.br/fotos/1376893/f1b6702d1c7027fcea6fe65d96f8bebb.webp,['https://img.dfimoveis.com.br/fotos/1376893/f1b6702d1c7027fcea6fe65d96f8bebb.webp'],Park Sul Netimóveis,2026-08-30T15:03:31.644569
df0605f8762d,dfimoveis_1371433,"SHIS QI 5, LAGO SUL, BRASILIA",/imovel/casa-4-quartos-aluguel-lago-sul-brasilia-df-shis-qi-5-1371433,70000,"VILLA153070 - Última atualização: 29/08/26 23:32
Eliane Amaral | Vende

Residência Exclusiva com Obra de Athos Bulcão  S... 20/06/26",6 Quartos,6 Suítes,N/A,3 Vagas,893 m²,Lago Sul,https://img.dfimoveis.com.br/fotos/1371433/75e86278a895891940961d27d20b5729.webp,['https://img.dfimoveis.com.br/fotos/1371433/75e86278a895891940961d27d20b5729.webp'],EXCELLENCE NEGÓCIOS IMOBILIÁRIOS,2026-08-30T15:03:31.648673
1c3b4a0126ba,dfimoveis_1187488,"Setor D Sul, TAGUATINGA SUL, TAGUATINGA",/imovel/prdio-0-quartos-aluguel-taguatinga-sul-taguatinga-df-setor-d-sul-1187488,160000,"QSD - Prédio Comercial em frente ao Taguatinga Shopping - Pistão Sul - Taguatinga DF


Oportunidade de espaço ideal para... 25/06/25",N/A,N/A,N/A,N/A,3735 m²,Taguatinga,https://img.dfimoveis.com.br/fotos/1187488/ba1b4b9c514f87629c04d8eb99491b09.webp,['https://img.dfimoveis.com.br/fotos/1187488/ba1b4b9c514f87629c04d8eb99491b09.webp'],Coemi Imóveis ,2026-08-30T15:03:31.651084
300dc242e5fa,dfimoveis_1162376,"SHCGN 708 Bloco B, ASA NORTE, BRASILIA",/imovel/sala-0-quartos-aluguel-asa-norte-brasilia-df-shcgn-708-bloco-b-1162376,950,"TH15609 - SHCGN 708/709, Oportunidade Andar corporativo com 400m². 

Temos uma condição especial para o imóvel:

? Valor... 13/05/25",N/A,N/A,N/A,N/A,400 m²,Asa Norte,https://img.dfimoveis.com.br/fotos/1162376/7704948a4b86bb8d64a740129eb867d9.webp,['https://img.dfimoveis.com.br/fotos/1162376/7704948a4b86bb8d64a740129eb867d9.webp'],Thaís Imobiliária,2026-08-30T15:03:31.653427
7b91bab0db54,dfimoveis_137211,"SEPS 714/914, ASA SUL, BRASILIA",/imovel/sala-0-quartos-aluguel-asa-sul-brasilia-df-seps-714-914-137211,1200,"Alugamos ótima Sala (excelente para consultórios), no SEP/Sul, EQ 714/914 - Ed. Porto Alegre, composta de:
- Recepção co... 27/04/19",N/A,N/A,N/A,N/A,35 m²,Asa Sul,https://img.dfimoveis.com.br/fotos/137211/2806a6fcbce940d80cf403f2d974a170.jpg?format=webp,['https://img.dfimoveis.com.br/fotos/137211/2806a6fcbce940d80cf403f2d974a170.jpg?format=webp'],Correta Imobiliária,2026-08-30T15:03:31.655689
b4792dd85f0e,dfimoveis_1349496,"SBS Quadra 2, ASA SUL, BRASILIA",/imovel/prdio-0-quartos-aluguel-asa-sul-brasilia-df-sbs-quadra-2-1349496,28066,"Apresentamos uma ampla loja térrea com 140 m² de área útil, ideal para receber diferentes tipos de negócios. O espaço co... 08/05/26",N/A,N/A,N/A,N/A,140 m²,Asa Sul,https://img.dfimoveis.com.br/fotos/1349496/7d37f6672815f4ba3eb2eddd8a1bad32.webp,['https://img.dfimoveis.com.br/fotos/1349496/7d37f6672815f4ba3eb2eddd8a1bad32.webp'],Grupo Carlton,2026-08-30T15:03:31.658386
84027c78e9aa,dfimoveis_1374780,"Condomínio Jardim Botânico I, JARDIM BOTANICO, BRASILIA",/imovel/galpo-0-quartos-aluguel-jardim-botanico-brasilia-df-condominio-jardim-botanico-i-1374780,52800,"Invista no Primeiro Life Center de Alto Padrão do Jardim Botânico III Lojas e Salas Comerciais 

Imagens meramente ilust... 27/06/26",N/A,N/A,N/A,N/A,440 m²,Jardim Botânico,https://img.dfimoveis.com.br/fotos/1374780/e124ba33b1205bd97f157a801cf364da.webp,['https://img.dfimoveis.com.br/fotos/1374780/e124ba33b1205bd97f157a801cf364da.webp'],Perazzo Imóveis,2026-08-30T15:03:31.662646
5a20281d74ce,dfimoveis_1352586,"SEPN 516 Bloco E, ASA NORTE, BRASILIA",/imovel/prdio-0-quartos-aluguel-asa-norte-brasilia-df-sepn-516-bloco-e-1352586,42000,"Sala de 528 m² para aluguel no Edifício Carlton Center, na Asa Norte, Brasília. Localização privilegiada, estrutura mode... 14/05/26",N/A,N/A,N/A,N/A,314 m²,Asa Norte,https://img.dfimoveis.com.br/fotos/1352586/abbfac289df6150c843ddea897aa3b78.webp,['https://img.dfimoveis.com.br/fotos/1352586/abbfac289df6150c843ddea897aa3b78.webp'],Grupo Carlton,2026-08-30T15:03:31.667102
6c21055256dc,dfimoveis_1369256,"QS 610, SAMAMBAIA NORTE, SAMAMBAIA",/imovel/galpo-0-quartos-aluguel-samambaia-norte-samambaia-df-qs-610-1369256,30000,"Galpão Comercial para Aluguel - Samambaia 

-QS 610 - Samambaia/DF 

-690 m² de terreno 
-550 m² no térreo 
-165 m² de m... 16/06/26",N/A,N/A,N/A,N/A,715 m²,Samambaia,https://img.dfimoveis.com.br/fotos/1369256/c596dec1fedb9f7949ba5b5e6eb3e390.webp,['https://img.dfimoveis.com.br/fotos/1369256/c596dec1fedb9f7949ba5b5e6eb3e390.webp'],Abritta Inteligência Imobiliária,2026-08-30T15:03:31.669590
428439abaa8e,dfimoveis_1192369,"Quadra M 33, SANTA RITA, PLANALTINA DE GOIAS",/imovel/loja-0-quartos-aluguel-santa-rita-planaltina-de-goias-go-quadra-m-33-1192369,3000,"LOJA PARA LOCAÇÃO EM PLANALTINA DE GOIÁS.
O lugar certo para o seu negócio está em Planaltina de Goiás, centro de conexã... 04/07/25",N/A,N/A,N/A,N/A,63 m²,Planaltina,https://img.dfimoveis.com.br/fotos/1192369/6270465591d04626f3d9c496c44fd8c2.webp,['https://img.dfimoveis.com.br/fotos/1192369/6270465591d04626f3d9c496c44fd8c2.webp'],KNI Inovação em Negócios,2026-08-30T15:03:31.672022
38c7386f4ca4,dfimoveis_1412012,"SHIS QI 3 Conjunto 1, LAGO SUL, BRASILIA",/imovel/casa-4-quartos-aluguel-lago-sul-brasilia-df-shis-qi-3-conjunto-1-1412012,25000,"Casa Ampla de excelente padrão para Aluguel - SHIS QI 03 Lago Sul

Excelente casa para locação no Lago Sul, situada em ó... 14/08/26",8 Quartos,6 Suítes,N/A,10 Vagas,1000 m²,Lago Sul,https://img.dfimoveis.com.br/fotos/1412012/e8b12629d14ec6ab6aa8bfeba5fcbdb5.webp,['https://img.dfimoveis.com.br/fotos/1412012/e8b12629d14ec6ab6aa8bfeba5fcbdb5.webp'],Lamia,2026-08-30T15:03:31.674775
80e12c75d592,dfimoveis_1244043,"SCS Quadra 5, ASA SUL, BRASILIA",/imovel/loja-0-quartos-aluguel-asa-sul-brasilia-df-scs-quadra-5-1244043,1250,"LOJA  Setor Comercial Sul– ED. AMAZONAS  – BRASÍLIA

Oportunidade no SCS: O Ponto Ideal para sua Tabacaria ou Gastrono... 14/10/25",N/A,N/A,N/A,N/A,30 m²,Asa Sul,https://img.dfimoveis.com.br/fotos/1244043/082bb213e8f9ca7fc522f64200c26228.webp,['https://img.dfimoveis.com.br/fotos/1244043/082bb213e8f9ca7fc522f64200c26228.webp'],Sarkis Imob,2026-08-30T15:03:31.680317
ecc1688fd2ff,dfimoveis_1374986,"SQN 116 Bloco F, ASA NORTE, BRASILIA",/imovel/apartamento-2-quartos-aluguel-asa-norte-brasilia-df-sqn-116-bloco-f-1374986,5700,"Alugue sem Fiador, sem burocracia e pagando apenas 12,5%  
Do valor do aluguel mensal.  
Aprovação mediante a análise d... 28/06/26",2 Quartos,N/A,N/A,N/A,70 m²,Asa Norte,https://img.dfimoveis.com.br/fotos/1374986/00d094cf6a91ba2cfd28a31e9eec8342.webp,['https://img.dfimoveis.com.br/fotos/1374986/00d094cf6a91ba2cfd28a31e9eec8342.webp'],Acontece Imobiliária,2026-08-30T15:03:31.682800
c195d924997f,dfimoveis_1151997,"SCS Quadra 9, ASA SUL, BRASILIA",/imovel/sala-0-quartos-aluguel-asa-sul-brasilia-df-scs-quadra-9-1151997,53827,"Aluga-se Loja Comercial no Setor Comercial Sul
Localização privilegiada no Setor Comercial Sul. Loja com 133,55 m², piso... 29/04/25",N/A,N/A,N/A,N/A,133 m²,Asa Sul,https://img.dfimoveis.com.br/fotos/1151997/958f52a5737c3bdb0af12d55375c7052.webp,['https://img.dfimoveis.com.br/fotos/1151997/958f52a5737c3bdb0af12d55375c7052.webp'],Alladyno imóveis,2026-08-30T15:03:31.685529
c6188b3e948c,dfimoveis_1207846,"Quadra 2, SETOR DE INDUSTRIAS BERNARDO SAYAO, NUCLEO BANDEIRANTE",/imovel/galpo-0-quartos-aluguel-setor-de-industrias-bernardo-sayao-nucleo-bandeirante-df-quadra-2-1207846,48000,"Prédio Térreo no Núcleo Bandeirante.
Oportunidade imperdível no Setor de Indústrias Bernardo Sayão, Núcleo Bandeirante/D... 07/08/25",N/A,N/A,N/A,17 Vagas,1700 m²,Núcleo Bandeirante,https://img.dfimoveis.com.br/fotos/1207846/545d09c283c5248bf2fb155637913bb0.webp,['https://img.dfimoveis.com.br/fotos/1207846/545d09c283c5248bf2fb155637913bb0.webp'],Portto Imóveis,2026-08-30T15:03:31.687927
f98fac3fb390,dfimoveis_1369782,"QC 2, JARDINS MANGUEIRAL, BRASILIA",/imovel/apartamento-2-quartos-aluguel-jardins-mangueiral-brasilia-df-qc-2-1369782,2800,"Apartamento Reformado com Projeto de Iluminação e Armários Planejados na QC 02 dos Jardins Mangueiral por R$2.800,00 TAX... 17/06/26",2 Quartos,N/A,N/A,1 Vaga,48 m²,Jardins Mangueiral,https://img.dfimoveis.com.br/fotos/1369782/7e1bbe48435f2933f313838219336a57.webp,['https://img.dfimoveis.com.br/fotos/1369782/7e1bbe48435f2933f313838219336a57.webp'],Perazzo Imóveis,2026-08-30T15:03:31.690458
4fd9e8d915cf,dfimoveis_1299625,"SHN Quadra 4, ASA NORTE, BRASILIA",/imovel/hotel-flat-1-quarto-aluguel-asa-norte-brasilia-df-shn-quadra-4-1299625,3900,"OPORTUNIDADE!

FLAT COM 2 BANHEIROS + GARAGEM. 

CONDIÇÕES LOCAÇÃO:

ALUGUEL = 3.900,00
CONDOMINIO = 1.500,00
IPTU = 185... 06/02/26",1 Quarto,1 Suíte,2,1 Vaga,48 m²,Asa Norte,https://img.dfimoveis.com.br/fotos/1299625/4262c100365fc6d0c302f3313fef777c.webp,['https://img.dfimoveis.com.br/fotos/1299625/4262c100365fc6d0c302f3313fef777c.webp'],Eduardo Linhares,2026-08-30T15:03:43.746945
54595dd884ce,dfimoveis_1416937,"SQN 115 Bloco C, ASA NORTE, BRASILIA",/imovel/apartamento-3-quartos-aluguel-asa-norte-brasilia-df-sqn-115-bloco-c-1416937,6950,"Apartamento na SQN 115, com 122m² de área privativa, nascente e vazado, proporcionando excelente ventilação e iluminação... 23/08/26",3 Quartos,1 Suíte,N/A,1 Vaga,122 m²,Asa Norte,https://img.dfimoveis.com.br/fotos/1416937/13dfc138af0eba43853db00a64beeefb.webp,['https://img.dfimoveis.com.br/fotos/1416937/13dfc138af0eba43853db00a64beeefb.webp'],SOLARES IMOBILIARIA DIGITAL,2026-08-30T15:03:43.749320
b3c5e97ec0c7,dfimoveis_99338,"SQSW 100 Bloco F, SUDOESTE, BRASILIA",/imovel/apartamento-3-quartos-aluguel-sudoeste-brasilia-df-sqsw-100-bloco-f-99338,6200,"Valor do aluguel líquido ja com o desconto de pontualidade R$  6.200,00
 
Valor mensal do Condomínio R$ 918,06
 
Val... 21/08/18",3 Quartos,1 Suíte,N/A,1 Vaga,88 m²,Sudoeste,https://img.dfimoveis.com.br/fotos/99338/a139dc816cf7ea78e6ea26d70f017ece.jpg?format=webp,['https://img.dfimoveis.com.br/fotos/99338/a139dc816cf7ea78e6ea26d70f017ece.jpg?format=webp'],Agropar Netimóveis ,2026-08-30T15:03:43.751924
04fc88cbf0a1,dfimoveis_1337702,"ADE Conjunto 21, ADE, AGUAS CLARAS",/imovel/loja-0-quartos-aluguel-ade-aguas-claras-df-ade-conjunto-21-1337702,10000,"Excelente Oportunidade Comercial em Localização Estratégica! Próximo a EPNB, Parcelas e Parada de Ônibus. 
Loja com apr... 16/04/26",N/A,N/A,N/A,N/A,600 m²,Águas Claras,https://img.dfimoveis.com.br/fotos/1337702/55f481c8cf77090134ba4566372535ff.webp,['https://img.dfimoveis.com.br/fotos/1337702/55f481c8cf77090134ba4566372535ff.webp'],Bethel Imóveis,2026-08-30T15:03:43.754096
6d229cb8650a,dfimoveis_1336712,"EQNN 20/22, CEILANDIA SUL, CEILANDIA",/imovel/apartamento-2-quartos-aluguel-ceilandia-sul-ceilandia-df-eqnn-20-22-1336712,2330,"Apartamento de 2 quartos para alugar em Samambaia Sul, perto do metrô, com ótima localização e excelente custo-benefício... 15/04/26",2 Quartos,N/A,N/A,N/A,44 m²,Ceilândia,https://img.dfimoveis.com.br/fotos/1336712/5130af73d2da43cec46bd9036faee804.webp,['https://img.dfimoveis.com.br/fotos/1336712/5130af73d2da43cec46bd9036faee804.webp'],LUGGO,2026-08-30T15:03:43.757108
901fcab313ac,dfimoveis_1375767,"SBS Quadra 2, ASA SUL, BRASILIA",/imovel/prdio-0-quartos-aluguel-asa-sul-brasilia-df-sbs-quadra-2-1375767,42764,"Sala comercial de 353m² para locação no Carlton Tower, SBS Quadra 2, ASA SUL, Brasília. Localização privilegiada, espaço... 01/07/26",N/A,N/A,N/A,N/A,353 m²,Asa Sul,https://img.dfimoveis.com.br/fotos/1375767/5d79e9649e41d72c97a95e1c3b1452d9.webp,['https://img.dfimoveis.com.br/fotos/1375767/5d79e9649e41d72c97a95e1c3b1452d9.webp'],Grupo Carlton,2026-08-30T15:03:43.761776
3db10a0002fe,dfimoveis_1318327,"SBS Quadra 2, ASA SUL, BRASILIA",/imovel/loja-0-quartos-aluguel-asa-sul-brasilia-df-sbs-quadra-2-1318327,14022,"Oportunidade rara no Carlton Tower, um dos edifícios comerciais mais sofisticados da Asa Sul. Uma loja térrea com 70m², ... 12/03/26",N/A,N/A,N/A,N/A,70 m²,Asa Sul,https://img.dfimoveis.com.br/fotos/1318327/8dde1ba1cf6f1da81255cd271892b159.webp,['https://img.dfimoveis.com.br/fotos/1318327/8dde1ba1cf6f1da81255cd271892b159.webp'],Grupo Carlton,2026-08-30T15:03:43.764816
20fae8b8c327,dfimoveis_1398667,"Quadra C 3, TAGUATINGA CENTRO, TAGUATINGA",/imovel/apartamento-2-quartos-aluguel-taguatinga-centro-taguatinga-df-quadra-c-3-1398667,1800,"Se você procura um apartamento espaçoso, funcional e com excelente localização, este imóvel no Edifício Bougainville é u... 17/07/26",2 Quartos,N/A,N/A,N/A,50 m²,Taguatinga,https://img.dfimoveis.com.br/fotos/1398667/c7993a75f1a62adcff7947b2a6bddf0d.webp,['https://img.dfimoveis.com.br/fotos/1398667/c7993a75f1a62adcff7947b2a6bddf0d.webp'],Beiramar Imóveis,2026-08-30T15:03:43.767259
390a5a490fdc,dfimoveis_1367266,"SQSW 500 Bloco P, SUDOESTE, BRASILIA",/imovel/apartamento-4-quartos-aluguel-sudoeste-brasilia-df-sqsw-500-bloco-p-1367266,22500,"Este elegante apartamento de canto no Edifício Turmalina foi projetado para atender aos mais altos padrões de conforto, ... 11/06/26",4 Quartos,4 Suítes,N/A,4 Vagas,261 m²,Sudoeste,https://img.dfimoveis.com.br/fotos/1367266/f01b92b7dc570d51fc58f4374385842d.webp,['https://img.dfimoveis.com.br/fotos/1367266/f01b92b7dc570d51fc58f4374385842d.webp'],Alpha Brasilia Administradora de Imóveis,2026-08-30T15:03:43.776954
76c1c25ba1df,dfimoveis_1143404,"QE 11, GUARA I, GUARA",/imovel/sala-0-quartos-aluguel-guara-i-guara-df-qe-11-1143404,52480,"Sala no Urban Mall & Office, em uma área comercial consolidada do Guará.

Disponível para ocupação imediata.

O imóvel p... 11/04/25",N/A,N/A,N/A,72 Vagas,749 m²,Guará,https://img.dfimoveis.com.br/fotos/1143404/c722df45e6fc66320e2d6157dc50e5b6.webp,['https://img.dfimoveis.com.br/fotos/1143404/c722df45e6fc66320e2d6157dc50e5b6.webp'],José Martins Soluções Desenvolvimento Imobiliário,2026-08-30T15:03:43.781000
f8aeb383d03b,dfimoveis_1402145,"Quadra QC 12, JARDINS MANGUEIRAL, BRASILIA",/imovel/casa-3-quartos-aluguel-jardins-mangueiral-brasilia-df-quadra-qc-12-1402145,4200,"Tudo o que Você Precisa para Viver Bem: Casa com 3 Quartos sendo uma Suíte, Área de Lazer e 2 Vagas no Jardins Mangueira... 24/07/26",3 Quartos,1 Suíte,N/A,2 Vagas,68 m²,Jardins Mangueiral,https://img.dfimoveis.com.br/fotos/1402145/b19c58a00d8df5d5e534936fb1455a42.webp,['https://img.dfimoveis.com.br/fotos/1402145/b19c58a00d8df5d5e534936fb1455a42.webp'],Perazzo Imóveis,2026-08-30T15:03:43.783752
67703dac0fa9,dfimoveis_1404713,"QI 6 Bloco P, GUARA I, GUARA",/imovel/apartamento-2-quartos-aluguel-guara-i-guara-df-qi-6-bloco-p-1404713,2500,"Urbanic Imóveis aluga

Aqui tudo é rápido e sem burocracia Aprovação mediante a análise de cadastro
 Pensando em sua com... 30/07/26",2 Quartos,N/A,N/A,1 Vaga,61 m²,Guará,https://img.dfimoveis.com.br/fotos/1404713/47dbc85f2809afef1a08de9f26877101.webp,['https://img.dfimoveis.com.br/fotos/1404713/47dbc85f2809afef1a08de9f26877101.webp'],Urbanic Imóveis,2026-08-30T15:03:43.786218
29b589b507a4,dfimoveis_1365887,"Condomínio Residencial Santa Mônica, JARDIM BOTANICO, BRASILIA",/imovel/casa-condominio-2-quartos-aluguel-jardim-botanico-brasilia-df-condominio-residencial-santa-monica-1365887,6990,"Casa nova, térrea, de arquitetura moderna e acabamento de alto padrão, implantada em lote integrado à área verde, com vi... 09/06/26",2 Quartos,2 Suítes,N/A,2 Vagas,150 m²,Jardim Botânico,https://img.dfimoveis.com.br/fotos/1365887/4d6d147420f2e55d9980bd187c679a0b.webp,['https://img.dfimoveis.com.br/fotos/1365887/4d6d147420f2e55d9980bd187c679a0b.webp'],Karla Terroso Imóveis,2026-08-30T15:03:43.788690
faba2d2050ae,dfimoveis_1167056,"SHIS QI 5 Conjunto 19, LAGO SUL, BRASILIA",/imovel/casa-4-quartos-aluguel-lago-sul-brasilia-df-shis-qi-5-conjunto-19-1167056,70000,"Casa de Esquina para Locação na SHIS QI 05

Localizada em um dos endereços mais desejados de Brasília, esta casa de esqu... 20/05/25",5 Quartos,4 Suítes,N/A,9 Vagas,923 m²,Lago Sul,https://img.dfimoveis.com.br/fotos/1167056/571c9871bd6ff29193f7e69889602983.webp,['https://img.dfimoveis.com.br/fotos/1167056/571c9871bd6ff29193f7e69889602983.webp'],José Martins Soluções Desenvolvimento Imobiliário,2026-08-30T15:03:43.791287
22685f451fe6,dfimoveis_1406601,"Rua 10A, VICENTE PIRES, VICENTE PIRES",/imovel/casa-condominio-4-quartos-aluguel-vicente-pires-vicente-pires-df-rua-10a-1406601,14000,"VENDA E LOCAÇÃO CASA MODERNA RUA 10A VICENTE PIRES 4 QUARTOS PISCINA CONDOMÍNIO FECHADO

Projeto moderno que une ele... 04/08/26",4 Quartos,4 Suítes,N/A,4 Vagas,350 m²,Vicente Pires,https://img.dfimoveis.com.br/fotos/1406601/0c375fa5b332452065cb64aa20e523b0.webp,['https://img.dfimoveis.com.br/fotos/1406601/0c375fa5b332452065cb64aa20e523b0.webp'],Casa Bertoni Imobiliária,2026-08-30T15:03:43.795969
368647e209af,dfimoveis_1403133,"Rua 12, NORTE, AGUAS CLARAS",/imovel/sala-0-quartos-aluguel-norte-aguas-claras-df-rua-12-1403133,9000,"ED CORPORATE ÁGUAS CLARAS - RUA 12 NORTE - SALA COM RECEPÇÃO E DIVISÓRIAS - 151M²
Grande oportunidade! Excelente sala c... 27/07/26",N/A,N/A,N/A,2 Vagas,151 m²,Águas Claras,https://img.dfimoveis.com.br/fotos/1403133/af340e060c97735a100c53f9d4bdd9a1.webp,['https://img.dfimoveis.com.br/fotos/1403133/af340e060c97735a100c53f9d4bdd9a1.webp'],Empreendimentos Brasília,2026-08-30T15:03:43.798638
2f9199861e16,dfimoveis_1213310,"SHTN Trecho 2, ASA NORTE, BRASILIA",/imovel/apartamento-1-quarto-aluguel-asa-norte-brasilia-df-shtn-trecho-2-1213310,3400,"Conquiste um estilo de vida confortável e prático em um apartamento bem localizado na Asa Norte, Brasília. No SHTN Trech... 19/08/25",1 Quarto,N/A,N/A,1 Vaga,45 m²,Asa Norte,https://img.dfimoveis.com.br/fotos/1213310/98d8a419faee27c3e81d5f412d3e6602.webp,['https://img.dfimoveis.com.br/fotos/1213310/98d8a419faee27c3e81d5f412d3e6602.webp'],Serra Bonita Imóveis,2026-08-30T15:03:43.801073
289d63004ca2,dfimoveis_1417336,"SQSW 500 Bloco O, SUDOESTE, BRASILIA",/imovel/apartamento-4-quartos-aluguel-sudoeste-brasilia-df-sqsw-500-bloco-o-1417336,20000,"ED. BAUHAUS SQSW Quadra 500, 04 suítes, 160m2, NOVO, decorado, mobiliado e equipado, 3 vagas de garagem.

-  04 suítes e... 24/08/26",4 Quartos,4 Suítes,N/A,3 Vagas,160 m²,Sudoeste,https://img.dfimoveis.com.br/fotos/1417336/6bf20365f96afd5388804882d606f036.webp,['https://img.dfimoveis.com.br/fotos/1417336/6bf20365f96afd5388804882d606f036.webp'],MAXIMOB IMOBILIÁRIA,2026-08-30T15:03:43.803483
4937123b29e0,dfimoveis_1364319,"SMLN MI Trecho 13 Conjunto 2, LAGO NORTE, BRASILIA",/imovel/casa-condominio-4-quartos-aluguel-lago-norte-brasilia-df-smln-mi-trecho-13-conjunto-2-1364319,8500,"Endereço: SMLN MI TRECHO 13 CONJUNTO 02

ABC Imóveis aluga excelente casa contendo 350m² com 5 quartos, sendo 4 suítes, ... 06/06/26",5 Quartos,4 Suítes,N/A,N/A,350 m²,Lago Norte,https://img.dfimoveis.com.br/fotos/1364319/17efb93ecaf007be2c289efc59837da7.webp,['https://img.dfimoveis.com.br/fotos/1364319/17efb93ecaf007be2c289efc59837da7.webp'],ABC Imoveis,2026-08-30T15:03:43.805816
4df995120ca2,dfimoveis_1143399,"Polo de Desenv Juscelino Kubitschek Trecho 5 Conjunto 9, PÓLO JK, SANTA MARIA",/imovel/galpo-0-quartos-aluguel-polo-jk-santa-maria-df-polo-de-desenv-juscelino-kubitschek-trecho-5-conjunto-9-1143399,60000,"Galpão logístico disponível para locação.

Galpão industrial já construído e próximo à indústria de pães Pullman no Polo... 11/04/25",N/A,N/A,N/A,N/A,1600 m²,Santa Maria,https://img.dfimoveis.com.br/fotos/1143399/ab611470306eaab471aa93884148e4ed.webp,['https://img.dfimoveis.com.br/fotos/1143399/ab611470306eaab471aa93884148e4ed.webp'],José Martins Soluções Desenvolvimento Imobiliário,2026-08-30T15:03:43.808435
25df9aa18b33,dfimoveis_1375855,"Quadra 2 Bloco F, ASA NORTE, BRASILIA",/imovel/sala-0-quartos-aluguel-asa-norte-brasilia-df-quadra-2-bloco-f-1375855,2250,"EDIFÍCIO EXECUTIVE OFFICE TOWER!

- EXCELENTE SALA COM 34 M2,  ANDAR ALTO,
- MOBILHADA
- VISTA PARA TORRE DE TV,
- BANHE... 01/07/26",N/A,N/A,N/A,N/A,30 m²,Asa Norte,https://img.dfimoveis.com.br/fotos/1375855/70ac02d7f7f35f78979d954f72b6eeff.webp,['https://img.dfimoveis.com.br/fotos/1375855/70ac02d7f7f35f78979d954f72b6eeff.webp'],CM Scarpelo,2026-08-30T15:03:43.811888
17009f4a3c4b,dfimoveis_1333099,"SQN 112 Bloco F, ASA NORTE, BRASILIA",/imovel/apartamento-3-quartos-aluguel-asa-norte-brasilia-df-sqn-112-bloco-f-1333099,8900,"HOME ALUGA COM EXCLUSIVIDADE:
(APARTAMENTO SEM MOBILIA)
APARTAMENTO ELEGANTE EM UMA DAS QUADRAS MAIS DESEJADAS DA ASA NO... 12/04/26",3 Quartos,1 Suíte,N/A,N/A,137 m²,Asa Norte,https://img.dfimoveis.com.br/fotos/1333099/aec5125c141b94823be7bade15182251.webp,['https://img.dfimoveis.com.br/fotos/1333099/aec5125c141b94823be7bade15182251.webp'],HOME BRASILIA IMOBILIARIA,2026-08-30T15:03:43.814450
84d0cc569028,dfimoveis_1415800,"Rua DAS FIGUEIRAS, NORTE, AGUAS CLARAS",/imovel/apartamento-2-quartos-aluguel-norte-aguas-claras-df-rua-das-figueiras-1415800,5500,"Apartamendo para aluguel em Águas Claras
Rua das Figueiras | Residencial Soffisticato

Viva com conforto, sofisticação e... 21/08/26",2 Quartos,2 Suítes,N/A,1 Vaga,78 m²,Águas Claras,https://img.dfimoveis.com.br/fotos/1415800/014ae08e35964fdf5c5dc30c6e762f4f.webp,['https://img.dfimoveis.com.br/fotos/1415800/014ae08e35964fdf5c5dc30c6e762f4f.webp'],Abritta Inteligência Imobiliária,2026-08-30T15:03:43.816938
a0277566d15f,dfimoveis_1220225,"SBS Quadra 02 Bloco B Lote 18, ASA SUL, BRASILIA",/imovel/prdio-0-quartos-aluguel-asa-sul-brasilia-df-sbs-quadra-02-bloco-b-lote-18-1220225,190000,"Apresentamos um empreendimento corporativo exclusivo, distribuído em 6 pavimentos, projetado para empresas, instituições... 02/09/25",N/A,N/A,N/A,93 Vagas,6606 m²,Asa Sul,https://img.dfimoveis.com.br/fotos/1220225/39ba18866535f442688fcc830ea9380b.webp,['https://img.dfimoveis.com.br/fotos/1220225/39ba18866535f442688fcc830ea9380b.webp'],Thaís Imobiliária,2026-08-30T15:03:43.819318
2e39ff7bcd9c,dfimoveis_1406561,"SHIS QI 26 Chacará s 6 a 11, LAGO SUL, BRASILIA",/imovel/casa-4-quartos-aluguel-lago-sul-brasilia-df-shis-qi-26-chacara-s-6-a-11-1406561,59000,"SHIS QI 26 - Projetada pela renomada Bloco Arquitetura, esta residência traduz com perfeição a essência de Brasília: li... 04/08/26",5 Quartos,4 Suítes,N/A,N/A,613 m²,Lago Sul,https://img.dfimoveis.com.br/fotos/1406561/b7f2ef99a433282b7b394389e9f237f9.webp,['https://img.dfimoveis.com.br/fotos/1406561/b7f2ef99a433282b7b394389e9f237f9.webp'],Pilotis Imóveis,2026-08-30T15:03:43.821672
2942f999f0c5,dfimoveis_1399962,"CCSW 1, SUDOESTE, BRASILIA",/imovel/hotel-flat-1-quarto-aluguel-sudoeste-brasilia-df-ccsw-1-1399962,4500,"Nova Kit Flat  Vista Livre - Enxoval Completo, Serv. De Hotel - Portal Master/sudoeste (104)

A TOP LINE PRIME tem orgul... 20/07/26",1 Quarto,1 Suíte,N/A,1 Vaga,26 m²,Sudoeste,https://img.dfimoveis.com.br/fotos/1399962/22b316f0786d4a378578819679f18e30.webp,['https://img.dfimoveis.com.br/fotos/1399962/22b316f0786d4a378578819679f18e30.webp'],Top line,2026-08-30T15:03:43.824312
b7e2e22c9467,dfimoveis_1368050,"SQNW 103 Bloco A, NOROESTE, BRASILIA",/imovel/apartamento-3-quartos-aluguel-noroeste-brasilia-df-sqnw-103-bloco-a-1368050,9500,"EM FASE DE INSTALAÇÃO DE ARMÁRIOS PLANEJADOS. CONSULTE PRAZO

Apresentamos este excelente apartamento de alto padrão, id... 12/06/26",3 Quartos,3 Suítes,N/A,2 Vagas,119 m²,Noroeste,https://img.dfimoveis.com.br/fotos/1368050/4e25d304ccc41a172e3e2cc20d9fb956.webp,['https://img.dfimoveis.com.br/fotos/1368050/4e25d304ccc41a172e3e2cc20d9fb956.webp'],Beiramar Imóveis,2026-08-30T15:03:43.827301
c3d62330609a,dfimoveis_1317662,"SBS Quadra 2, ASA SUL, BRASILIA",/imovel/loja-0-quartos-aluguel-asa-sul-brasilia-df-sbs-quadra-2-1317662,19700,"Excelente oportunidade para instalar o seu negócio no coração da Asa Sul. Esta loja térrea conta com 99 m² de área útil,... 11/03/26",N/A,N/A,N/A,N/A,99 m²,Asa Sul,https://img.dfimoveis.com.br/fotos/1317662/f7340e872a286c96f6243fa78303736d.webp,['https://img.dfimoveis.com.br/fotos/1317662/f7340e872a286c96f6243fa78303736d.webp'],Grupo Carlton,2026-08-30T15:03:43.829696
870de68324b2,dfimoveis_1029409,"CCSW 1, SUDOESTE, BRASILIA",/imovel/apartamento-1-quarto-aluguel-sudoeste-brasilia-df-ccsw-1-1029409,4500,"Novo Apartamento  Vista Livre - Enxoval Completo, Serv. De Hotel - Portal Master/sudoeste (104)

A TOP LINE PRIME tem or... 26/08/24",1 Quarto,1 Suíte,N/A,1 Vaga,26 m²,Sudoeste,https://img.dfimoveis.com.br/fotos/1029409/b117ab96ba95951c9d856f2a05a3026d.jpg?format=webp,['https://img.dfimoveis.com.br/fotos/1029409/b117ab96ba95951c9d856f2a05a3026d.jpg?format=webp'],Top line,2026-08-30T15:03:43.832205
fc34a50978b4,dfimoveis_1366832,"SBS Quadra 2, ASA SUL, BRASILIA",/imovel/sala-0-quartos-aluguel-asa-sul-brasilia-df-sbs-quadra-2-1366832,15061,"Sala Comercial de 124m² para Locação no Carlton Tower, SBS Quadra 2, ASA SUL, Brasília. Localização privilegiada, com vi... 10/06/26",N/A,N/A,N/A,N/A,124 m²,Asa Sul,https://img.dfimoveis.com.br/fotos/1366832/3e12f54b396f7841625164cdf8a7a18c.webp,['https://img.dfimoveis.com.br/fotos/1366832/3e12f54b396f7841625164cdf8a7a18c.webp'],Grupo Carlton,2026-08-30T15:03:43.835666
48d4ae3c7682,dfimoveis_1404867,"CLNW 4/5 Lote H, NOROESTE, BRASILIA",/imovel/apartamento-2-quartos-aluguel-noroeste-brasilia-df-clnw-4-5-lote-h-1404867,8000,"APARTAMENTO NOVO - MOBILADO E DECORADO NO NOROESTE | 75m² | 2 QUARTOS | 1 VAGA DE GARAGEM |

Destaques do imóvel:
- 2 do... 30/07/26",2 Quartos,1 Suíte,N/A,1 Vaga,75 m²,Noroeste,https://img.dfimoveis.com.br/fotos/1404867/47dcdbe08b659349d5512785840a017a.webp,['https://img.dfimoveis.com.br/fotos/1404867/47dcdbe08b659349d5512785840a017a.webp'],Private Broker,2026-08-30T15:03:55.991704
102f39998402,dfimoveis_1005734,"SQS 104 Bloco B, ASA SUL, BRASILIA",/imovel/apartamento-3-quartos-aluguel-asa-sul-brasilia-df-sqs-104-bloco-b-1005734,7900,"Ótimo Apartamento na SQS 104 Bloco B -  Asa Sul. 

Apartamento com 155 m², situado no quarto andar.

Composto por ampla ... 13/07/24",3 Quartos,1 Suíte,N/A,N/A,155 m²,Asa Sul,https://img.dfimoveis.com.br/fotos/1005734/e8ccc0db917ba822c688fb2bbb44b1ca.jpg?format=webp,['https://img.dfimoveis.com.br/fotos/1005734/e8ccc0db917ba822c688fb2bbb44b1ca.jpg?format=webp'],Artiaga Imóveis,2026-08-30T15:03:55.994234
049e49e4ef71,dfimoveis_1129761,"SIG Quadra 6, SIG, BRASILIA",/imovel/prdio-0-quartos-aluguel-sig-brasilia-df-sig-quadra-6-1129761,65000,"A FUTURA NEGÓCIOS IMOBILIÁRIOS disponibiliza para LOCAÇÃO: 

GALPÃO COM LOCALIZAÇÃO PRIVILEGIADA NO SUDOESTE

-  Excelen... 20/03/25",N/A,N/A,N/A,15 Vagas,1590 m²,Outro,https://img.dfimoveis.com.br/fotos/1129761/91bfc2f9b1c5d58c1a3524d6e5aa6c53.jpg?format=webp,['https://img.dfimoveis.com.br/fotos/1129761/91bfc2f9b1c5d58c1a3524d6e5aa6c53.jpg?format=webp'],Futura Negócios Imobiliários,2026-08-30T15:03:55.996874
e1b437522e14,dfimoveis_214357,"SHTN Trecho 2, ASA NORTE, BRASILIA",/imovel/apartamento-2-quartos-aluguel-asa-norte-brasilia-df-shtn-trecho-2-214357,4760,"Endereço: SHTN TRECHO 2, LOTE 4, THE SUN HOTEL E RESORTS
- NÃO ACEITA PETS

ABC Imóveis aluga apartamento reformado de 0... 16/12/25",2 Quartos,N/A,N/A,2 Vagas,50 m²,Asa Norte,https://img.dfimoveis.com.br/fotos/214357/37a7cbec6644c3aff16d4484390b2c52.webp,['https://img.dfimoveis.com.br/fotos/214357/37a7cbec6644c3aff16d4484390b2c52.webp'],ABC Imoveis,2026-08-30T15:03:55.999159
ec02d3bdba01,dfimoveis_1384995,"QRSW 8 Bloco A 10, SUDOESTE, BRASILIA",/imovel/apartamento-2-quartos-aluguel-sudoeste-brasilia-df-qrsw-8-bloco-a-10-1384995,3300,"Apartamento de 2 Quartos com Varanda para Locação na QRSW 08 Bloco A-10  Edifício Ville Martin | Sudoeste Econômico
Se v... 15/07/26",2 Quartos,N/A,N/A,N/A,62 m²,Sudoeste,https://img.dfimoveis.com.br/fotos/1384995/0a4f5af7ff959f259a707150f5766997.webp,['https://img.dfimoveis.com.br/fotos/1384995/0a4f5af7ff959f259a707150f5766997.webp'],Paulo Alencar Imóveis,2026-08-30T15:03:56.001380
7d174e189afc,dfimoveis_1236860,"SIA Trecho 1 Lotes 630 a 780, SIA, SETOR INDUSTRIAL",/imovel/sala-0-quartos-aluguel-sia-setor-industrial-df-sia-trecho-1-lotes-630-a-780-1236860,487500,"Um empreendimento corporativo completo no coração do SIA.
Espaços moduláveis a partir de 300 m² até blocos inteiros.

O ... 01/10/25",N/A,N/A,N/A,N/A,6500 m²,Setor Industrial,https://img.dfimoveis.com.br/fotos/1236860/bb5ee16b24729e35a12501b7806a8752.webp,['https://img.dfimoveis.com.br/fotos/1236860/bb5ee16b24729e35a12501b7806a8752.webp'],José Martins Soluções Desenvolvimento Imobiliário,2026-08-30T15:03:56.003637
2df007ad1f15,dfimoveis_1163978,"CLSW 105 Bloco B, SUDOESTE, BRASILIA",/imovel/loja-0-quartos-aluguel-sudoeste-brasilia-df-clsw-105-bloco-b-1163978,11000,"Carência negociável de até 30 dias  condições especiais!

Seja bem-vindo ao Platinum Mall. O Lugar ideal para o seu suce... 14/05/25",N/A,N/A,N/A,N/A,101 m²,Sudoeste,https://img.dfimoveis.com.br/fotos/1163978/77eecf898f68bcc150307590c2ec5c98.webp,['https://img.dfimoveis.com.br/fotos/1163978/77eecf898f68bcc150307590c2ec5c98.webp'],Alpha Brasilia Administradora de Imóveis,2026-08-30T15:03:56.005818
42ed96605ef5,dfimoveis_1414887,"Rua DAS CARNAUBAS, NORTE, AGUAS CLARAS",/imovel/apartamento-2-quartos-aluguel-norte-aguas-claras-df-rua-das-carnaubas-1414887,3699,"Oportunidade Única! Excelente Apartamento 2 Quartos com 1 Suíte e Varanda em Frente ao Parque Águas Claras!
Apartamento ... 20/08/26",2 Quartos,1 Suíte,N/A,1 Vaga,63 m²,Águas Claras,https://img.dfimoveis.com.br/fotos/1414887/07f797c6c62f0a8fed55582fcb559083.webp,['https://img.dfimoveis.com.br/fotos/1414887/07f797c6c62f0a8fed55582fcb559083.webp'],JPIB Imóveis,2026-08-30T15:03:56.008590
d87858784ef7,dfimoveis_1256096,"SCS Quadra 02 Bloco C Lote 164/174, ASA SUL, BRASILIA",/imovel/loja-0-quartos-aluguel-asa-sul-brasilia-df-scs-quadra-02-bloco-c-lote-164-174-1256096,15000,"TH13571 - Scs Quadra 02, Edifício Wady Cecílio. Loja, Sobreloja e subsolo comercial com 750m². Agende sua visita!

Oport... 05/11/25",N/A,N/A,N/A,2 Vagas,750 m²,Asa Sul,https://img.dfimoveis.com.br/fotos/1256096/164e67ddf5935202e1e328d589d46ee7.webp,['https://img.dfimoveis.com.br/fotos/1256096/164e67ddf5935202e1e328d589d46ee7.webp'],Thaís Imobiliária,2026-08-30T15:03:56.012711
6748e270bdc9,dfimoveis_1213271,"SEPS 714/914, ASA SUL, BRASILIA",/imovel/sala-0-quartos-aluguel-asa-sul-brasilia-df-seps-714-914-1213271,2000,"Sala Centro Executivo Sabin 714/914 sul
Sala de 34m² no Centro Executivo Sabin
R$60,00 m²
+ R$ 368,00 de condomínio (suj... 19/08/25",N/A,N/A,N/A,N/A,34 m²,Asa Sul,https://img.dfimoveis.com.br/fotos/1213271/2387a643133c3abfd3092704aba36581.webp,['https://img.dfimoveis.com.br/fotos/1213271/2387a643133c3abfd3092704aba36581.webp'],Serra Bonita Imóveis,2026-08-30T15:03:56.015132
5125e7557837,dfimoveis_1406920,"CLNW 10/11 Lote G, NOROESTE, BRASILIA",/imovel/apartamento-1-quarto-aluguel-noroeste-brasilia-df-clnw-10-11-lote-g-1406920,3750,"?? Excelente Conjugado Mobiliado, Decorado e Equipado no Noroeste (CLNW 10/11) – Porteira Fechada!
Valor da Locação: (Co... 04/08/26",1 Quarto,1 Suíte,N/A,1 Vaga,35 m²,Noroeste,https://img.dfimoveis.com.br/fotos/1406920/86de809d32237e89c58d40f1fec4c947.webp,['https://img.dfimoveis.com.br/fotos/1406920/86de809d32237e89c58d40f1fec4c947.webp'],Avanti Imob,2026-08-30T15:03:56.017495
116ede147045,dfimoveis_1150373,"SHN Quadra 1 Bloco A, ASA NORTE, BRASILIA",/imovel/sala-0-quartos-aluguel-asa-norte-brasilia-df-shn-quadra-1-bloco-a-1150373,4200,"A FUTURA NEGÓCIOS IMOBILIÁRIOS disponibiliza para LOCAÇÃO:

Le Quartier Hotel e bureau,

Sala mobiliada, com 38m², 4º An... 25/04/25",N/A,N/A,N/A,N/A,38 m²,Asa Norte,https://img.dfimoveis.com.br/fotos/1150373/6b6346ad6107a8591180f495074ebdbc.jpg?format=webp,['https://img.dfimoveis.com.br/fotos/1150373/6b6346ad6107a8591180f495074ebdbc.jpg?format=webp'],Futura Negócios Imobiliários,2026-08-30T15:03:56.019692
fbbadc98d7c3,dfimoveis_1213312,"CRS 510 Bloco C, ASA SUL, BRASILIA",/imovel/sala-0-quartos-aluguel-asa-sul-brasilia-df-crs-510-bloco-c-1213312,2000,"Sala comercial 510 Sul, 
Sala ampla, ótima localização. Próximo a centros comerciais. 
Dispomos de variadas unidades com... 19/08/25",N/A,N/A,N/A,N/A,40 m²,Asa Sul,https://img.dfimoveis.com.br/fotos/1213312/a5ab64088136916331a57cb77d25b20a.webp,['https://img.dfimoveis.com.br/fotos/1213312/a5ab64088136916331a57cb77d25b20a.webp'],Serra Bonita Imóveis,2026-08-30T15:03:56.021898
092d57c1782a,dfimoveis_1412174,"SCES Trecho 4, ASA SUL, BRASILIA",/imovel/apartamento-1-quarto-aluguel-asa-sul-brasilia-df-sces-trecho-4-1412174,3800,"VILLA153628 - Última atualização: 29/08/26 23:31
BRISAS DO LAGO - ÀS MARGENS DO LAGO PARANOÁ.

Um endereço privilegiado ... 15/08/26",1 Quarto,1 Suíte,N/A,1 Vaga,40 m²,Asa Sul,https://img.dfimoveis.com.br/fotos/1412174/2919059388a89df24d33482fbac0952f.webp,['https://img.dfimoveis.com.br/fotos/1412174/2919059388a89df24d33482fbac0952f.webp'],Bordalo PRIME Imobiliária ,2026-08-30T15:03:56.024763
537b27b08343,dfimoveis_1040105,"Rua 19, NORTE, AGUAS CLARAS",/imovel/loja-0-quartos-aluguel-norte-aguas-claras-df-rua-19-1040105,7900,"Loja de 78,27m² à rua 19, Norte, Águas Claras, DF, com excelente visibilidade e fácil acesso para o fluxo de clientes. L... 18/09/24",N/A,N/A,N/A,1 Vaga,78 m²,Águas Claras,https://img.dfimoveis.com.br/fotos/1040105/f2738e911bfad2f3f2e70e304f23d904.jpg?format=webp,['https://img.dfimoveis.com.br/fotos/1040105/f2738e911bfad2f3f2e70e304f23d904.jpg?format=webp'],INTTER,2026-08-30T15:03:56.028087
9824669cb65a,dfimoveis_1171837,"SCS Quadra 9, ASA SUL, BRASILIA",/imovel/loja-0-quartos-aluguel-asa-sul-brasilia-df-scs-quadra-9-1171837,53827,"PARQUE CIDADE CORPORATE

Loja térrea disponível para locação no Parque Cidade Corporate, um dos empreendimentos corporat... 29/05/25",N/A,N/A,N/A,N/A,133 m²,Asa Sul,https://img.dfimoveis.com.br/fotos/1171837/7221f6429ebac0977a945e7631ce819d.webp,['https://img.dfimoveis.com.br/fotos/1171837/7221f6429ebac0977a945e7631ce819d.webp'],José Martins Soluções Desenvolvimento Imobiliário,2026-08-30T15:03:56.030736
12ad1675abdd,dfimoveis_1339221,"Condomínio Residencial Jardins do Lago, JARDIM BOTANICO, BRASILIA",/imovel/casa-4-quartos-aluguel-jardim-botanico-brasilia-df-condominio-residencial-jardins-do-lago-1339221,15000,"Belíssima casa em condomínio fechado composta de ampla sala de visita para 03 ambientes, sala de televisão com home thea... 21/04/26",4 Quartos,4 Suítes,N/A,2 Vagas,362 m²,Jardim Botânico,https://img.dfimoveis.com.br/fotos/1339221/a94c13759bc0bb2a45b9fe80b1c234f0.webp,['https://img.dfimoveis.com.br/fotos/1339221/a94c13759bc0bb2a45b9fe80b1c234f0.webp'],Imobiliária Brasília,2026-08-30T15:03:56.033362
80e6e40b9243,dfimoveis_1411152,"Rua 13, NORTE, AGUAS CLARAS",/imovel/apartamento-3-quartos-aluguel-norte-aguas-claras-df-rua-13-1411152,3750,"Andreia Oliveira 61 9 86 09.73 74

Tipo de imóvel: Apartamento residencial
Finalidade: Locação
Localização: Águas Claras... 13/08/26",3 Quartos,3 Suítes,N/A,1 Vaga,69 m²,Águas Claras,https://img.dfimoveis.com.br/fotos/1411152/de2f6b6b630ca5d6b0c7f65aec9289a2.webp,['https://img.dfimoveis.com.br/fotos/1411152/de2f6b6b630ca5d6b0c7f65aec9289a2.webp'],RE/MAX Jota,2026-08-30T15:03:56.036218
7e02587eca8d,dfimoveis_886964,"SRTVN Quadra 701 Conjunto C, ASA NORTE, BRASILIA",/imovel/sala-0-quartos-aluguel-asa-norte-brasilia-df-srtvn-quadra-701-conjunto-c-886964,1100,"Procura um espaço comercial que reúna modernidade, praticidade e uma localização estratégica? Esta é a oportunidade idea... 19/12/23",N/A,N/A,N/A,N/A,33 m²,Asa Norte,https://img.dfimoveis.com.br/fotos/886964/a74c2b261c59d9f568962856828c4263.jpg?format=webp,['https://img.dfimoveis.com.br/fotos/886964/a74c2b261c59d9f568962856828c4263.jpg?format=webp'],Êxito Netimóveis,2026-08-30T15:03:56.038637
e8178efc2a21,dfimoveis_1210973,"Área Especial para Indústria 11, SOBRADINHO, SOBRADINHO",/imovel/galpo-0-quartos-aluguel-sobradinho-sobradinho-df-area-especial-para-industria-11-1210973,17480,"Galpão para Locação - 920 m² no Polo Empresarial Bagdá, Sobradinho

Localizado no Polo Empresarial Bagdá, este galpão de... 14/08/25",N/A,N/A,N/A,N/A,920 m²,Sobradinho,https://img.dfimoveis.com.br/fotos/1210973/a62573fb8e429d07d60a83c6b142f8ba.webp,['https://img.dfimoveis.com.br/fotos/1210973/a62573fb8e429d07d60a83c6b142f8ba.webp'],José Martins Soluções Desenvolvimento Imobiliário,2026-08-30T15:03:56.041162
a93d521cc162,dfimoveis_1042906,"CCSW 1, SUDOESTE, BRASILIA",/imovel/apartamento-1-quarto-aluguel-sudoeste-brasilia-df-ccsw-1-1042906,4600,"Apartamento Vista Livre - Enxoval Completo, Serv. De Hotel - Portal Master/sudoeste (211)

A TOP LINE PRIME tem orgulho... 23/09/24",1 Quarto,1 Suíte,N/A,1 Vaga,26 m²,Sudoeste,https://img.dfimoveis.com.br/fotos/1042906/57e50185d6a3329482fc663142511df7.jpg?format=webp,['https://img.dfimoveis.com.br/fotos/1042906/57e50185d6a3329482fc663142511df7.jpg?format=webp'],Top line,2026-08-30T15:03:56.045526
1afbf35e07a7,dfimoveis_1323342,"SBS Quadra 2, ASA SUL, BRASILIA",/imovel/prdio-0-quartos-aluguel-asa-sul-brasilia-df-sbs-quadra-2-1323342,247918,"Sala comercial de 1.114m² para locação na SBS Quadra 2, ASA SUL, Brasília. Localização privilegiada, alta praticidade e ... 23/03/26",N/A,N/A,N/A,N/A,1114 m²,Asa Sul,https://img.dfimoveis.com.br/fotos/1323342/6c1e49c1957f906b0e223e1255f52296.webp,['https://img.dfimoveis.com.br/fotos/1323342/6c1e49c1957f906b0e223e1255f52296.webp'],Grupo Carlton,2026-08-30T15:03:56.048095
e3e75cd4a025,dfimoveis_1350650,"SHIS QL 20, LAGO SUL, BRASILIA",/imovel/casa-4-quartos-aluguel-lago-sul-brasilia-df-shis-ql-20-1350650,110000,"MANSÃO DE ALTO PADRÃO À BEIRA DO LAGO | EXCLUSIVIDADE, SOFISTICAÇÃO E ESTRUTURA COMPLETA

Uma propriedade única para que... 12/05/26",9 Quartos,6 Suítes,N/A,40 Vagas,1800 m²,Lago Sul,https://img.dfimoveis.com.br/fotos/1350650/55a91d44b666865fe179393ee6d115d8.webp,['https://img.dfimoveis.com.br/fotos/1350650/55a91d44b666865fe179393ee6d115d8.webp'],Alladyno imóveis,2026-08-30T15:03:56.050675
5a7a8c6ca45b,dfimoveis_1402375,"Rua 12, NORTE, AGUAS CLARAS",/imovel/sala-0-quartos-aluguel-norte-aguas-claras-df-rua-12-1402375,18000,"RUA 12 NORTE AGUAS CLARAS - ED. CORPORATE ÁGUAS CLARAS SALA C/ 310M² - 4 VAGAS
Grande oportunidade! Excelente sala come... 24/07/26",N/A,N/A,N/A,4 Vagas,310 m²,Águas Claras,https://img.dfimoveis.com.br/fotos/1402375/8346177d243d891d80ee81de4479b555.webp,['https://img.dfimoveis.com.br/fotos/1402375/8346177d243d891d80ee81de4479b555.webp'],Empreendimentos Brasília,2026-08-30T15:03:56.052995
4cb8f4c1fb11,dfimoveis_98618,"SQS 411 Bloco P, ASA SUL, BRASILIA",/imovel/apartamento-2-quartos-aluguel-asa-sul-brasilia-df-sqs-411-bloco-p-98618,3000,"Alugamos ótimo Apto  na SQS 411 Bloco P, 3º andar, composto de:
- Sala;
- 02 quartos (01 com armário e ar condicionado);... 15/08/18",2 Quartos,N/A,N/A,N/A,49 m²,Asa Sul,https://img.dfimoveis.com.br/fotos/98618/5596067095413cfc9b26c3dabd90ebef.webp,['https://img.dfimoveis.com.br/fotos/98618/5596067095413cfc9b26c3dabd90ebef.webp'],Correta Imobiliária,2026-08-30T15:03:56.055723
ab7705a418f9,dfimoveis_1367074,"SQNW 108 Bloco B, NOROESTE, BRASILIA",/imovel/apartamento-3-quartos-aluguel-noroeste-brasilia-df-sqnw-108-bloco-b-1367074,13500,"HOME ALUGA:

APARTAMENTO MOBILIADO, REFORMADO E DECORADO, COMPOSTO POR:

ÁREA SOCIAL:

SALA AMPLA PARA DOIS AMBIENTES
VA... 11/06/26",3 Quartos,1 Suíte,N/A,2 Vagas,126 m²,Noroeste,https://img.dfimoveis.com.br/fotos/1367074/aec0ea000b70b461c3e42d341ffee6f9.webp,['https://img.dfimoveis.com.br/fotos/1367074/aec0ea000b70b461c3e42d341ffee6f9.webp'],HOME BRASILIA IMOBILIARIA,2026-08-30T15:03:56.058299
fca1b0cd7c21,dfimoveis_1282384,"SCRN 702/703 Bloco B, ASA NORTE, BRASILIA",/imovel/loja-0-quartos-aluguel-asa-norte-brasilia-df-scrn-702-703-bloco-b-1282384,39000,"Excelente conjunto de lojas vazadas, localizado em ponto nobre no início da Asa Norte, com estacionamento frontal, alta ... 03/01/26",N/A,N/A,N/A,N/A,600 m²,Asa Norte,https://img.dfimoveis.com.br/fotos/1282384/dfb0224c5ae39ada2f8a836f3a1ab2ae.webp,['https://img.dfimoveis.com.br/fotos/1282384/dfb0224c5ae39ada2f8a836f3a1ab2ae.webp'],61 Imóveis,2026-08-30T15:03:56.063756
8c3e2b4cdacf,dfimoveis_1349509,"SBS Quadra 2, ASA SUL, BRASILIA",/imovel/prdio-0-quartos-aluguel-asa-sul-brasilia-df-sbs-quadra-2-1349509,14022,"Oportunidade rara no Carlton Tower, um dos edifícios comerciais mais sofisticados da Asa Sul. Uma loja térrea com 70m², ... 08/05/26",N/A,N/A,N/A,N/A,70 m²,Asa Sul,https://img.dfimoveis.com.br/fotos/1349509/b672fd56a6a4c605617bcf5228b6dc99.webp,['https://img.dfimoveis.com.br/fotos/1349509/b672fd56a6a4c605617bcf5228b6dc99.webp'],Grupo Carlton,2026-08-30T15:03:56.066394
00bb0eb7c9ac,dfimoveis_1352494,"SEPN 516 Bloco E, ASA NORTE, BRASILIA",/imovel/prdio-0-quartos-aluguel-asa-norte-brasilia-df-sepn-516-bloco-e-1352494,21000,"Localizada na SEPN 516 Bloco E, no renomado Edifício Carlton Center, esta sala de canto é uma oportunidade única para o ... 14/05/26",N/A,N/A,N/A,N/A,372 m²,Asa Norte,https://img.dfimoveis.com.br/fotos/1352494/fdfc59875ca5ee786630a53e5258311c.webp,['https://img.dfimoveis.com.br/fotos/1352494/fdfc59875ca5ee786630a53e5258311c.webp'],Grupo Carlton,2026-08-30T15:03:56.068642
05bce5ae6599,dfimoveis_1376885,"Quadra 6 Lote C, JARDIM BOTANICO, BRASILIA",/imovel/loja-0-quartos-aluguel-jardim-botanico-brasilia-df-quadra-6-lote-c-1376885,2044,"LEBEN 225 – EXPERIENCE LIFE CENTER

O novo endereço da saúde, bem-estar e conveniência no Jardim Botânico!

Chegou ao Ja... 02/07/26",N/A,N/A,N/A,N/A,28 m²,Jardim Botânico,https://img.dfimoveis.com.br/fotos/1376885/51b6a8766af6940f7dd777608e39398d.webp,['https://img.dfimoveis.com.br/fotos/1376885/51b6a8766af6940f7dd777608e39398d.webp'],Park Sul Netimóveis,2026-08-30T15:03:56.070962
d3c263c22ae4,dfimoveis_1416700,"SQN 115 Bloco C, ASA NORTE, BRASILIA",/imovel/apartamento-3-quartos-aluguel-asa-norte-brasilia-df-sqn-115-bloco-c-1416700,6800,"Excelente oportunidade na Asa Norte! Apartamento amplo, bem ventilado e iluminado, com planta vazada e posição nascente ... 23/08/26",3 Quartos,1 Suíte,N/A,1 Vaga,122 m²,Asa Norte,https://img.dfimoveis.com.br/fotos/1416700/7c8ffbfe03e9e744456bd3212bf74075.webp,['https://img.dfimoveis.com.br/fotos/1416700/7c8ffbfe03e9e744456bd3212bf74075.webp'],Gold House Imobiliária,2026-08-30T15:04:08.247275
f75ac1f2850c,dfimoveis_1171836,"SCS Quadra 9, ASA SUL, BRASILIA",/imovel/loja-0-quartos-aluguel-asa-sul-brasilia-df-scs-quadra-9-1171836,52408,"Loja disponível no Parque Cidade Corporate

Loja na praça de alimentação disponível para locação no Parque Cidade Corpor... 29/05/25",N/A,N/A,N/A,N/A,130 m²,Asa Sul,https://img.dfimoveis.com.br/fotos/1171836/6134aa07b8df519dcc5e9613d66ddab2.webp,['https://img.dfimoveis.com.br/fotos/1171836/6134aa07b8df519dcc5e9613d66ddab2.webp'],José Martins Soluções Desenvolvimento Imobiliário,2026-08-30T15:04:08.249604
fdb8454122b1,dfimoveis_1367278,"SHIS QI 25 Conjunto 4, LAGO SUL, BRASILIA",/imovel/casa-4-quartos-aluguel-lago-sul-brasilia-df-shis-qi-25-conjunto-4-1367278,22000,"Casa à Venda – Lago Sul | QI 25

Se você busca a combinação ideal entre sofisticação, conforto e localização privilegiad... 11/06/26",5 Quartos,N/A,N/A,N/A,429 m²,Lago Sul,https://img.dfimoveis.com.br/fotos/1367278/67125745fbdc56cba8918025a1186e8e.webp,['https://img.dfimoveis.com.br/fotos/1367278/67125745fbdc56cba8918025a1186e8e.webp'],Alladyno imóveis,2026-08-30T15:04:08.252109
04199d995049,dfimoveis_1320359,"QN 122 Conjunto 15, SAMAMBAIA SUL, SAMAMBAIA",/imovel/loja-0-quartos-aluguel-samambaia-sul-samambaia-df-qn-122-conjunto-15-1320359,1650,"SAMAMBAIA SHOPPING 
Oportunidade loja para alugar com 22 m² em Samambaia Shopping 
Excelente localização próximo do metr... 17/03/26",N/A,N/A,N/A,N/A,22 m²,Samambaia,https://img.dfimoveis.com.br/fotos/1320359/98b23e3d437a959673dcdb31c39f93a6.webp,['https://img.dfimoveis.com.br/fotos/1320359/98b23e3d437a959673dcdb31c39f93a6.webp'],Johnson Santiago,2026-08-30T15:04:08.254301
412ff2a2c741,dfimoveis_1371952,"Condominio Lago Sul, JARDIM BOTANICO, BRASILIA",/imovel/casa-condominio-2-quartos-aluguel-jardim-botanico-brasilia-df-condominio-lago-sul-1371952,9000,"Descubra o conforto e o estilo de vida que você merece no Condomínio Lago Sul, no Lago Sul, Brasília/DF. Esta casa de al... 22/06/26",2 Quartos,2 Suítes,N/A,2 Vagas,329 m²,Lago Sul,https://img.dfimoveis.com.br/fotos/1371952/dbf9fb0f10e1f85babd1913ebb83cd3b.webp,['https://img.dfimoveis.com.br/fotos/1371952/dbf9fb0f10e1f85babd1913ebb83cd3b.webp'],SOLARES IMOBILIARIA DIGITAL,2026-08-30T15:04:08.256651
0936dee21195,dfimoveis_1370083,"SQN 112 Bloco D, ASA NORTE, BRASILIA",/imovel/apartamento-4-quartos-aluguel-asa-norte-brasilia-df-sqn-112-bloco-d-1370083,10000,"Apartamento andar alto, vista livre, reformado, vazado, muita iluminação natural, ventilação cruzada, localizado em uma ... 17/06/26",4 Quartos,1 Suíte,N/A,1 Vaga,173 m²,Asa Norte,https://img.dfimoveis.com.br/fotos/1370083/0b1b7f6a40a51727c53ae756ddd862e9.webp,['https://img.dfimoveis.com.br/fotos/1370083/0b1b7f6a40a51727c53ae756ddd862e9.webp'],Bei Haus Imoveis,2026-08-30T15:04:08.259226
57871eb945dd,dfimoveis_1350482,"Rodovia DF 001 Altiplano Leste, ALTIPLANO LESTE, BRASILIA",/imovel/casa-4-quartos-aluguel-altiplano-leste-brasilia-df-rodovia-df-001-altiplano-leste-1350482,7500,"Excelente oportunidade de locação de uma belíssima casa em condomínio no Altiplano Leste, Jardim Botânico em Brasília-DF... 12/05/26",4 Quartos,4 Suítes,N/A,4 Vagas,400 m²,Outro,https://img.dfimoveis.com.br/fotos/1350482/dbd3d7f0a37dfd8388b9e62bcec80513.webp,['https://img.dfimoveis.com.br/fotos/1350482/dbd3d7f0a37dfd8388b9e62bcec80513.webp'],CLS Imóveis,2026-08-30T15:04:08.263194
771e188825ea,dfimoveis_1163933,"QS 5 Rua 400, AREAL, AGUAS CLARAS",/imovel/apartamento-3-quartos-aluguel-areal-aguas-claras-df-qs-5-rua-400-1163933,3500,"Sala espaçosa e bem iluminada;
03 Quartos, sendo 01 suíte com armários;
Banheiro social e suíte com armários e box blind... 14/05/25",3 Quartos,1 Suíte,N/A,2 Vagas,72 m²,Águas Claras,https://img.dfimoveis.com.br/fotos/1163933/12fbf5efbb8e2570373ba5c2dc39c361.webp,['https://img.dfimoveis.com.br/fotos/1163933/12fbf5efbb8e2570373ba5c2dc39c361.webp'],Alpha Brasilia Administradora de Imóveis,2026-08-30T15:04:08.269125
97eadf8fac24,dfimoveis_1366846,"SBS Quadra 2, ASA SUL, BRASILIA",/imovel/prdio-0-quartos-aluguel-asa-sul-brasilia-df-sbs-quadra-2-1366846,11958,"Sala Comercial de 99m² para Locação no Carlton Tower, SBS Quadra 2, ASA SUL, Brasília. Localização privilegiada, com vis... 10/06/26",N/A,N/A,N/A,N/A,99 m²,Asa Sul,https://img.dfimoveis.com.br/fotos/1366846/986b370c5c9a79023abc9b62f8f73d96.webp,['https://img.dfimoveis.com.br/fotos/1366846/986b370c5c9a79023abc9b62f8f73d96.webp'],Grupo Carlton,2026-08-30T15:04:08.272216
e12778cf1d01,dfimoveis_1376810,"Condomínio Quinta Interlagos, JARDIM BOTANICO, BRASILIA",/imovel/casa-condominio-4-quartos-aluguel-jardim-botanico-brasilia-df-condominio-quinta-interlagos-1376810,7500,"A FUTURA NEGÓCIOS IMOBILIÁRIOS disponibiliza para LOCAÇÃO:

Excelente casa no Condomínio Interlagos  Jardim Botânico

Mo... 02/07/26",5 Quartos,5 Suítes,N/A,4 Vagas,510 m²,Jardim Botânico,https://img.dfimoveis.com.br/fotos/1376810/62e8ed1aeff9a264f13010b6e6d56e30.webp,['https://img.dfimoveis.com.br/fotos/1376810/62e8ed1aeff9a264f13010b6e6d56e30.webp'],Futura Negócios Imobiliários,2026-08-30T15:04:08.274854
7cadccc67ceb,dfimoveis_1160192,"SEPN 516 Bloco E, ASA NORTE, BRASILIA",/imovel/sala-0-quartos-aluguel-asa-norte-brasilia-df-sepn-516-bloco-e-1160192,21000,"Localizada na SEPN 516 Bloco E, no renomado Edifício Carlton Center, esta sala de canto é uma oportunidade única para o ... 12/05/25",N/A,N/A,N/A,N/A,372 m²,Asa Norte,https://img.dfimoveis.com.br/fotos/1160192/61bc81b35d9558fa888bb87a541f5cc1.webp,['https://img.dfimoveis.com.br/fotos/1160192/61bc81b35d9558fa888bb87a541f5cc1.webp'],Grupo Carlton,2026-08-30T15:04:08.279341
8df40780576b,dfimoveis_1352588,"SEPN 516 Bloco E, ASA NORTE, BRASILIA",/imovel/prdio-0-quartos-aluguel-asa-norte-brasilia-df-sepn-516-bloco-e-1352588,124909,"Excelente oportunidade de locação na ASA NORTE, Brasília. Disponibilizamos uma sala de 2.466 m² no Edifício Carlton Cent... 14/05/26",N/A,N/A,N/A,N/A,2466 m²,Asa Norte,https://img.dfimoveis.com.br/fotos/1352588/7f6690d5ee30f8b395abe89305807e44.webp,['https://img.dfimoveis.com.br/fotos/1352588/7f6690d5ee30f8b395abe89305807e44.webp'],Grupo Carlton,2026-08-30T15:04:08.282897
87594dfbec64,dfimoveis_1414794,"SQS 302 Bloco G, ASA SUL, BRASILIA",/imovel/apartamento-3-quartos-aluguel-asa-sul-brasilia-df-sqs-302-bloco-g-1414794,11000,"CARACTERÍSTICAS DO APARTAMENTO:
- 03 Quartos, sendo 01 suíte 
- 01 Suíte com banheiro privativo
- 01 Banheiro social ... 19/08/26",3 Quartos,1 Suíte,1,1 Vaga,115 m²,Asa Sul,https://img.dfimoveis.com.br/fotos/1414794/8b17d31491f01619bf0ace457e37fc15.webp,['https://img.dfimoveis.com.br/fotos/1414794/8b17d31491f01619bf0ace457e37fc15.webp'],Soma Imóveis,2026-08-30T15:04:08.286173
7af2a98bc1d9,dfimoveis_1160461,"SCS Quadra 9, ASA SUL, BRASILIA",/imovel/sala-0-quartos-aluguel-asa-sul-brasilia-df-scs-quadra-9-1160461,51180,"Este imóvel em edifício corporativo localizado no 7° andar Torre C, é o local ideal para uma grande empresa que procura ... 13/05/25",N/A,N/A,N/A,16 Vagas,465 m²,Asa Sul,https://img.dfimoveis.com.br/fotos/1160461/74c1127ae94eb223a2f398cbe8310319.webp,['https://img.dfimoveis.com.br/fotos/1160461/74c1127ae94eb223a2f398cbe8310319.webp'],Realiza Corretora de Seguros e Imóveis,2026-08-30T15:04:08.289709
cf51a51294cc,dfimoveis_1353966,"SMPW Quadra 8 Conjunto 2, PARK WAY, BRASILIA",/imovel/casa-4-quartos-aluguel-park-way-brasilia-df-smpw-quadra-8-conjunto-2-1353966,12000,"Locação de Casa Exclusiva no Park Way
 
Descubra o privilégio de morar na verdadeira exclusividade do Park Way. Esta lin... 16/05/26",6 Quartos,6 Suítes,N/A,4 Vagas,600 m²,Park Way,https://img.dfimoveis.com.br/fotos/1353966/b7d0f9bfce24883cca3c37c86277f15a.webp,['https://img.dfimoveis.com.br/fotos/1353966/b7d0f9bfce24883cca3c37c86277f15a.webp'],Rogerbras Netimóveis,2026-08-30T15:04:08.292844
040067c4e469,dfimoveis_1371541,"CNB 6, TAGUATINGA NORTE, TAGUATINGA",/imovel/apartamento-2-quartos-aluguel-taguatinga-norte-taguatinga-df-cnb-6-1371541,2800,Este excelente apartamento de 60m² oferece uma estrutura impecável e totalmente equipada para quem busca uma mudança sem... 20/06/26,2 Quartos,N/A,N/A,1 Vaga,60 m²,Taguatinga,https://img.dfimoveis.com.br/fotos/1371541/4c28ca7313ecbcbfd9c8c2e04c19b30c.webp,['https://img.dfimoveis.com.br/fotos/1371541/4c28ca7313ecbcbfd9c8c2e04c19b30c.webp'],Beiramar Imóveis,2026-08-30T15:04:08.296404
c63b9ca9c34a,dfimoveis_1357750,"SHCGN 714 Bloco P, ASA NORTE, BRASILIA",/imovel/casa-4-quartos-aluguel-asa-norte-brasilia-df-shcgn-714-bloco-p-1357750,9000,"Excelente casa térrea mobiliada para locação na Asa Norte!

More com conforto, segurança e qualidade de vida em uma das ... 23/05/26",4 Quartos,4 Suítes,N/A,6 Vagas,162 m²,Asa Norte,https://img.dfimoveis.com.br/fotos/1357750/81c3674d92f34313481a806d1770ea4d.webp,['https://img.dfimoveis.com.br/fotos/1357750/81c3674d92f34313481a806d1770ea4d.webp'],Elo imóveis,2026-08-30T15:04:08.300867
355a09604c12,dfimoveis_1328307,"SMPW Quadra 4 Conjunto 2, PARK WAY, BRASILIA",/imovel/casa-4-quartos-aluguel-park-way-brasilia-df-smpw-quadra-4-conjunto-2-1328307,23000,"TH34904 - Smpw Qd 04 Park Way, Casa 04 quartos, 1.100m². Agende sua visita!  

Imóvel composto por casa principal conta ... 01/04/26",4 Quartos,N/A,N/A,N/A,1100 m²,Park Way,https://img.dfimoveis.com.br/fotos/1328307/8e13776e3f81c44ff0f4c14cc29b2ad2.webp,['https://img.dfimoveis.com.br/fotos/1328307/8e13776e3f81c44ff0f4c14cc29b2ad2.webp'],Thaís Imobiliária,2026-08-30T15:04:08.304387
dfb15bb449a7,dfimoveis_1370941,"SQNW 104, NOROESTE, BRASILIA",/imovel/apartamento-4-quartos-aluguel-noroeste-brasilia-df-sqnw-104-1370941,9950,"ALUGA - EXCELENTE APARTAMENTO DECORADO PELA ARQUITETA FLÁVIA NARS - NOROESTE

Projeto exclusivo assinado pela arquiteta ... 19/06/26",4 Quartos,3 Suítes,N/A,3 Vagas,165 m²,Noroeste,https://img.dfimoveis.com.br/fotos/1370941/a6d41ea4e1ba10fc0f1f2dbb92b3865e.webp,['https://img.dfimoveis.com.br/fotos/1370941/a6d41ea4e1ba10fc0f1f2dbb92b3865e.webp'],Nova Era Imob,2026-08-30T15:04:08.308017
6a061531ceb9,dfimoveis_1420476,"Rua DAS FIGUEIRAS, NORTE, AGUAS CLARAS",/imovel/apartamento-2-quartos-aluguel-norte-aguas-claras-df-rua-das-figueiras-1420476,5200,"O apartamento no Residencial Soffisticato proporciona qualidade de vida, conforto e com acabamento impecável com tudo qu... 30/08/26",2 Quartos,2 Suítes,N/A,1 Vaga,80 m²,Águas Claras,https://img.dfimoveis.com.br/fotos/1420476/518d23547815aeb83a7a0e03080e5bf9.webp,['https://img.dfimoveis.com.br/fotos/1420476/518d23547815aeb83a7a0e03080e5bf9.webp'],Abritta Inteligência Imobiliária,2026-08-30T15:04:08.314712
b39ae4c34a80,dfimoveis_1308934,"CNB 7, TAGUATINGA NORTE, TAGUATINGA",/imovel/loja-0-quartos-aluguel-taguatinga-norte-taguatinga-df-cnb-7-1308934,3900,"Oportunidade de alugar um espaço comercial com histórico consolidado e localização estratégica em Taguatinga Norte. 

O ... 25/02/26",N/A,N/A,N/A,N/A,169 m²,Taguatinga,https://img.dfimoveis.com.br/fotos/1308934/3542cf4628ac09b9a043eb318f15c8e9.webp,['https://img.dfimoveis.com.br/fotos/1308934/3542cf4628ac09b9a043eb318f15c8e9.webp'],RE/MAX Pater,2026-08-30T15:04:08.317977
3a9464d1b0f6,dfimoveis_1365290,"Condomínio Prive Morada Sul Etapa C, JARDIM BOTANICO, BRASILIA",/imovel/casa-4-quartos-aluguel-jardim-botanico-brasilia-df-condominio-prive-morada-sul-etapa-c-1365290,8000,"Encante-se com esta belíssima casa térrea no Condomínio Privê Morada Sul Etapa C, localizada no Setor Habitacional Jardi... 07/06/26",4 Quartos,2 Suítes,N/A,4 Vagas,400 m²,Jardim Botânico,https://img.dfimoveis.com.br/fotos/1365290/d0dbd5b1417f585008cbe2e95ab9b6c1.webp,['https://img.dfimoveis.com.br/fotos/1365290/d0dbd5b1417f585008cbe2e95ab9b6c1.webp'],61 Imóveis,2026-08-30T15:04:08.320931
e5243b6f9cd0,dfimoveis_1341231,"Condomínio Mansões California, JARDIM BOTANICO, BRASILIA",/imovel/casa-condominio-4-quartos-aluguel-jardim-botanico-brasilia-df-condominio-mansoes-california-1341231,12900,"JB ROCHA IMOVEIS ALUGA      

Casa mobiliada térrea e aconchegante no Condomínio Mansões Califórnia, reformada, terreno ... 24/04/26",4 Quartos,2 Suítes,N/A,7 Vagas,351 m²,Jardim Botânico,https://img.dfimoveis.com.br/fotos/1341231/647ce470c1c69fce678a12f65dd8372c.webp,['https://img.dfimoveis.com.br/fotos/1341231/647ce470c1c69fce678a12f65dd8372c.webp'],JB Rocha Imóveis,2026-08-30T15:04:08.324889
7fa048daa014,dfimoveis_1326272,"SCRN 708/709 Bloco D, ASA NORTE, BRASILIA",/imovel/loja-0-quartos-aluguel-asa-norte-brasilia-df-scrn-708-709-bloco-d-1326272,5500,"Loja térrea de canto com subsolo, com vista para a área interna de outro bloco.

O espaço conta com paredes em blindex, ... 28/03/26",N/A,N/A,N/A,N/A,170 m²,Asa Norte,https://img.dfimoveis.com.br/fotos/1326272/2365aa62208b78ebdd5c8c950cb18b38.webp,['https://img.dfimoveis.com.br/fotos/1326272/2365aa62208b78ebdd5c8c950cb18b38.webp'],Elo imóveis,2026-08-30T15:04:08.328266
683eb36f3e37,dfimoveis_1042900,"CCSW 1, SUDOESTE, BRASILIA",/imovel/kitnet-1-quarto-aluguel-sudoeste-brasilia-df-ccsw-1-1042900,4600,"Kitnet Vista Livre - Enxoval Completo, Serv. De Hotel - Portal Master/sudoeste (211)

A TOP LINE PRIME tem orgulho de of... 23/09/24",1 Quarto,1 Suíte,N/A,1 Vaga,26 m²,Sudoeste,https://img.dfimoveis.com.br/fotos/1042900/5f795877261f8dec429a560e3ef4a41d.webp,['https://img.dfimoveis.com.br/fotos/1042900/5f795877261f8dec429a560e3ef4a41d.webp'],Top line,2026-08-30T15:04:08.331679
523cb4771b83,dfimoveis_1405835,"EPTG 02 Conjunto 1, VICENTE PIRES, VICENTE PIRES",/imovel/casa-4-quartos-aluguel-vicente-pires-vicente-pires-df-eptg-02-conjunto-1-1405835,15000,"Residência de Alto Padrão 

A Abritta Inteligência Imobiliária apresenta para venda uma casa de alto padrão, 100% mobili... 02/08/26",4 Quartos,4 Suítes,N/A,4 Vagas,280 m²,Vicente Pires,https://img.dfimoveis.com.br/fotos/1405835/0b7d0222cef68c69f0cde7f7f33b85e4.webp,['https://img.dfimoveis.com.br/fotos/1405835/0b7d0222cef68c69f0cde7f7f33b85e4.webp'],Abritta Inteligência Imobiliária,2026-08-30T15:04:08.336778
6dd7ddefa664,dfimoveis_1370813,"Rua 12, VICENTE PIRES, VICENTE PIRES",/imovel/casa-4-quartos-aluguel-vicente-pires-vicente-pires-df-rua-12-1370813,8200,"CASA COLONIAL NA RUA 12 SOLTA NO LOTE DE 1.600M² 3 SUÍTES ÁREA DE LAZER

Casa com amplo terreno, excelente área externa ... 19/06/26",4 Quartos,3 Suítes,N/A,3 Vagas,420 m²,Vicente Pires,https://img.dfimoveis.com.br/fotos/1370813/0b4bd6fc31d9d322335b40c9bbf1e278.webp,['https://img.dfimoveis.com.br/fotos/1370813/0b4bd6fc31d9d322335b40c9bbf1e278.webp'],Casa Bertoni Imobiliária,2026-08-30T15:04:08.340414
8c99adeb5ea5,dfimoveis_1373439,"Condomínio Jardim Botânico I, JARDIM BOTANICO, BRASILIA",/imovel/galpo-0-quartos-aluguel-jardim-botanico-brasilia-df-condominio-jardim-botanico-i-1373439,28800,"Invista no Primeiro Life Center de Alto Padrão do Jardim Botânico III Lojas e Salas Comerciais 

Imagens meramente ilust... 25/06/26",N/A,N/A,N/A,N/A,240 m²,Jardim Botânico,https://img.dfimoveis.com.br/fotos/1373439/b4b1d1295b40b9ab1a946ad54b6c8a3d.webp,['https://img.dfimoveis.com.br/fotos/1373439/b4b1d1295b40b9ab1a946ad54b6c8a3d.webp'],Perazzo Imóveis,2026-08-30T15:04:08.343180
efd98b6169b7,dfimoveis_1213278,"SHTN Trecho 2, ASA NORTE, BRASILIA",/imovel/hotel-flat-1-quarto-aluguel-asa-norte-brasilia-df-shtn-trecho-2-1213278,2350,"Excelente flat semi-mobiliado bem arejado,  banheiro privativo, as margens do Lago Paranoá com 38m² no valor de R$ 2.350... 19/08/25",1 Quarto,N/A,N/A,1 Vaga,38 m²,Asa Norte,https://img.dfimoveis.com.br/fotos/1213278/35f5130fe219355ae83fe6ab5d0b9660.webp,['https://img.dfimoveis.com.br/fotos/1213278/35f5130fe219355ae83fe6ab5d0b9660.webp'],Serra Bonita Imóveis,2026-08-30T15:04:08.346785
3553b284b4e1,dfimoveis_1128738,"SIG Quadra 1, SIG, BRASILIA",/imovel/prdio-0-quartos-aluguel-sig-brasilia-df-sig-quadra-1-1128738,80000,"O imóvel é formado por prédio em 3 pavimentos e galpão com área construída total de 913,68m², sendo 197,88m² referente a... 19/03/25",N/A,N/A,N/A,N/A,913 m²,Outro,https://img.dfimoveis.com.br/fotos/1128738/01b7c465d9729b04e335548f2ac62c1e.webp,['https://img.dfimoveis.com.br/fotos/1128738/01b7c465d9729b04e335548f2ac62c1e.webp'],Ovídio Maia imóveis ,2026-08-30T15:04:08.349755
d7a0dc1bccdc,dfimoveis_1420172,"SQN 309, ASA NORTE, BRASILIA",/imovel/apartamento-4-quartos-aluguel-asa-norte-brasilia-df-sqn-309-1420172,7600,"VILLA153872 - Última atualização: 29/08/26 23:31
Bordalo PRIME, aluga apartamento na SQN 309 - Asa Norte (IMÓVEL DESOCUP... 29/08/26",4 Quartos,1 Suíte,N/A,N/A,155 m²,Asa Norte,https://img.dfimoveis.com.br/fotos/1420172/1494744076122df186e6845a7ea8a4aa.webp,['https://img.dfimoveis.com.br/fotos/1420172/1494744076122df186e6845a7ea8a4aa.webp'],Bordalo PRIME Imobiliária ,2026-08-30T15:04:20.470157
ac0a02cd5fc3,dfimoveis_1231704,"CA 10, LAGO NORTE, BRASILIA",/imovel/loja-0-quartos-aluguel-lago-norte-brasilia-df-ca-10-1231704,2150,"Esta loja fica em um dos maiores condomínios do CA do Lago Norte, o Bellagio!
A loja tem 22,90m², somado a mezanino de 2... 20/09/25",N/A,N/A,N/A,N/A,23 m²,Lago Norte,https://img.dfimoveis.com.br/fotos/1231704/1415c9fa668b4d0214551575798cb15a.webp,['https://img.dfimoveis.com.br/fotos/1231704/1415c9fa668b4d0214551575798cb15a.webp'],61 Imóveis,2026-08-30T15:04:20.473167
d2959d15acab,dfimoveis_1410749,"Rua 4, VICENTE PIRES, VICENTE PIRES",/imovel/apartamento-2-quartos-aluguel-vicente-pires-vicente-pires-df-rua-4-1410749,2500,"Descubra este confortável apartamento para locação na Rua 4, no coração de Vicente Pires, DF. Com excelente localização,... 12/08/26",2 Quartos,1 Suíte,N/A,1 Vaga,52 m²,Vicente Pires,https://img.dfimoveis.com.br/fotos/1410749/f0638ee70cb873442c425cb67a94cc70.webp,['https://img.dfimoveis.com.br/fotos/1410749/f0638ee70cb873442c425cb67a94cc70.webp'],Matheus Gervasio,2026-08-30T15:04:20.476167
18b034bac087,dfimoveis_1405833,"QN 501 Conjunto 1, SAMAMBAIA SUL, SAMAMBAIA",/imovel/galpo-0-quartos-aluguel-samambaia-sul-samambaia-df-qn-501-conjunto-1-1405833,37000,"Excelente oportunidade para empresas que buscam um imóvel amplo, estratégico e com excelente visibilidade.

?? Localizaç... 02/08/26",N/A,N/A,N/A,N/A,900 m²,Samambaia,https://img.dfimoveis.com.br/fotos/1405833/0be1eddd4dfcd627d5a459bcbfae36ec.webp,['https://img.dfimoveis.com.br/fotos/1405833/0be1eddd4dfcd627d5a459bcbfae36ec.webp'],Abritta Inteligência Imobiliária,2026-08-30T15:04:20.481367
57e055604167,dfimoveis_846858,"SEPN 516 Bloco E, ASA NORTE, BRASILIA",/imovel/sala-0-quartos-aluguel-asa-norte-brasilia-df-sepn-516-bloco-e-846858,21530,"Caraterísticas da sala:
- Em vão livre, com divisórias em drywall;
- Vazada;
- Com varanda privativa;
- Vista.

Edifício... 02/10/23",N/A,N/A,N/A,N/A,554 m²,Asa Norte,https://img.dfimoveis.com.br/fotos/846858/29691ecef34ff2efd46fb502d2775847.jpg?format=webp,['https://img.dfimoveis.com.br/fotos/846858/29691ecef34ff2efd46fb502d2775847.jpg?format=webp'],Grupo Carlton,2026-08-30T15:04:20.484094
f0479932eb26,dfimoveis_1375655,"Rua 4A, VICENTE PIRES, VICENTE PIRES",/imovel/loja-0-quartos-aluguel-vicente-pires-vicente-pires-df-rua-4a-1375655,30000,"LOJA COMERCIAL RUA 4A 321,85M² DENTRO DO ESTACIONAMENTO DO DIA A DIA PARA LOCAÇÃO

Excelente oportunidade para instalar ... 02/07/26",N/A,N/A,N/A,10 Vagas,321 m²,Vicente Pires,https://img.dfimoveis.com.br/fotos/1375655/37f8bad1019d233f9c78576f46d65afd.webp,['https://img.dfimoveis.com.br/fotos/1375655/37f8bad1019d233f9c78576f46d65afd.webp'],Casa Bertoni Imobiliária,2026-08-30T15:04:20.486902
04cf2508f06a,dfimoveis_1374783,"Condomínio Jardim Botânico I, JARDIM BOTANICO, BRASILIA",/imovel/galpo-0-quartos-aluguel-jardim-botanico-brasilia-df-condominio-jardim-botanico-i-1374783,16800,"Invista no Primeiro Life Center de Alto Padrão do Jardim Botânico III Salas e Lojas Comerciais 

Imagens meramente ilust... 27/06/26",N/A,N/A,N/A,N/A,224 m²,Jardim Botânico,https://img.dfimoveis.com.br/fotos/1374783/c9b484551ca013d32e5141299aca97d8.webp,['https://img.dfimoveis.com.br/fotos/1374783/c9b484551ca013d32e5141299aca97d8.webp'],Perazzo Imóveis,2026-08-30T15:04:20.489992
b79b217f28a7,dfimoveis_1325279,"SCS Quadra 2, ASA SUL, BRASILIA",/imovel/sala-0-quartos-aluguel-asa-sul-brasilia-df-scs-quadra-2-1325279,4500,"TH34848 - Scs Qd 02 Asa Sul Cond. Wady Cecilio II, Ótimo Andar Corporativo, 300m². Agende sua visita!  

Ótimo andar cor... 26/03/26",N/A,N/A,N/A,N/A,300 m²,Asa Sul,https://img.dfimoveis.com.br/fotos/1325279/e4837fcf8d9db4349725f34e380e1bc0.webp,['https://img.dfimoveis.com.br/fotos/1325279/e4837fcf8d9db4349725f34e380e1bc0.webp'],Thaís Imobiliária,2026-08-30T15:04:20.492537
b6d0977bcde4,dfimoveis_1143407,"QE 11, GUARA I, GUARA",/imovel/sala-0-quartos-aluguel-guara-i-guara-df-qe-11-1143407,2374,"Sala no Urban Mall & Office, em uma área comercial consolidada do Guará. Disponível para ocupação imediata.

O imóvel po... 11/04/25",N/A,N/A,N/A,75 Vagas,33 m²,Guará,https://img.dfimoveis.com.br/fotos/1143407/2fdaee98a5766eea33597efc4b11b50a.webp,['https://img.dfimoveis.com.br/fotos/1143407/2fdaee98a5766eea33597efc4b11b50a.webp'],José Martins Soluções Desenvolvimento Imobiliário,2026-08-30T15:04:20.503711
3612dfcc4df8,dfimoveis_1328253,"SMAS Trecho 02, PARK SUL, BRASILIA",/imovel/apartamento-4-quartos-aluguel-park-sul-brasilia-df-smas-trecho-02-1328253,7600,"Alugue sem Fiador, sem burocracia e pagando apenas 12,5%  
Do valor do aluguel mensal.  
Aprovação mediante a análise d... 01/04/26",4 Quartos,1 Suíte,N/A,N/A,102 m²,Park Sul,https://img.dfimoveis.com.br/fotos/1328253/7c62acd07a819abeb6acd93093131b99.webp,['https://img.dfimoveis.com.br/fotos/1328253/7c62acd07a819abeb6acd93093131b99.webp'],Acontece Imobiliária,2026-08-30T15:04:20.506161
2a0d2227443a,dfimoveis_754263,"CLN 309 Bloco C, ASA NORTE, BRASILIA",/imovel/sala-0-quartos-aluguel-asa-norte-brasilia-df-cln-309-bloco-c-754263,864,"Ótima sala comercial de 27m² no Edifício Manhattan Center, na CLN 309 Bloco C, ASA NORTE, Brasília. Com localização estr... 25/04/23",N/A,N/A,N/A,N/A,27 m²,Asa Norte,https://img.dfimoveis.com.br/fotos/754263/af597a09543b90174f3b5d1d88ff4ac1.webp,['https://img.dfimoveis.com.br/fotos/754263/af597a09543b90174f3b5d1d88ff4ac1.webp'],INTTER,2026-08-30T15:04:20.508354
642b800a8aec,dfimoveis_1241928,"CNB 3, TAGUATINGA NORTE, TAGUATINGA",/imovel/prdio-0-quartos-aluguel-taguatinga-norte-taguatinga-df-cnb-3-1241928,30000,"AVENIDA SHOPPING - CNB 03 LOTE 5/6 - TAGUATINGA/DF

ÁREA TERRENO 1.100,00M². ÁREA ÚTIL 1.500,00M²
ALUGUEL R$ 30.000,00 +... 10/10/25",N/A,N/A,N/A,N/A,1500 m²,Taguatinga,https://img.dfimoveis.com.br/fotos/1241928/d3dbbf2fda14c8eeccac76e534af3106.webp,['https://img.dfimoveis.com.br/fotos/1241928/d3dbbf2fda14c8eeccac76e534af3106.webp'],Thaís Imobiliária,2026-08-30T15:04:20.510970
b083d46149d6,dfimoveis_1126596,"St Area Especiais Setor C Norte, TAGUATINGA NORTE, TAGUATINGA",/imovel/loja-0-quartos-aluguel-taguatinga-norte-taguatinga-df-st-area-especiais-setor-c-norte-1126596,35000,"Excelente oportunidade de locação em localização privilegiada ao lado do Pronto Socorro do Hospital Anchieta, uma referê... 14/03/25",N/A,N/A,N/A,N/A,454 m²,Taguatinga,https://img.dfimoveis.com.br/fotos/1126596/42bb0b827b13b9f2309e46bcc10da632.webp,['https://img.dfimoveis.com.br/fotos/1126596/42bb0b827b13b9f2309e46bcc10da632.webp'],Amaral Imóveis ,2026-08-30T15:04:20.517771
a844f38b0994,dfimoveis_1307913,"SQNW 309 Bloco B, NOROESTE, BRASILIA",/imovel/apartamento-2-quartos-aluguel-noroeste-brasilia-df-sqnw-309-bloco-b-1307913,6500,"ALUGO Apt SQNW 309 84m²

* Nascente 
* Com varanda 
* Armários todos ambientes 
* 2 vagas de garagem 

Aluguel - R$ 6.50... 23/02/26",2 Quartos,1 Suíte,N/A,2 Vagas,84 m²,Noroeste,https://img.dfimoveis.com.br/fotos/1307913/789ca4961b07e0ef69b58670d4c5a421.webp,['https://img.dfimoveis.com.br/fotos/1307913/789ca4961b07e0ef69b58670d4c5a421.webp'],Prime House Inteligência Imobiliária,2026-08-30T15:04:20.520400
01f7a0598a54,dfimoveis_1268006,"QN 112, SAMAMBAIA SUL, SAMAMBAIA",/imovel/apartamento-2-quartos-aluguel-samambaia-sul-samambaia-df-qn-112-1268006,2330,"Apartamento de 2 quartos para alugar em Samambaia Sul, perto do metrô, com ótima localização e excelente custo-benefício... 28/11/25",2 Quartos,N/A,N/A,N/A,44 m²,Samambaia,https://img.dfimoveis.com.br/fotos/1268006/774580c2e0ef8160dd07f45befc5f2c9.webp,['https://img.dfimoveis.com.br/fotos/1268006/774580c2e0ef8160dd07f45befc5f2c9.webp'],LUGGO,2026-08-30T15:04:20.523713
60594e841485,dfimoveis_1417274,"Rua 9, SUL, AGUAS CLARAS",/imovel/apartamento-2-quartos-aluguel-sul-aguas-claras-df-rua-9-1417274,4800,"PRONTO PARA MORAR! MOBILHADO, NASCENTE;


Andar alto!
Solicite um  VÍDEO

- DO APARTAMENTO:

 - 66 m² de área útil;

- 0... 24/08/26",2 Quartos,1 Suíte,N/A,1 Vaga,67 m²,Águas Claras,https://img.dfimoveis.com.br/fotos/1417274/faf1617480d58b4cd0883e552087091b.webp,['https://img.dfimoveis.com.br/fotos/1417274/faf1617480d58b4cd0883e552087091b.webp'],CM Scarpelo,2026-08-30T15:04:20.526047
c43141c6a272,dfimoveis_1341283,"SHTN Trecho 1, ASA NORTE, BRASILIA",/imovel/apartamento-1-quarto-aluguel-asa-norte-brasilia-df-shtn-trecho-1-1341283,5274,"Flat Mobiliado no Lake Side – Vista Livre | Alto Padrão | Pronto para Morar

Excelente oportunidade para quem busca conf... 24/04/26",1 Quarto,N/A,N/A,1 Vaga,53 m²,Asa Norte,https://img.dfimoveis.com.br/fotos/1341283/7766492d2a793d512a6c3cdb502bf9b1.webp,['https://img.dfimoveis.com.br/fotos/1341283/7766492d2a793d512a6c3cdb502bf9b1.webp'],Alladyno imóveis,2026-08-30T15:04:20.529177
9136a21d9cd3,dfimoveis_1374779,"Condomínio Jardim Botânico I, JARDIM BOTANICO, BRASILIA",/imovel/galpo-0-quartos-aluguel-jardim-botanico-brasilia-df-condominio-jardim-botanico-i-1374779,33000,"Invista no Primeiro Life Center de Alto Padrão do Jardim Botânico III Salas e Lojas Comerciais 

Imagens meramente ilust... 27/06/26",N/A,N/A,N/A,N/A,440 m²,Jardim Botânico,https://img.dfimoveis.com.br/fotos/1374779/aa79ae2900a0409aa93cdfe9f2aa842c.webp,['https://img.dfimoveis.com.br/fotos/1374779/aa79ae2900a0409aa93cdfe9f2aa842c.webp'],Perazzo Imóveis,2026-08-30T15:04:20.532089
1af1b2216dfb,dfimoveis_1174416,"QSB 3, TAGUATINGA SUL, TAGUATINGA",/imovel/loja-0-quartos-aluguel-taguatinga-sul-taguatinga-df-qsb-3-1174416,7500,"TH32719 - CSB 03, Loja Comercial com 135,25m². Agende a sua visita!

Loja de vitrini com 135,25m², 02 banheiros privativ... 04/06/25",N/A,N/A,2,N/A,136 m²,Taguatinga,https://img.dfimoveis.com.br/fotos/1174416/3bf56dda8fbd9a6166d33e6c5c6dfd3c.webp,['https://img.dfimoveis.com.br/fotos/1174416/3bf56dda8fbd9a6166d33e6c5c6dfd3c.webp'],Thaís Imobiliária,2026-08-30T15:04:20.534806
812b2df3ae95,dfimoveis_1352490,"SEPN 516 Bloco E, ASA NORTE, BRASILIA",/imovel/prdio-0-quartos-aluguel-asa-norte-brasilia-df-sepn-516-bloco-e-1352490,21530,"Caraterísticas da sala:
- Em vão livre, com divisórias em drywall;
- Vazada;
- Com varanda privativa;
- Vista.

Edifício... 14/05/26",N/A,N/A,N/A,N/A,554 m²,Asa Norte,https://img.dfimoveis.com.br/fotos/1352490/0c97b447c48e44092fc25998e2e708db.webp,['https://img.dfimoveis.com.br/fotos/1352490/0c97b447c48e44092fc25998e2e708db.webp'],Grupo Carlton,2026-08-30T15:04:20.537124
b7ffa0e81b89,dfimoveis_1232167,"SCIA Quadra 8 Conjunto 7, SCIA, SETOR INDUSTRIAL",/imovel/galpo-0-quartos-aluguel-scia-setor-industrial-df-scia-quadra-8-conjunto-7-1232167,110000,"Galpão Logístico. Locação ou Venda no STRC Trecho 3. 
Oportunidade única no Setor Industrial/DF: galpão de alto padrão e... 22/09/25",N/A,N/A,N/A,17 Vagas,4943 m²,Setor Industrial,https://img.dfimoveis.com.br/fotos/1232167/9f501b008cc0c7282cbd0849c405f292.webp,['https://img.dfimoveis.com.br/fotos/1232167/9f501b008cc0c7282cbd0849c405f292.webp'],Portto Imóveis,2026-08-30T15:04:20.539828
05bec89a08fb,dfimoveis_1266501,"SDS Bloco A Lote 44, ASA SUL, BRASILIA",/imovel/sala-0-quartos-aluguel-asa-sul-brasilia-df-sds-bloco-a-lote-44-1266501,140,"TH34037 - SDS, Ed. Centro Comercial Boulevard. Excelente sala comercial com 01 banheiro, 48,89m². Agende sua visita.

Ap... 26/11/25",N/A,N/A,1,N/A,48 m²,Asa Sul,https://img.dfimoveis.com.br/fotos/1266501/771ecf62b1d85d67c65bee0f290a6112.webp,['https://img.dfimoveis.com.br/fotos/1266501/771ecf62b1d85d67c65bee0f290a6112.webp'],Thaís Imobiliária,2026-08-30T15:04:20.541971
a97c73e2e601,dfimoveis_1239256,"QI 10 Bloco B, GUARA I, GUARA",/imovel/loja-0-quartos-aluguel-guara-i-guara-df-qi-10-bloco-b-1239256,430,"TH33727 - QI 10, Guará I - Loja Comercial, 100m². Agende sua visita!
CONDIÇÃO ESPECIAL DE LOCAÇÃO

Aproveite esta oportu... 04/10/25",N/A,N/A,N/A,N/A,100 m²,Guará,https://img.dfimoveis.com.br/fotos/1239256/5182f74c6a57e1b4ee00186e46842fd7.webp,['https://img.dfimoveis.com.br/fotos/1239256/5182f74c6a57e1b4ee00186e46842fd7.webp'],Thaís Imobiliária,2026-08-30T15:04:20.544696
e3894c762446,dfimoveis_1143457,"SIA Trecho 17 Rua 01, SIA, SETOR INDUSTRIAL",/imovel/prdio-0-quartos-aluguel-sia-setor-industrial-df-sia-trecho-17-rua-01-1143457,360000,"Excelente prédio corporativo para locação no Sia Trecho 06 com 7.774,84 m² de área total construída.

São 4 pavimentos c... 11/04/25",N/A,N/A,N/A,144 Vagas,7774 m²,Setor Industrial,https://img.dfimoveis.com.br/fotos/1143457/ce2a501e6e7d3b1d391b7f0e01e06678.webp,['https://img.dfimoveis.com.br/fotos/1143457/ce2a501e6e7d3b1d391b7f0e01e06678.webp'],José Martins Soluções Desenvolvimento Imobiliário,2026-08-30T15:04:20.547927
38f6db9cd5d0,dfimoveis_1196543,"Quadra 2 Conjunto A, SETOR SUL, GAMA",/imovel/loja-0-quartos-aluguel-setor-sul-gama-df-quadra-2-conjunto-a-1196543,32000,"Prédio Comercial
 
 Térreo (loja): 312 m²
 Subsolo: 312 m²
 1º andar: 124,28 m²
 2º andar: 124,28 m²
 Área total: 872,56... 15/07/25",N/A,N/A,N/A,N/A,1 m²,Gama,https://img.dfimoveis.com.br/fotos/1196543/d38d61ea80be016b0b2e83a2ed01f8b3.webp,['https://img.dfimoveis.com.br/fotos/1196543/d38d61ea80be016b0b2e83a2ed01f8b3.webp'],Gilberto Danzmann,2026-08-30T15:04:20.550325
7023996aab6f,dfimoveis_774901,"SHIS QI 17, LAGO SUL, BRASILIA",/imovel/casa-4-quartos-aluguel-lago-sul-brasilia-df-shis-qi-17-774901,28000,"VILLA146923 - Última atualização: 29/08/26 23:31
IMÓVEL OCUPADO - PREVISÃO DESOCUPAÇÃO 20/09/2026

SHIS QI 17 - LAGO SUL... 27/05/23",6 Quartos,6 Suítes,N/A,6 Vagas,921 m²,Lago Sul,https://img.dfimoveis.com.br/fotos/774901/99f58effb1c44fce1ada3f825375565f.jpg?format=webp,['https://img.dfimoveis.com.br/fotos/774901/99f58effb1c44fce1ada3f825375565f.jpg?format=webp'],Bordalo PRIME Imobiliária ,2026-08-30T15:04:20.552711
68e02386527f,dfimoveis_846057,"SBS Quadra 2, ASA SUL, BRASILIA",/imovel/sala-0-quartos-aluguel-asa-sul-brasilia-df-sbs-quadra-2-846057,80000,"Excelente oportunidade para empresas que buscam um espaço amplo, funcional e com localização estratégica no coração da c... 29/09/23",N/A,N/A,N/A,10 Vagas,480 m²,Asa Sul,https://img.dfimoveis.com.br/fotos/846057/02283bfce17c8b03ffa713bb512e5ad7.webp,['https://img.dfimoveis.com.br/fotos/846057/02283bfce17c8b03ffa713bb512e5ad7.webp'],Grupo Carlton,2026-08-30T15:04:20.555207
57ffb8f255ff,dfimoveis_1369267,"QC 10, JARDINS MANGUEIRAL, BRASILIA",/imovel/apartamento-2-quartos-aluguel-jardins-mangueiral-brasilia-df-qc-10-1369267,2800,"More com Conforto no Jardins Mangueiral em um Apartamento de 2 Quartos com Armários Planejados na QC 10 por R$ 2.800,00 ... 16/06/26",2 Quartos,N/A,N/A,1 Vaga,48 m²,Jardins Mangueiral,https://img.dfimoveis.com.br/fotos/1369267/6ae71d2b92295e90d6ded3c4e3a1dee6.webp,['https://img.dfimoveis.com.br/fotos/1369267/6ae71d2b92295e90d6ded3c4e3a1dee6.webp'],Perazzo Imóveis,2026-08-30T15:04:20.557561
696bcb8bb7dc,dfimoveis_1366840,"SBS Quadra 2, ASA SUL, BRASILIA",/imovel/sala-0-quartos-aluguel-asa-sul-brasilia-df-sbs-quadra-2-1366840,11958,"Sala Comercial de 99m² para Locação no Carlton Tower, SBS Quadra 2, ASA SUL, Brasília. Localização privilegiada, com vis... 10/06/26",N/A,N/A,N/A,N/A,99 m²,Asa Sul,https://img.dfimoveis.com.br/fotos/1366840/593b4f9b46e249ee70f0800914b0b38f.webp,['https://img.dfimoveis.com.br/fotos/1366840/593b4f9b46e249ee70f0800914b0b38f.webp'],Grupo Carlton,2026-08-30T15:04:20.559788
028016601e55,dfimoveis_1143400,"Polo de Desenv Juscelino Kubitschek Trecho 5 Conjunto 9, PÓLO JK, SANTA MARIA",/imovel/galpo-0-quartos-aluguel-polo-jk-santa-maria-df-polo-de-desenv-juscelino-kubitschek-trecho-5-conjunto-9-1143400,52000,"Excelentes galpões logísticos recém reformados. 

2 Galpões de 1.000 m² cada, em um terreno de 10.000 m². Ótima opção pa... 11/04/25",N/A,N/A,N/A,N/A,2000 m²,Santa Maria,https://img.dfimoveis.com.br/fotos/1143400/91b26907a99110e794582d25f3e70d53.webp,['https://img.dfimoveis.com.br/fotos/1143400/91b26907a99110e794582d25f3e70d53.webp'],José Martins Soluções Desenvolvimento Imobiliário,2026-08-30T15:04:20.563041
a2bf97c0b8ea,dfimoveis_1369774,"SHTN Trecho 1, ASA NORTE, BRASILIA",/imovel/hotel-flat-1-quarto-aluguel-asa-norte-brasilia-df-shtn-trecho-1-1369774,3290,"LAKE SIDE – APARTAMENTO PARA LOCAÇÃO | 1º ANDAR | LAZER COMPLETO
Excelente oportunidade para quem busca conforto, pratic... 17/06/26",1 Quarto,N/A,N/A,N/A,37 m²,Asa Norte,https://img.dfimoveis.com.br/fotos/1369774/a284d500e080554191e19a20ea1d1815.webp,['https://img.dfimoveis.com.br/fotos/1369774/a284d500e080554191e19a20ea1d1815.webp'],Alladyno imóveis,2026-08-30T15:04:32.590245
31c122e5e6cf,dfimoveis_589677,"SHS Quadra 06 Conjunto A Bloco D, ASA SUL, BRASILIA",/imovel/sala-0-quartos-aluguel-asa-sul-brasilia-df-shs-quadra-06-conjunto-a-bloco-d-589677,19500,"VILLA127970 - Última atualização: 29/08/26 23:32
Excelente oportunidade para academias. Possui piscina e um amplo espaço... 23/07/22",N/A,N/A,N/A,N/A,607 m²,Asa Sul,https://img.dfimoveis.com.br/fotos/589677/3719635e597e64417395d1b3f7ffaadf.jpg?format=webp,['https://img.dfimoveis.com.br/fotos/589677/3719635e597e64417395d1b3f7ffaadf.jpg?format=webp'],Arca Empreendimentos Imobiliários,2026-08-30T15:04:32.592572
fca4da828dfd,dfimoveis_1362705,"CLN 309, ASA NORTE, BRASILIA",/imovel/sala-0-quartos-aluguel-asa-norte-brasilia-df-cln-309-1362705,2890,"Ambiente amplo, ar-condicionado instalado e ótima iluminação natural. O espaço conta ainda com área reservada ao fundo, ... 03/06/26",N/A,N/A,N/A,N/A,38 m²,Asa Norte,https://img.dfimoveis.com.br/fotos/1362705/b4a8459fbaa3756c773ef82586b1839b.webp,['https://img.dfimoveis.com.br/fotos/1362705/b4a8459fbaa3756c773ef82586b1839b.webp'],Pilotis Imóveis,2026-08-30T15:04:32.596760
b7d762d32b77,dfimoveis_1273392,"SHS Quadra 6 Conjunto A Bloco A, ASA SUL, BRASILIA",/imovel/sala-0-quartos-aluguel-asa-sul-brasilia-df-shs-quadra-6-conjunto-a-bloco-a-1273392,63067,"Sala reformada com mezanino disponível para locação com divisórias, banheiros feminino e masculino, banheiros privativos... 10/12/25",N/A,N/A,N/A,N/A,525 m²,Asa Sul,https://img.dfimoveis.com.br/fotos/1273392/7d0bedb98f0fb99ee48c88911a062cfb.webp,['https://img.dfimoveis.com.br/fotos/1273392/7d0bedb98f0fb99ee48c88911a062cfb.webp'],Realiza Corretora de Seguros e Imóveis,2026-08-30T15:04:32.601184
1809410457e6,dfimoveis_1349464,"SBS Quadra 2, ASA SUL, BRASILIA",/imovel/prdio-0-quartos-aluguel-asa-sul-brasilia-df-sbs-quadra-2-1349464,19382,Excelente oportunidade para instalar o seu negócio no coração do Setor Bancário Sul. Esta loja térrea oferece 97 m² de á... 08/05/26,N/A,N/A,N/A,N/A,97 m²,Asa Sul,https://img.dfimoveis.com.br/fotos/1349464/d3d33fd3df77528fc42e83f2b8eb14b4.webp,['https://img.dfimoveis.com.br/fotos/1349464/d3d33fd3df77528fc42e83f2b8eb14b4.webp'],Grupo Carlton,2026-08-30T15:04:32.604792
d90a9be1e82a,dfimoveis_1313534,"CLS 315 Bloco D, ASA SUL, BRASILIA",/imovel/loja-0-quartos-aluguel-asa-sul-brasilia-df-cls-315-bloco-d-1313534,9990,"Loja de esquina, totalmente reformada, com excelente distribuição de ambientes e conjunto de salas no subsolo!

No térre... 04/03/26",N/A,N/A,N/A,N/A,140 m²,Asa Sul,https://img.dfimoveis.com.br/fotos/1313534/a365163929025563e8376e20647ed66f.webp,['https://img.dfimoveis.com.br/fotos/1313534/a365163929025563e8376e20647ed66f.webp'],Elo imóveis,2026-08-30T15:04:32.608736
42f39f787227,dfimoveis_1207785,"Quadra 2, SETOR DE INDUSTRIAS BERNARDO SAYAO, NUCLEO BANDEIRANTE",/imovel/prdio-0-quartos-aluguel-setor-de-industrias-bernardo-sayao-nucleo-bandeirante-df-quadra-2-1207785,48000,"Prédio Térreo no Núcleo Bandeirante.
Oportunidade imperdível no Setor de Indústrias Bernardo Sayão, Núcleo Bandeirante/D... 07/08/25",N/A,N/A,N/A,17 Vagas,1700 m²,Núcleo Bandeirante,https://img.dfimoveis.com.br/fotos/1207785/95eb0487dc0a6bd6d1eda7b9f0d028b7.webp,['https://img.dfimoveis.com.br/fotos/1207785/95eb0487dc0a6bd6d1eda7b9f0d028b7.webp'],Portto Imóveis,2026-08-30T15:04:32.611470
1c23d577a1b4,dfimoveis_1365938,"SHIS QL 2, LAGO SUL, BRASILIA",/imovel/casa-4-quartos-aluguel-lago-sul-brasilia-df-shis-ql-2-1365938,29000,"Venha conferir esta EXCLUSIVIDADE:

Terreno com 1200m2 + 18.800m² de área verde! 
Viver no Lago Sul é desacelerar o temp... 09/06/26",4 Quartos,4 Suítes,N/A,4 Vagas,600 m²,Lago Sul,https://img.dfimoveis.com.br/fotos/1365938/7d3f1f4cdd5206371b7bd6c77e306f3e.webp,['https://img.dfimoveis.com.br/fotos/1365938/7d3f1f4cdd5206371b7bd6c77e306f3e.webp'],61 Imóveis,2026-08-30T15:04:32.614495
378186cf031b,dfimoveis_1268009,"QN 112, SAMAMBAIA SUL, SAMAMBAIA",/imovel/apartamento-2-quartos-aluguel-samambaia-sul-samambaia-df-qn-112-1268009,2734,"Apartamento de 2 quartos, 100% mobiliado, para alugar em Samambaia Sul, perto do metrô, com ótima localização e excelent... 28/11/25",2 Quartos,N/A,N/A,N/A,44 m²,Samambaia,https://img.dfimoveis.com.br/fotos/1268009/cee69451428cd3ecb8df8e8901a78659.webp,['https://img.dfimoveis.com.br/fotos/1268009/cee69451428cd3ecb8df8e8901a78659.webp'],LUGGO,2026-08-30T15:04:32.617166
a9f43f5f8acf,dfimoveis_1140034,"CLN 116 Bloco H, ASA NORTE, BRASILIA",/imovel/sala-0-quartos-aluguel-asa-norte-brasilia-df-cln-116-bloco-h-1140034,800,"Sala Comercial para Locação – CLN 116, Ed. Buriti – Asa Norte

Excelente oportunidade para quem busca praticidade, local... 04/04/25",N/A,N/A,N/A,N/A,35 m²,Asa Norte,https://img.dfimoveis.com.br/fotos/1140034/24a4b809aac5ec1fd425c1110b596e44.webp,['https://img.dfimoveis.com.br/fotos/1140034/24a4b809aac5ec1fd425c1110b596e44.webp'],Manu Imóveis,2026-08-30T15:04:32.619870
211df2b1b03b,dfimoveis_1381286,"SGCV Lote 15, PARK SUL, BRASILIA",/imovel/apartamento-1-quarto-aluguel-park-sul-brasilia-df-sgcv-lote-15-1381286,3500,"Ideal para quem busca conforto, praticidade e uma localização privilegiada.

  30 m² de área privativa com excelente apr... 08/07/26",1 Quarto,N/A,N/A,1 Vaga,30 m²,Park Sul,https://img.dfimoveis.com.br/fotos/1381286/6d64c71dcf49994451b55b7d52353009.webp,['https://img.dfimoveis.com.br/fotos/1381286/6d64c71dcf49994451b55b7d52353009.webp'],Alpha Brasilia Administradora de Imóveis,2026-08-30T15:04:32.622727
d577cd4a142c,dfimoveis_1375716,"CLSW 300A, SUDOESTE, BRASILIA",/imovel/apartamento-1-quarto-aluguel-sudoeste-brasilia-df-clsw-300a-1375716,2800,"TH35509 - Shcsw Clsw 300A Sudoeste - Res. Belas Artes, Apartamento Mobiliado 01 quarto, 33m². Agende sua visita!  

O im... 01/07/26",1 Quarto,1 Suíte,N/A,1 Vaga,33 m²,Sudoeste,https://img.dfimoveis.com.br/fotos/1375716/58538ef6971d769085fd07a6c6f32b23.webp,['https://img.dfimoveis.com.br/fotos/1375716/58538ef6971d769085fd07a6c6f32b23.webp'],Thaís Imobiliária,2026-08-30T15:04:32.627353
7f018c757625,dfimoveis_1409061,"SQN 215 Bloco B, ASA NORTE, BRASILIA",/imovel/apartamento-2-quartos-aluguel-asa-norte-brasilia-df-sqn-215-bloco-b-1409061,8500,"*** Apartamento alugado mobiliado e equipado***

Apartamento cobertura, mobiliado e equipado, com 113 m2 de área útil e ... 09/08/26",2 Quartos,1 Suíte,N/A,1 Vaga,113 m²,Asa Norte,https://img.dfimoveis.com.br/fotos/1409061/21c1c07b1503f40da17b3db3fc5f50d5.webp,['https://img.dfimoveis.com.br/fotos/1409061/21c1c07b1503f40da17b3db3fc5f50d5.webp'],Curadoria de Imóveis,2026-08-30T15:04:32.629993
d7712258607b,dfimoveis_1416374,"Rua 31, SUL, AGUAS CLARAS",/imovel/apartamento-2-quartos-aluguel-sul-aguas-claras-df-rua-31-1416374,4900,Viva no topo da exclusividade com a Cobertura Premium no LV 31 em Águas Claras! Este imóvel de alto padrão oferece tudo ... 22/08/26,2 Quartos,1 Suíte,N/A,2 Vagas,111 m²,Águas Claras,https://img.dfimoveis.com.br/fotos/1416374/6527f3983e7dac569c913b303c5c79da.webp,['https://img.dfimoveis.com.br/fotos/1416374/6527f3983e7dac569c913b303c5c79da.webp'],Coelho Imóveis Consultoria Prime,2026-08-30T15:04:32.632408
20068ff3e1b4,dfimoveis_1297093,"CRS 513, ASA SUL, BRASILIA",/imovel/kitnet-1-quarto-aluguel-asa-sul-brasilia-df-crs-513-1297093,1800,"Asa Sul CRS 513 – Ed. Rolimam. 

Imóvel ideal para quem busca praticidade no dia a dia. O espaço conta com piso flutuant... 03/02/26",1 Quarto,N/A,N/A,N/A,36 m²,Asa Sul,https://img.dfimoveis.com.br/fotos/1297093/ebe085c813910e72f334601d1ea48719.webp,['https://img.dfimoveis.com.br/fotos/1297093/ebe085c813910e72f334601d1ea48719.webp'],Aldeia Imóveis,2026-08-30T15:04:32.634382
79b50b389325,dfimoveis_1414342,"Rua 20, SUL, AGUAS CLARAS",/imovel/apartamento-2-quartos-aluguel-sul-aguas-claras-df-rua-20-1414342,3200,"TH21535 - Rua 20 Águas claras - Res. Park Avenue, Apartamento 02 quartos sendo 01 suíte, 76m². Agende sua visita! 
 
Imó... 19/08/26",2 Quartos,1 Suíte,N/A,1 Vaga,76 m²,Águas Claras,https://img.dfimoveis.com.br/fotos/1414342/1bfeda6dccf7cf25f9ed84ccd8346897.webp,['https://img.dfimoveis.com.br/fotos/1414342/1bfeda6dccf7cf25f9ed84ccd8346897.webp'],Thaís Imobiliária,2026-08-30T15:04:32.636532
44b51ed9de3d,dfimoveis_1405347,"Quadra 201, SUL, AGUAS CLARAS",/imovel/apartamento-4-quartos-aluguel-sul-aguas-claras-df-quadra-201-1405347,5700,"Descubra um apartamento confortável e bem localizado na Quadra 201, SUL, AGUAS CLARAS, DF. Com 143m² de área útil, ofere... 31/07/26",4 Quartos,2 Suítes,N/A,2 Vagas,143 m²,Águas Claras,https://img.dfimoveis.com.br/fotos/1405347/6de68612458e4e1b11c36910216cedf4.webp,['https://img.dfimoveis.com.br/fotos/1405347/6de68612458e4e1b11c36910216cedf4.webp'],BBS NEGOCIOS IMOBILIARIOS,2026-08-30T15:04:32.638680
883d45101c55,dfimoveis_1371328,"Rua 25, SUL, AGUAS CLARAS",/imovel/loja-0-quartos-aluguel-sul-aguas-claras-df-rua-25-1371328,2400,"Localizada na Rua 25 Sul, bloco B, lote nº 30. Próximo a estação de metrô Aguas Claras, Hospital Brasília, comércio dive... 20/06/26",N/A,N/A,N/A,N/A,72 m²,Águas Claras,https://img.dfimoveis.com.br/fotos/1371328/c33893ece4d1228b0a5f1f61b350ec1d.webp,['https://img.dfimoveis.com.br/fotos/1371328/c33893ece4d1228b0a5f1f61b350ec1d.webp'],Multivendas - A Sua Imobiliária,2026-08-30T15:04:32.640679
4999e20541e9,dfimoveis_1419556,"Área Especial 4, GUARA II, GUARA",/imovel/apartamento-3-quartos-aluguel-guara-ii-guara-df-area-especial-4-1419556,7000,"Área Especial 4 -  1ª Locação - 03 quartos, sendo 01 suíte - Residencial Auster  - Guará II

Imóvel e condomínio novo, 1... 28/08/26",3 Quartos,1 Suíte,N/A,2 Vagas,97 m²,Guará,https://img.dfimoveis.com.br/fotos/1419556/9d3d16c7f0d61ff43b442ace00c9b244.webp,['https://img.dfimoveis.com.br/fotos/1419556/9d3d16c7f0d61ff43b442ace00c9b244.webp'],Coemi Imóveis ,2026-08-30T15:04:32.643099
2de6cf7ad02e,dfimoveis_1180861,"QS 5 Rua 400, AREAL, AGUAS CLARAS",/imovel/apartamento-2-quartos-aluguel-areal-aguas-claras-df-qs-5-rua-400-1180861,3650,"Montana Residencial - andar alto, com varanda

- 2 quartos, sendo uma suíte com armários;
- Sala em dois ambientes com v... 12/06/25",2 Quartos,1 Suíte,N/A,2 Vagas,66 m²,Águas Claras,https://img.dfimoveis.com.br/fotos/1180861/515eb21414547008a672fd4b0a82751e.webp,['https://img.dfimoveis.com.br/fotos/1180861/515eb21414547008a672fd4b0a82751e.webp'],Capital Home - Soluções Imobiliárias,2026-08-30T15:04:32.647067
a531fab7afa5,dfimoveis_1407477,"SQNW 310 Bloco C, NOROESTE, BRASILIA",/imovel/apartamento-1-quarto-aluguel-noroeste-brasilia-df-sqnw-310-bloco-c-1407477,3900,"Apartamento Mobiliado para Aluguel no Noroeste | SQNW 310

More com conforto, praticidade e em uma das localizações mais... 05/08/26",1 Quarto,1 Suíte,N/A,1 Vaga,41 m²,Noroeste,https://img.dfimoveis.com.br/fotos/1407477/e48c7ce7617827b31f81b018da4c1fb7.webp,['https://img.dfimoveis.com.br/fotos/1407477/e48c7ce7617827b31f81b018da4c1fb7.webp'],João Moreira,2026-08-30T15:04:32.649639
9f89e0c786d7,dfimoveis_1370095,"SGCV Lote 20, PARK SUL, BRASILIA",/imovel/apartamento-4-quartos-aluguel-park-sul-brasilia-df-sgcv-lote-20-1370095,10900,"NEW YORK PARK SUL | PRIMEIRA LOCAÇÃO | NOVINHO E PRONTO PRA MORAR

Excelente apartamento em andar alto, com vista intern... 17/06/26",4 Quartos,2 Suítes,N/A,2 Vagas,129 m²,Park Sul,https://img.dfimoveis.com.br/fotos/1370095/1b67b43b29cc3b7cf0e43b7272f6468b.webp,['https://img.dfimoveis.com.br/fotos/1370095/1b67b43b29cc3b7cf0e43b7272f6468b.webp'],Elias Junior Assessoria Imobiliária,2026-08-30T15:04:32.651874
88113a7ecb57,dfimoveis_1341454,"SQSW 300 Bloco L, SUDOESTE, BRASILIA",/imovel/apartamento-3-quartos-aluguel-sudoeste-brasilia-df-sqsw-300-bloco-l-1341454,15500,"A SCALERCIO IMOBILIARIA ALUGA COM EXCLUSIVIDADE.

PLANTÃO DE LOCAÇÃO: (61) 99339-7777.
Escritório Águas Claras:  (61) 35... 24/04/26",3 Quartos,3 Suítes,N/A,2 Vagas,179 m²,Sudoeste,https://img.dfimoveis.com.br/fotos/1341454/081939fc2356e64af36174353cd8cdf2.webp,['https://img.dfimoveis.com.br/fotos/1341454/081939fc2356e64af36174353cd8cdf2.webp'],Scalercio Imobiliária,2026-08-30T15:04:32.653962
ed4061220142,dfimoveis_1236863,"SMAS, PARK SUL, BRASILIA",/imovel/sala-0-quartos-aluguel-park-sul-brasilia-df-smas-1236863,23085,"Sala pronta para uso, disponível para locação, no ParkShopping Corporate.

Com 243 m² de Área Privativa, é a solução per... 01/10/25",N/A,N/A,N/A,7 Vagas,243 m²,Park Sul,https://img.dfimoveis.com.br/fotos/1236863/88dfaf9f3a416b0decc4663a043c12c5.webp,['https://img.dfimoveis.com.br/fotos/1236863/88dfaf9f3a416b0decc4663a043c12c5.webp'],José Martins Soluções Desenvolvimento Imobiliário,2026-08-30T15:04:32.655992
ac43810b6a0d,dfimoveis_1369900,"Rua 13, NORTE, AGUAS CLARAS",/imovel/apartamento-3-quartos-aluguel-norte-aguas-claras-df-rua-13-1369900,6500,"Conquiste conforto e praticidade no coração de Águas Claras: este duplex de 3 quartos no renomado Ilha de Manhattan, na ... 17/06/26",3 Quartos,3 Suítes,N/A,2 Vagas,180 m²,Águas Claras,https://img.dfimoveis.com.br/fotos/1369900/30e1f5baf110f93f7bb2530d2730b260.webp,['https://img.dfimoveis.com.br/fotos/1369900/30e1f5baf110f93f7bb2530d2730b260.webp'],Athaydes Imóveis,2026-08-30T15:04:32.658419
e91992766d23,dfimoveis_1280166,"SHIS QI 27 Conjunto 4, LAGO SUL, BRASILIA",/imovel/casa-4-quartos-aluguel-lago-sul-brasilia-df-shis-qi-27-conjunto-4-1280166,18500,"Linda casa térrea, edificada em um terreno de 800m² + 400m² de área verde, 460,91 m2 de área construída. Um projeto prim... 23/12/25",4 Quartos,4 Suítes,N/A,3 Vagas,456 m²,Lago Sul,https://img.dfimoveis.com.br/fotos/1280166/87a1ed707c2d2c8b2246df99f5e95fa7.webp,['https://img.dfimoveis.com.br/fotos/1280166/87a1ed707c2d2c8b2246df99f5e95fa7.webp'],Casa Moura Imóveis,2026-08-30T15:04:32.661230
4fc4bddeb701,dfimoveis_1338624,"Condomínio Quintas do Sol, JARDIM BOTANICO, BRASILIA",/imovel/casa-condominio-4-quartos-aluguel-jardim-botanico-brasilia-df-condominio-quintas-do-sol-1338624,9900,"CASA PARA LOCAÇÃO – CONDOMÍNIO QUINTAS DO SOL (JARDIM BOTÂNICO)

Excelente casa localizada na QD. 09, em um dos condomín... 18/04/26",4 Quartos,4 Suítes,N/A,4 Vagas,480 m²,Jardim Botânico,https://img.dfimoveis.com.br/fotos/1338624/847a9e23e5632542593e8bc614d67c27.webp,['https://img.dfimoveis.com.br/fotos/1338624/847a9e23e5632542593e8bc614d67c27.webp'],Anderson Moraes ,2026-08-30T15:04:32.664389
f1d1b64f2243,dfimoveis_1319998,"SCN Quadra 01 Bloco C, ASA NORTE, BRASILIA",/imovel/sala-0-quartos-aluguel-asa-norte-brasilia-df-scn-quadra-01-bloco-c-1319998,33800,"Royal Premium aluga as melhores 7 salas juntas no 20º andar do Ed. Trade Center, perfazendo um total de 375,56 m², com 9... 16/03/26",N/A,N/A,N/A,9 Vagas,375 m²,Asa Norte,https://img.dfimoveis.com.br/fotos/1319998/8a5a5e862c03a7bcf6af058297262b9d.webp,['https://img.dfimoveis.com.br/fotos/1319998/8a5a5e862c03a7bcf6af058297262b9d.webp'],Royal Premium ,2026-08-30T15:04:32.666649
52091aa82ca1,dfimoveis_1415869,"QMSW 5 Lote 9, SUDOESTE, BRASILIA",/imovel/apartamento-1-quarto-aluguel-sudoeste-brasilia-df-qmsw-5-lote-9-1415869,2650,"TH35861 - Qmsw 5 Sudoeste - Apartamento 01 quartos - 28,00m². Agende sua visita! 

Imóvel composto, excelente apartament... 21/08/26",1 Quarto,1 Suíte,N/A,1 Vaga,28 m²,Sudoeste,https://img.dfimoveis.com.br/fotos/1415869/cfc998ec0abceedece47189c43300265.webp,['https://img.dfimoveis.com.br/fotos/1415869/cfc998ec0abceedece47189c43300265.webp'],Thaís Imobiliária,2026-08-30T15:04:32.668815
3c4e04a4b825,dfimoveis_1326856,"SQN 314, ASA NORTE, BRASILIA",/imovel/apartamento-4-quartos-aluguel-asa-norte-brasilia-df-sqn-314-1326856,10800,"Apartamento com planta ampla e muito bem distribuída:

Aproximadamente 187,60 m² de área privativa

4 quartos, sendo 2 s... 30/03/26",4 Quartos,2 Suítes,N/A,2 Vagas,189 m²,Asa Norte,https://img.dfimoveis.com.br/fotos/1326856/d9db275047c1ceb67f984d212fcf3e42.webp,['https://img.dfimoveis.com.br/fotos/1326856/d9db275047c1ceb67f984d212fcf3e42.webp'],Nicolle Menali,2026-08-30T15:04:32.670943
69414d145c9a,dfimoveis_1299089,"SEPS 714/914, ASA SUL, BRASILIA",/imovel/sala-0-quartos-aluguel-asa-sul-brasilia-df-seps-714-914-1299089,1800,"Excelente Sala de 34m² para aluguel na SEPS 714/914, ASA Sul, Brasília, DF. Localização estratégica no Edifício Centro E... 05/02/26",N/A,N/A,N/A,N/A,34 m²,Asa Sul,https://img.dfimoveis.com.br/fotos/1299089/abc0a31fbfbeb667403e60df0c61e224.webp,['https://img.dfimoveis.com.br/fotos/1299089/abc0a31fbfbeb667403e60df0c61e224.webp'],Serra Bonita Imóveis,2026-08-30T15:04:44.586787
98035a603a81,dfimoveis_1409944,"SHCES Quadra 509, NOVO, CRUZEIRO",/imovel/apartamento-2-quartos-aluguel-novo-cruzeiro-df-shces-quadra-509-1409944,4000,"QD 509- 62m2 -2QTS - 4 ANDAR | CRUZEIRO- MOBILIADO- PRONTO PRA MORAR!

IMÓVEL: Apartamento amplo com cerca de 60m²; mobi... 11/08/26",2 Quartos,N/A,N/A,N/A,62 m²,Cruzeiro,https://img.dfimoveis.com.br/fotos/1409944/c046a1fa2fe24219483721005adb8b85.webp,['https://img.dfimoveis.com.br/fotos/1409944/c046a1fa2fe24219483721005adb8b85.webp'],Pires Imóveis,2026-08-30T15:04:44.588795
812954160994,dfimoveis_1409066,"SQSW 103 Bloco J, SUDOESTE, BRASILIA",/imovel/apartamento-4-quartos-aluguel-sudoeste-brasilia-df-sqsw-103-bloco-j-1409066,10500,"SQSW 103 BLOCO J
(DESOCUPADO - VISITE AGORA)

 145 M²

4 QUARTOS 
SENDO 3 SUÍTES

VAZADO
VISTA LIVRE P/ PARQUE DA CIDADE... 09/08/26",4 Quartos,3 Suítes,N/A,2 Vagas,145 m²,Sudoeste,https://img.dfimoveis.com.br/fotos/1409066/29e059656167e39a32289a05e390e0ad.webp,['https://img.dfimoveis.com.br/fotos/1409066/29e059656167e39a32289a05e390e0ad.webp'],Vinícius Correia Corretor,2026-08-30T15:04:44.590924
d9cf571f042d,dfimoveis_1116298,"SMAS Trecho 1 C, PARK SUL, BRASILIA",/imovel/apartamento-2-quartos-aluguel-park-sul-brasilia-df-smas-trecho-1-c-1116298,6500,"Descubra o equilíbrio perfeito entre conforto, sofisticação e praticidade! Este incrível apartamento de 2 quartos, sendo... 20/02/25",2 Quartos,1 Suíte,N/A,2 Vagas,73 m²,Park Sul,https://img.dfimoveis.com.br/fotos/1116298/d0c2ac3a50e8e53616813ccffa535bd3.webp,['https://img.dfimoveis.com.br/fotos/1116298/d0c2ac3a50e8e53616813ccffa535bd3.webp'],Êxito Netimóveis,2026-08-30T15:04:44.593077
8364e7b28123,dfimoveis_1369482,"Rua COPAIBA, NORTE, AGUAS CLARAS",/imovel/apartamento-1-quarto-aluguel-norte-aguas-claras-df-rua-copaiba-1369482,2900,"JDM IMOBILIÁRIA ALUGA:

Apartamento no DF Plaza - Águas Claras

- Mobiliado;
- 01 quarto;
- Banheiro social;
- Sala com ... 16/06/26",1 Quarto,N/A,N/A,1 Vaga,33 m²,Águas Claras,https://img.dfimoveis.com.br/fotos/1369482/cfb504468a9291e50de5cd907b539018.webp,['https://img.dfimoveis.com.br/fotos/1369482/cfb504468a9291e50de5cd907b539018.webp'],JDM IMÓVEIS ,2026-08-30T15:04:44.597928
f58bb4b08143,dfimoveis_1414247,"Quadra 201, SUL, AGUAS CLARAS",/imovel/apartamento-1-quarto-aluguel-sul-aguas-claras-df-quadra-201-1414247,2200,"Viva o conforto e a praticidade no quadra 201 residencial first! 

Seja o primeiro a aproveitar essa incrível oportunida... 19/08/26",1 Quarto,N/A,N/A,1 Vaga,44 m²,Águas Claras,https://img.dfimoveis.com.br/fotos/1414247/0b1799df6e1361096b96f7c0b9b9d8e8.webp,['https://img.dfimoveis.com.br/fotos/1414247/0b1799df6e1361096b96f7c0b9b9d8e8.webp'],BSB Imóveis,2026-08-30T15:04:44.601436
ff961d8ed87d,dfimoveis_1401179,"SQS 304 Bloco K, ASA SUL, BRASILIA",/imovel/apartamento-3-quartos-aluguel-asa-sul-brasilia-df-sqs-304-bloco-k-1401179,7200,"Apartamento sofisticado e reformado na SQS 304 – Conforto e exclusividade

Apartamento reformado na SQS 304 – Sofisticaç... 22/07/26",3 Quartos,1 Suíte,N/A,N/A,140 m²,Asa Sul,https://img.dfimoveis.com.br/fotos/1401179/0c18e5c6108f4e44d6f2e92b0dfa7a66.webp,['https://img.dfimoveis.com.br/fotos/1401179/0c18e5c6108f4e44d6f2e92b0dfa7a66.webp'],Fort Imobi Soluções Imobiliárias,2026-08-30T15:04:44.603852
485aad337b26,dfimoveis_1409601,"SQN 407 Bloco L, ASA NORTE, BRASILIA",/imovel/apartamento-2-quartos-aluguel-asa-norte-brasilia-df-sqn-407-bloco-l-1409601,3900,"Excelente oportunidade para morar na Asa Norte!

Apartamento de 2 quartos, localizado na tradicional SQN 407, em uma reg... 10/08/26",2 Quartos,N/A,N/A,N/A,44 m²,Asa Norte,https://img.dfimoveis.com.br/fotos/1409601/31110fecb1a7794087b03fb7e238a42e.webp,['https://img.dfimoveis.com.br/fotos/1409601/31110fecb1a7794087b03fb7e238a42e.webp'],Êxito Netimóveis,2026-08-30T15:04:44.606768
5886c7315a8b,dfimoveis_1403660,"QNN 1 Conjunto B, CEILANDIA NORTE, CEILANDIA",/imovel/apartamento-2-quartos-aluguel-ceilandia-norte-ceilandia-df-qnn-1-conjunto-b-1403660,1950,"ALUGUE!
apartamento com 2 quartos, sala conjugada com cozinha com armário, piso em porcelanato, banheiro com box e armár... 28/07/26",2 Quartos,1 Suíte,N/A,N/A,52 m²,Ceilândia,https://img.dfimoveis.com.br/fotos/1403660/cd720cf75589f0f956b2e4e44e39ba1b.webp,['https://img.dfimoveis.com.br/fotos/1403660/cd720cf75589f0f956b2e4e44e39ba1b.webp'],Empreendimentos Brasília,2026-08-30T15:04:44.609367
29a95253b8cf,dfimoveis_1233028,"SCS Quadra 9, ASA SUL, BRASILIA",/imovel/loja-0-quartos-aluguel-asa-sul-brasilia-df-scs-quadra-9-1233028,53828,Essa loja térrea no Edifício Parque Cidade Corporate apresenta um ótimo acabamento e estrutura ideal para o seu negócio.... 25/09/25,N/A,N/A,N/A,N/A,134 m²,Asa Sul,https://img.dfimoveis.com.br/fotos/1233028/01a1e05107c2bb73a6d07ec9c4cb7678.webp,['https://img.dfimoveis.com.br/fotos/1233028/01a1e05107c2bb73a6d07ec9c4cb7678.webp'],GRUPO JK,2026-08-30T15:04:44.611540
aa917c310cc0,dfimoveis_1243224,"Avenida das Araucárias, SUL, AGUAS CLARAS",/imovel/loja-0-quartos-aluguel-sul-aguas-claras-df-avenida-das-araucarias-1243224,6600,"Avenida das Araucárias (Real Quality) - Águas Claras/DF.
 
Venha montar seu negócio em uma loja situada em um centro com... 11/10/25",N/A,N/A,N/A,N/A,116 m²,Águas Claras,https://img.dfimoveis.com.br/fotos/1243224/294d924c4ff84442c917a216c91c21d5.webp,['https://img.dfimoveis.com.br/fotos/1243224/294d924c4ff84442c917a216c91c21d5.webp'],GP&E Imóveis e Seguros,2026-08-30T15:04:44.614869
318172e547ae,dfimoveis_1306872,"QNM 33, CEILANDIA SUL, CEILANDIA",/imovel/apartamento-3-quartos-aluguel-ceilandia-sul-ceilandia-df-qnm-33-1306872,2100,"Explore este aconchegante apartamento no coração de Ceilândia Sul, localizado na QNM 33, Boulevard dos Ipês. Com 3 dormi... 20/02/26",3 Quartos,1 Suíte,N/A,1 Vaga,65 m²,Ceilândia,https://img.dfimoveis.com.br/fotos/1306872/01187a1d62158cac3aec3913501e02f4.webp,['https://img.dfimoveis.com.br/fotos/1306872/01187a1d62158cac3aec3913501e02f4.webp'],NOVAES IMOVEIS,2026-08-30T15:04:44.618893
6aba1db6e4a4,dfimoveis_1370833,"QNN 5 Conjunto C, CEILANDIA NORTE, CEILANDIA",/imovel/kitnet-1-quarto-aluguel-ceilandia-norte-ceilandia-df-qnn-5-conjunto-c-1370833,550,"ALUGUEL BRUTO................................................	 R$ 647,35 
DESCONTO PONTUALIDADE............................ 19/06/26",1 Quarto,N/A,N/A,N/A,26 m²,Ceilândia,https://img.dfimoveis.com.br/fotos/1370833/5b2a874b3b3dc13f9f8f49f64c7d3aef.webp,['https://img.dfimoveis.com.br/fotos/1370833/5b2a874b3b3dc13f9f8f49f64c7d3aef.webp'],Antônio Filho Imobiliária,2026-08-30T15:04:44.621646
ee055bb46d1d,dfimoveis_1358881,"QE 7 Bloco E, GUARA I, GUARA",/imovel/sala-0-quartos-aluguel-guara-i-guara-df-qe-7-bloco-e-1358881,16000,"TH35268 - Qe 07 Guará - Ed. Guará One, Excelente Andar Corporativo, 140m². Agende sua visita!  

Andar corporativo  em v... 26/05/26",N/A,N/A,N/A,N/A,140 m²,Guará,https://img.dfimoveis.com.br/fotos/1358881/4584d1e56eb0cbc3190b1ca75104853f.webp,['https://img.dfimoveis.com.br/fotos/1358881/4584d1e56eb0cbc3190b1ca75104853f.webp'],Thaís Imobiliária,2026-08-30T15:04:44.624424
061370bede5b,dfimoveis_366824,"Rua 37, SUL, AGUAS CLARAS",/imovel/apartamento-1-quarto-aluguel-sul-aguas-claras-df-rua-37-366824,1800,"ÓTIMO Apartamento composto de sala com rack, quarto com armário de 02 portas, cortinas com blackout na janela, prateleir... 22/09/21",1 Quarto,N/A,N/A,1 Vaga,33 m²,Águas Claras,https://img.dfimoveis.com.br/fotos/366824/1b00bdc77460c8c666fce3da3c56aa30.jpg?format=webp,['https://img.dfimoveis.com.br/fotos/366824/1b00bdc77460c8c666fce3da3c56aa30.jpg?format=webp'],Solo Empreendimentos Imobiliários,2026-08-30T15:04:44.626687
8319ccb4c785,dfimoveis_1363605,"SGCV, PARK SUL, BRASILIA",/imovel/apartamento-1-quarto-aluguel-park-sul-brasilia-df-sgcv-1363605,2690,"NEVES TEIXEIRA IMÓVEIS ALUGA:
 
Espetacular apartamento no Vista Park Sul, com 27m², mobiliado e pronto para morar. O im... 04/06/26",1 Quarto,1 Suíte,N/A,N/A,27 m²,Park Sul,https://img.dfimoveis.com.br/fotos/1363605/56c0d88df9e2a2b37600fdeaea22a2c0.webp,['https://img.dfimoveis.com.br/fotos/1363605/56c0d88df9e2a2b37600fdeaea22a2c0.webp'],Neves Teixeira Imóveis,2026-08-30T15:04:44.629306
8c3d5b41060d,dfimoveis_1416976,"SQNW 311 Bloco A, NOROESTE, BRASILIA",/imovel/apartamento-3-quartos-aluguel-noroeste-brasilia-df-sqnw-311-bloco-a-1416976,9900,"Victor Cruz Negócios Imobiliários LTDA aluga:

SQNW 311 Bloco A, Reserva Noroeste.

Excelente apartamento mobiliado, com... 23/08/26",3 Quartos,1 Suíte,N/A,2 Vagas,126 m²,Noroeste,https://img.dfimoveis.com.br/fotos/1416976/908fbf234ab9de06dd0f5696146ec9b0.webp,['https://img.dfimoveis.com.br/fotos/1416976/908fbf234ab9de06dd0f5696146ec9b0.webp'],Victor Cruz Negócios Imobiliários,2026-08-30T15:04:44.632048
601350e45ab7,dfimoveis_1401987,"RODOVIA BR 0020, VILLAGE, FORMOSA",/imovel/galpo-0-quartos-aluguel-village-formosa-go-rodovia-br-0020-1401987,14000,"Localização estratégica às margens da BR-020 em Formosa, garantindo fácil acesso e visibilidade.

Especificações:

Área ... 24/07/26",N/A,N/A,N/A,N/A,900 m²,Outro,https://img.dfimoveis.com.br/fotos/1401987/a196d29ffd068d6b005180e59f3ac8b3.webp,['https://img.dfimoveis.com.br/fotos/1401987/a196d29ffd068d6b005180e59f3ac8b3.webp'],Azevedo Imóveis,2026-08-30T15:04:44.634931
58ca383273d2,dfimoveis_913442,"Avenida Jequitibá, SUL, AGUAS CLARAS",/imovel/loja-0-quartos-aluguel-sul-aguas-claras-df-avenida-jequitiba-913442,1400,"EXCELENTE LOJA COMERCIAL!!!
COMPOSTA POR: 
- DIVISÃO INTERNA EM GESSO;
- 01 BANHEIRO;

VALOR: R$1.400,00 (COM DESCONTO D... 07/02/24",N/A,N/A,1,N/A,38 m²,Águas Claras,https://img.dfimoveis.com.br/fotos/913442/264e14fa54d51d1e20403dc3cbb493e3.jpg?format=webp,['https://img.dfimoveis.com.br/fotos/913442/264e14fa54d51d1e20403dc3cbb493e3.jpg?format=webp'],Bandeirante Imóveis,2026-08-30T15:04:44.636879
4523fe5c0104,dfimoveis_1373345,"QNL 18 Conjunto A, TAGUATINGA NORTE, TAGUATINGA",/imovel/casa-3-quartos-aluguel-taguatinga-norte-taguatinga-df-qnl-18-conjunto-a-1373345,4000,"CASA REFORMADA MODERNA 3 QTS, 2 SUITES, ÁREA GOURMET, QNL 18 CONJUNTO A - TAGUATINGA NORTE
Excelente casa moderna e bem ... 25/06/26",3 Quartos,2 Suítes,N/A,2 Vagas,185 m²,Taguatinga,https://img.dfimoveis.com.br/fotos/1373345/48621ef900e80d41b7f273d58c37a17c.webp,['https://img.dfimoveis.com.br/fotos/1373345/48621ef900e80d41b7f273d58c37a17c.webp'],Realiza Imóveis ,2026-08-30T15:04:44.638985
9bbe3efa6acd,dfimoveis_1419447,"QC 8, JARDINS MANGUEIRAL, BRASILIA",/imovel/casa-condominio-2-quartos-aluguel-jardins-mangueiral-brasilia-df-qc-8-1419447,2900,"ID212

CASA DE 2 QUARTOS NA QC-08 REFORMADA.

Casa 88m² de área útil privativa, com as seguintes características:

TÉRRE... 28/08/26",2 Quartos,1 Suíte,N/A,2 Vagas,88 m²,Jardins Mangueiral,https://img.dfimoveis.com.br/fotos/1419447/a35b2763541fa98a19520bac634d2d0b.webp,['https://img.dfimoveis.com.br/fotos/1419447/a35b2763541fa98a19520bac634d2d0b.webp'],Larbow Imobiliária,2026-08-30T15:04:44.641129
8fae160ec393,dfimoveis_1358031,"EQNM 24/26, CEILANDIA NORTE, CEILANDIA",/imovel/apartamento-2-quartos-aluguel-ceilandia-norte-ceilandia-df-eqnm-24-26-1358031,1000,"ALUGUEL BRUTO................................................	 R$ 1.177,00 
DESCONTO PONTUALIDADE.......................... 24/05/26",2 Quartos,N/A,N/A,1 Vaga,50 m²,Ceilândia,https://img.dfimoveis.com.br/fotos/1358031/2f91350b2a581e8a69fdb37032ac48f9.webp,['https://img.dfimoveis.com.br/fotos/1358031/2f91350b2a581e8a69fdb37032ac48f9.webp'],Antônio Filho Imobiliária,2026-08-30T15:04:44.643166
10c81793f338,dfimoveis_1347916,"Rua 12, SUL, AGUAS CLARAS",/imovel/apartamento-3-quartos-aluguel-sul-aguas-claras-df-rua-12-1347916,3600,"Apartamento com excelentes armários.
Localização Estratégica! 06/05/26",3 Quartos,1 Suíte,N/A,1 Vaga,93 m²,Águas Claras,https://img.dfimoveis.com.br/fotos/1347916/beed64f3be32bd94c897d74efb6b62e0.webp,['https://img.dfimoveis.com.br/fotos/1347916/beed64f3be32bd94c897d74efb6b62e0.webp'],RBarros,2026-08-30T15:04:44.645974
339ca7608c6a,dfimoveis_1314639,"SCS Quadra 01 Bloco E Lote 30, ASA SUL, BRASILIA",/imovel/sala-0-quartos-aluguel-asa-sul-brasilia-df-scs-quadra-01-bloco-e-lote-30-1314639,600,"Salas Comerciais para Aluguel – Andar Alto, Vista Privilegiada ao BACEN!

• R$ 1.200,00 para as 2 salas conjugadas;
•... 05/03/26",N/A,N/A,N/A,N/A,70 m²,Asa Sul,https://img.dfimoveis.com.br/fotos/1314639/127a9dea838a9a5cb9f210bf3bc8db00.webp,['https://img.dfimoveis.com.br/fotos/1314639/127a9dea838a9a5cb9f210bf3bc8db00.webp'],Lamia,2026-08-30T15:04:44.648530
f343db3f8346,dfimoveis_1345971,"Área Especial 02, SETOR CENTRAL, VILA ESTRUTURAL",/imovel/galpo-0-quartos-aluguel-setor-central-vila-estrutural-df-area-especial-02-1345971,7000,"GALPÃO COM 300 M². PÉ DIREITO 7 METROS, 2 WC, + UM PARA BANHO, GALPÃO NOVO 2026, LOCALIZAÇÃO PRIVILEGIADA;
Excelente ilu... 02/05/26",N/A,N/A,N/A,N/A,300 m²,Outro,https://img.dfimoveis.com.br/fotos/1345971/db4071eb319e266455f542d6cbaab9b9.webp,['https://img.dfimoveis.com.br/fotos/1345971/db4071eb319e266455f542d6cbaab9b9.webp'],Realiza Imóveis ,2026-08-30T15:04:44.651172
73771da64db5,dfimoveis_1319682,"SGCV, PARK SUL, BRASILIA",/imovel/apartamento-4-quartos-aluguel-park-sul-brasilia-df-sgcv-1319682,9000,"VILLA152925 - Última atualização: 29/08/26 23:31
Espetacular apartamento 4 quartos condomínio Ilhas Maurício

- Apartame... 15/03/26",4 Quartos,4 Suítes,N/A,2 Vagas,120 m²,Park Sul,https://img.dfimoveis.com.br/fotos/1319682/2dfd04a83c2ae7669a373ddc8abe2d43.webp,['https://img.dfimoveis.com.br/fotos/1319682/2dfd04a83c2ae7669a373ddc8abe2d43.webp'],Bordalo Imob,2026-08-30T15:04:44.653319
c19b97dbe072,dfimoveis_1160507,"SCN Quadra 4 Bloco B, ASA NORTE, BRASILIA",/imovel/sala-0-quartos-aluguel-asa-norte-brasilia-df-scn-quadra-4-bloco-b-1160507,38300,"Sala em vão livre com área privativa de 621,82m² com recepção, no contra piso, 02 banheiros comercial sendo feminino e m... 13/05/25",N/A,N/A,2,12 Vagas,771 m²,Asa Norte,https://img.dfimoveis.com.br/fotos/1160507/c66840945999849557b6a0b520e52022.webp,['https://img.dfimoveis.com.br/fotos/1160507/c66840945999849557b6a0b520e52022.webp'],Realiza Corretora de Seguros e Imóveis,2026-08-30T15:04:44.655314
3c553977bcd5,dfimoveis_1345356,"Condomínio Jardim Botânico VI, JARDIM BOTANICO, BRASILIA",/imovel/casa-4-quartos-aluguel-jardim-botanico-brasilia-df-condominio-jardim-botanico-vi-1345356,15000,"CASA MODERNA | NOVA | SUÍTES | CONDOMÍNIO FECHADO

A CASA DOS SEUS SONHOS NO CONDOMÍNIO JARDIM BOTÂNICO VI

Apresentamos... 30/04/26",4 Quartos,2 Suítes,N/A,4 Vagas,320 m²,Jardim Botânico,https://img.dfimoveis.com.br/fotos/1345356/dbd3af55b007cad6d682751a33f16dd7.webp,['https://img.dfimoveis.com.br/fotos/1345356/dbd3af55b007cad6d682751a33f16dd7.webp'],Santiago Imobiliária,2026-08-30T15:04:44.657485
48a7c79a727d,dfimoveis_1346844,"SOFN Quadra 4, SOF NORTE, SETOR INDUSTRIAL",/imovel/prdio-0-quartos-aluguel-sof-norte-setor-industrial-df-sofn-quadra-4-1346844,4590,"PARTICULAR | ALUGA-SE EXCELENTE LOJA TÉRREA NO SOF NORTE
Oportunidade única para instalar sua empresa em uma das regiões... 05/05/26",N/A,N/A,N/A,N/A,300 m²,Setor Industrial,https://img.dfimoveis.com.br/fotos/1346844/17e99baa63279efb22e670f211cc041c.webp,['https://img.dfimoveis.com.br/fotos/1346844/17e99baa63279efb22e670f211cc041c.webp'],Paulo Alencar Imóveis,2026-08-30T15:04:44.659480
b7e37d3d4f77,dfimoveis_1169148,"SHCES Quadra 1205 Bloco D, NOVO, CRUZEIRO",/imovel/apartamento-3-quartos-aluguel-novo-cruzeiro-df-shces-quadra-1205-bloco-d-1169148,4300,"TH32515 - Shces Qd 1205 Cruzeiro novo - Condominio do Bloco D da Shces 1205, Apartamento 03 quartos sendo 01 suíte, 67m²... 23/05/25",3 Quartos,1 Suíte,N/A,N/A,67 m²,Cruzeiro,https://img.dfimoveis.com.br/fotos/1169148/1a5eeca6527513f8832b107507dd91e6.jpg?format=webp,['https://img.dfimoveis.com.br/fotos/1169148/1a5eeca6527513f8832b107507dd91e6.jpg?format=webp'],Thaís Imobiliária,2026-08-30T15:04:44.661870
bc62c2d42515,dfimoveis_822536,"Avenida das Araucárias, SUL, AGUAS CLARAS",/imovel/apartamento-1-quarto-aluguel-sul-aguas-claras-df-avenida-das-araucarias-822536,1800,"Locação - Kitnet com Vaga de Garagem - Residencial Blend - Águas Claras .

TOP LINE.
IMÓVEIS EXCLUSIVOS PARA CLIENTES EX... 21/08/23",1 Quarto,N/A,N/A,1 Vaga,32 m²,Águas Claras,https://img.dfimoveis.com.br/fotos/822536/516caf8a8f2ea41097ea879bb87f550a.jpg?format=webp,['https://img.dfimoveis.com.br/fotos/822536/516caf8a8f2ea41097ea879bb87f550a.jpg?format=webp'],Top line,2026-08-30T15:04:56.737929
e40524a756fe,dfimoveis_1374207,"SQN 310 Bloco B, ASA NORTE, BRASILIA",/imovel/apartamento-4-quartos-aluguel-asa-norte-brasilia-df-sqn-310-bloco-b-1374207,13000,"Asa Norte, SQN 310 Bloco B. Apartamento Duplex para locação!

DESOCUPADO!!!

**MOBÍLIA NÃO INCLUSA**

Imóvel perfeito pa... 26/06/26",4 Quartos,2 Suítes,N/A,2 Vagas,275 m²,Asa Norte,https://img.dfimoveis.com.br/fotos/1374207/42e84fca79b61913f570ec912453447b.webp,['https://img.dfimoveis.com.br/fotos/1374207/42e84fca79b61913f570ec912453447b.webp'],Êxito Premium,2026-08-30T15:04:56.740108
581f3d6d73b8,dfimoveis_799710,"QMSW 5 Lote 2 Bloco B, SUDOESTE, BRASILIA",/imovel/kitnet-1-quarto-aluguel-sudoeste-brasilia-df-qmsw-5-lote-2-bloco-b-799710,2800,"Kit toda reformada, mobiliada, com armários, ar condicionado, utensílios, nascente, vista livre, garagem coberta no subs... 10/07/23",1 Quarto,1 Suíte,N/A,1 Vaga,25 m²,Sudoeste,https://img.dfimoveis.com.br/fotos/799710/ac657f486efdccfa5e83ce3b33824ee3.jpg?format=webp,['https://img.dfimoveis.com.br/fotos/799710/ac657f486efdccfa5e83ce3b33824ee3.jpg?format=webp'],Airtton Jr Consultoria em Imoveis,2026-08-30T15:04:56.742845
10f64d3cf2a3,dfimoveis_1409670,"Rodovia DF 003, LAGO NORTE, BRASILIA",/imovel/loja-0-quartos-aluguel-lago-norte-brasilia-df-rodovia-df-003-1409670,38000,"LETTIERI IMOBILIÁRIA | EXCELENTE OPORTUNIDADE DE LOCAÇÃO
CONJUNTO DE 11 LOJAS | ANDAR INTEIRO | ALTANA MALL

Excelente o... 10/08/26",N/A,N/A,N/A,N/A,560 m²,Lago Norte,https://img.dfimoveis.com.br/fotos/1409670/d9594fba93ee2cb9f336181037dc17c1.webp,['https://img.dfimoveis.com.br/fotos/1409670/d9594fba93ee2cb9f336181037dc17c1.webp'],Lettieri Imobiliária,2026-08-30T15:04:56.745841
653fe3ff49fd,dfimoveis_1412180,"SMAS, PARK SUL, BRASILIA",/imovel/loja-0-quartos-aluguel-park-sul-brasilia-df-smas-1412180,3500,"VILLA153696 - Última atualização: 29/08/26 23:31
BORDALO PRIME ALUGA SALA COMERCIAL DUPLEX NO THE UNION

Sala nº 01 D - ... 15/08/26",N/A,N/A,N/A,1 Vaga,76 m²,Park Sul,https://img.dfimoveis.com.br/fotos/1412180/3bc200a88ce2384bd2bf18cf560ac7e2.webp,['https://img.dfimoveis.com.br/fotos/1412180/3bc200a88ce2384bd2bf18cf560ac7e2.webp'],Bordalo PRIME Imobiliária ,2026-08-30T15:04:56.749043
be5f0084f241,dfimoveis_1254919,"SQSW 102, SUDOESTE, BRASILIA",/imovel/apartamento-4-quartos-aluguel-sudoeste-brasilia-df-sqsw-102-1254919,11000,"Descubra um espaço exclusivo no coração do Sudoeste, em Brasília.
Este apartamento de 5 quartos, com 2 suítes, oferece ... 03/11/25",5 Quartos,2 Suítes,N/A,2 Vagas,255 m²,Sudoeste,https://img.dfimoveis.com.br/fotos/1254919/8a890ba2ce6c0f0b1783448df42728a7.webp,['https://img.dfimoveis.com.br/fotos/1254919/8a890ba2ce6c0f0b1783448df42728a7.webp'],Curadoria de Imóveis,2026-08-30T15:04:56.752154
9ca423bc07dc,dfimoveis_434568,"SHN Quadra 5, ASA NORTE, BRASILIA",/imovel/hotel-flat-1-quarto-aluguel-asa-norte-brasilia-df-shn-quadra-5-434568,4200,"LOCAÇÃO FLAT MOBILIADO (1015) ED. ATHOS BULCÃO / ASA NORTE

FLAT MOBILIADO ASA NORTE, REGIÃO CENTRAL DE BRASILIA. 

TOP ... 06/01/22",1 Quarto,1 Suíte,N/A,N/A,28 m²,Asa Norte,https://img.dfimoveis.com.br/fotos/434568/202dc14b5ca7d9fbaf6fedea50a4336f.webp,['https://img.dfimoveis.com.br/fotos/434568/202dc14b5ca7d9fbaf6fedea50a4336f.webp'],Top line,2026-08-30T15:04:56.755625
e273c25b608b,dfimoveis_1418182,"SHCGN 712, ASA NORTE, BRASILIA",/imovel/apartamento-3-quartos-aluguel-asa-norte-brasilia-df-shcgn-712-1418182,6900,"ALUGO APARTAMENTO MOBILIADO DE 3 QUARTOS – SHCGN 712, BLOCO A

Excelente apartamento de 117 m², mobiliado e muito bem ... 25/08/26",3 Quartos,1 Suíte,N/A,N/A,117 m²,Asa Norte,https://img.dfimoveis.com.br/fotos/1418182/3723567557a8ef855d0f3bccbd173fa7.webp,['https://img.dfimoveis.com.br/fotos/1418182/3723567557a8ef855d0f3bccbd173fa7.webp'],Imobiliária Daniel Lisboa ,2026-08-30T15:04:56.758146
07381ecf5a46,dfimoveis_1417958,"CSG 3, TAGUATINGA SUL, TAGUATINGA",/imovel/apartamento-2-quartos-aluguel-taguatinga-sul-taguatinga-df-csg-3-1417958,2500,"Victor Cruz Negócios Imobiliários LTDA aluga:

Flat aconchegante, mobiliado e pronto para morar, localizado em condomíni... 25/08/26",2 Quartos,N/A,N/A,1 Vaga,48 m²,Taguatinga,https://img.dfimoveis.com.br/fotos/1417958/f2c7e9b720381ebe233b66fc9de4ed27.webp,['https://img.dfimoveis.com.br/fotos/1417958/f2c7e9b720381ebe233b66fc9de4ed27.webp'],Victor Cruz Negócios Imobiliários,2026-08-30T15:04:56.760209
5fabd0a5f9c0,dfimoveis_1411149,"SHIN QI 8 Conjunto 2, LAGO NORTE, BRASILIA",/imovel/casa-2-quartos-aluguel-lago-norte-brasilia-df-shin-qi-8-conjunto-2-1411149,15000,"Casa para alugar no Lago Norte.
SHIN QI 08, Conjunto 02.

Um imóvel versátil, perfeito para quem valoriza ambientes bem ... 13/08/26",2 Quartos,4 Suítes,N/A,4 Vagas,280 m²,Lago Norte,https://img.dfimoveis.com.br/fotos/1411149/2de84312ce37a2546ea087ed2554b1e9.webp,['https://img.dfimoveis.com.br/fotos/1411149/2de84312ce37a2546ea087ed2554b1e9.webp'],Silveira Imóveis,2026-08-30T15:04:56.762539
efc6dd667f8c,dfimoveis_1349960,"Quadra C 8, TAGUATINGA CENTRO, TAGUATINGA",/imovel/loja-0-quartos-aluguel-taguatinga-centro-taguatinga-df-quadra-c-8-1349960,4500,"ALUGUEL BRUTO................................................	 R$ 5.296,50 
DESCONTO PONTUALIDADE.......................... 09/05/26",N/A,N/A,N/A,N/A,75 m²,Taguatinga,https://img.dfimoveis.com.br/fotos/1349960/7de84988c8098de6b8e38b52fd22f4b2.webp,['https://img.dfimoveis.com.br/fotos/1349960/7de84988c8098de6b8e38b52fd22f4b2.webp'],Antônio Filho Imobiliária,2026-08-30T15:04:56.766870
c46f6b6148dc,dfimoveis_1419455,"SRTVS Conjunto D Blocos A, B E C Lote 05, ASA SUL, BRASILIA",/imovel/sala-0-quartos-aluguel-asa-sul-brasilia-df-srtvs-conjunto-d-blocos-a-b-e-c-lote-05-1419455,1500,"Venha conhecer o mais novo lançamento da Coelho Imóveis Consultoria Prime! 

Imagine-se trabalhando em um ambiente moder... 28/08/26",N/A,N/A,N/A,N/A,35 m²,Asa Sul,https://img.dfimoveis.com.br/fotos/1419455/5be3e43250561a1ffcb35fee6f74ac4d.webp,['https://img.dfimoveis.com.br/fotos/1419455/5be3e43250561a1ffcb35fee6f74ac4d.webp'],Coelho Imóveis Consultoria Prime,2026-08-30T15:04:56.768988
c9d44e2a8228,dfimoveis_1351078,"SCES Trecho 4, ASA SUL, BRASILIA",/imovel/hotel-flat-1-quarto-aluguel-asa-sul-brasilia-df-sces-trecho-4-1351078,5500,"Descubra uma opção de hospedagem com alto potencial de rentabilidade na região da ASA SUL, em Brasília, DF. Situado no c... 12/05/26",1 Quarto,1 Suíte,N/A,1 Vaga,44 m²,Asa Sul,https://img.dfimoveis.com.br/fotos/1351078/933505a22a81050302391304aa82323a.webp,['https://img.dfimoveis.com.br/fotos/1351078/933505a22a81050302391304aa82323a.webp'],Cavalcante Imóveis,2026-08-30T15:04:56.771499
94f7f0449154,dfimoveis_1016583,"QE 46 Área Especial 3, GUARA II, GUARA",/imovel/apartamento-1-quarto-aluguel-guara-ii-guara-df-qe-46-area-especial-3-1016583,2200,"Condomínio fechado, com guarita, tranquilidade e segurança.
- prédio com elevador e garagem.

Apartamento de 01 quarto, ... 07/08/24",1 Quarto,N/A,N/A,1 Vaga,27 m²,Guará,https://img.dfimoveis.com.br/fotos/1016583/ef9976b7b35be130e61373b0edab2d5e.jpg?format=webp,['https://img.dfimoveis.com.br/fotos/1016583/ef9976b7b35be130e61373b0edab2d5e.jpg?format=webp'],F&M Imobiliária,2026-08-30T15:04:56.774486
5f06ae914968,dfimoveis_1304122,"SEPS 707/907, ASA SUL, BRASILIA",/imovel/ponto-comercial-0-quartos-aluguel-asa-sul-brasilia-df-seps-707-907-1304122,1350,"Avanti Imob

SOBRE O IMÓVEL:
- Área útil: 42m2
- Sala ampla
- comercial 
- 1 Vagas
- Excelente localização, próximo ao c... 13/02/26",N/A,N/A,N/A,1 Vaga,42 m²,Asa Sul,https://img.dfimoveis.com.br/fotos/1304122/f9b40f1da85d24746c7326070dbcb6ba.webp,['https://img.dfimoveis.com.br/fotos/1304122/f9b40f1da85d24746c7326070dbcb6ba.webp'],Avanti Imob,2026-08-30T15:04:56.776900
b0d8bdcc6527,dfimoveis_1420392,"SHIGS 715 Bloco D, ASA SUL, BRASILIA",/imovel/casa-3-quartos-aluguel-asa-sul-brasilia-df-shigs-715-bloco-d-1420392,6500,"CASA LINEAR NA ASA SUL | 3 QUARTOS | 1 SUÍTE

Charme, praticidade e uma localização privilegiada no coração da Asa Sul.
... 29/08/26",3 Quartos,1 Suíte,N/A,2 Vagas,200 m²,Asa Sul,https://img.dfimoveis.com.br/fotos/1420392/28e5d4030cf0a8480188975d5502beb8.webp,['https://img.dfimoveis.com.br/fotos/1420392/28e5d4030cf0a8480188975d5502beb8.webp'],TrêsQuartos Imóveis ,2026-08-30T15:04:56.779618
a01f475904d0,dfimoveis_1294169,"SHIS QI 11 Conjunto 1, LAGO SUL, BRASILIA",/imovel/casa-4-quartos-aluguel-lago-sul-brasilia-df-shis-qi-11-conjunto-1-1294169,25000,"casa localizada na QI 11, distribuída em dois pavimentos, projetada para oferecer amplitude, funcionalidade e conforto.
... 29/01/26",6 Quartos,4 Suítes,N/A,2 Vagas,1200 m²,Lago Sul,https://img.dfimoveis.com.br/fotos/1294169/bb88f114155df8d4664b78cd1786801f.webp,['https://img.dfimoveis.com.br/fotos/1294169/bb88f114155df8d4664b78cd1786801f.webp'],Consult Imóveis,2026-08-30T15:04:56.783060
f9904ccfc004,dfimoveis_1065919,"SHIS QI 23 Bloco B, LAGO SUL, BRASILIA",/imovel/loja-0-quartos-aluguel-lago-sul-brasilia-df-shis-qi-23-bloco-b-1065919,3800,Loja Comercial com Térreo e Subsolo no Lago Sul - Funcionalidade e Localização Privilegiada no Edifício Top 23 - Próximo... 30/10/24,N/A,N/A,N/A,N/A,67 m²,Lago Sul,https://img.dfimoveis.com.br/fotos/1065919/59c395dd13866864f6fd06face72b5a3.jpg?format=webp,['https://img.dfimoveis.com.br/fotos/1065919/59c395dd13866864f6fd06face72b5a3.jpg?format=webp'],Consult Imóveis,2026-08-30T15:04:56.785879
116e41158ee2,dfimoveis_764048,"QE 5 Conjunto D, GUARA I, GUARA",/imovel/apartamento-1-quarto-aluguel-guara-i-guara-df-qe-5-conjunto-d-764048,2500,"VILLA146789 - Última atualização: 29/08/26 23:30
Bordalo Imob aluga apartamento aconchegante de 01 quarto e com infraest... 27/04/24",1 Quarto,1 Suíte,N/A,1 Vaga,32 m²,Guará,https://img.dfimoveis.com.br/fotos/764048/06e747532391148a8ed7db69566043af.jpg?format=webp,['https://img.dfimoveis.com.br/fotos/764048/06e747532391148a8ed7db69566043af.jpg?format=webp'],Bordalo Imob,2026-08-30T15:04:56.788898
b41418055fe4,dfimoveis_1406086,"SQNW 302 Bloco B, NOROESTE, BRASILIA",/imovel/apartamento-3-quartos-aluguel-noroeste-brasilia-df-sqnw-302-bloco-b-1406086,25000,"PARQUE DAS OLIVEIRAS
COBERTURA NOVA E MOBILIADA
VALOR DO ALUGUEL R$27.500,00 COM DESCONTO DE PONTUALIDADE R$25.000,00
GA... 03/08/26",3 Quartos,3 Suítes,N/A,3 Vagas,292 m²,Noroeste,https://img.dfimoveis.com.br/fotos/1406086/7f936f5f19c519c64f9debdb138af579.webp,['https://img.dfimoveis.com.br/fotos/1406086/7f936f5f19c519c64f9debdb138af579.webp'],Imóveis do DF,2026-08-30T15:04:56.792230
194fd9915f6e,dfimoveis_1199226,"QE 15 Conjunto L, GUARA II, GUARA",/imovel/casa-3-quartos-aluguel-guara-ii-guara-df-qe-15-conjunto-l-1199226,4800,"TH33099 - QE 15, Guará II - Excelente Casa com 03 quartos, 120m². Agende a sua visita!

IMÓVEL COMPOSTO POR SALA COM PAI... 19/07/25",3 Quartos,N/A,N/A,2 Vagas,120 m²,Guará,https://img.dfimoveis.com.br/fotos/1199226/2927ccd1677e1c110a3d82dd5eef4a17.webp,['https://img.dfimoveis.com.br/fotos/1199226/2927ccd1677e1c110a3d82dd5eef4a17.webp'],Thaís Imobiliária,2026-08-30T15:04:56.795182
a1792bdb1ae7,dfimoveis_1096381,"CRS 514 Bloco B, ASA SUL, BRASILIA",/imovel/loja-0-quartos-aluguel-asa-sul-brasilia-df-crs-514-bloco-b-1096381,30000,"514 Sul – Oportunidade Exclusiva de Locação Comercial

Apresentamos um espaço comercial de destaque em localização estr... 10/01/25",N/A,N/A,N/A,N/A,1500 m²,Asa Sul,https://img.dfimoveis.com.br/fotos/1096381/1bc4184d10dc38d939b7c4a546266d3c.webp,['https://img.dfimoveis.com.br/fotos/1096381/1bc4184d10dc38d939b7c4a546266d3c.webp'],Joaquim Cândido Imóveis,2026-08-30T15:04:56.803478
7ae23d35ea8c,dfimoveis_1402206,"Rua 14, NORTE, AGUAS CLARAS",/imovel/apartamento-2-quartos-aluguel-norte-aguas-claras-df-rua-14-1402206,2700,"TH7375 - Rua 13 e 14 Norte Águas Claras - Res. Citta Residence, Apartamento 02 quartos, 53m². Agende sua visita!  

Imóv... 24/07/26",2 Quartos,1 Suíte,N/A,1 Vaga,53 m²,Águas Claras,https://img.dfimoveis.com.br/fotos/1402206/faa56a4948d02a3da020802d4c62b698.webp,['https://img.dfimoveis.com.br/fotos/1402206/faa56a4948d02a3da020802d4c62b698.webp'],Thaís Imobiliária,2026-08-30T15:04:56.806386
83c9d8446682,dfimoveis_1325769,"SMAS, PARK SUL, BRASILIA",/imovel/ponto-comercial-0-quartos-aluguel-park-sul-brasilia-df-smas-1325769,3700,"VILLA152980 - Última atualização: 29/08/26 23:31
 - Sala comercial dúplex The Union

- Espetacular sala comercial dúplex... 27/03/26",N/A,N/A,N/A,1 Vaga,76 m²,Park Sul,https://img.dfimoveis.com.br/fotos/1325769/e0812e9e40e3fdf942c1a4b15a8b6bc5.webp,['https://img.dfimoveis.com.br/fotos/1325769/e0812e9e40e3fdf942c1a4b15a8b6bc5.webp'],Bordalo Imob,2026-08-30T15:04:56.809201
9692b5b689c1,dfimoveis_1415013,"SCES Trecho 4, ASA SUL, BRASILIA",/imovel/apartamento-1-quarto-aluguel-asa-sul-brasilia-df-sces-trecho-4-1415013,6000,"Descubra o conforto, a praticidade e a sofisticação de morar em um apartamento mobiliado, com vista livre e localização ... 20/08/26",1 Quarto,1 Suíte,N/A,1 Vaga,48 m²,Asa Sul,https://img.dfimoveis.com.br/fotos/1415013/7c0065bb4c0f720d104d08e11b088c0c.webp,['https://img.dfimoveis.com.br/fotos/1415013/7c0065bb4c0f720d104d08e11b088c0c.webp'],Paulo Duarte Imóveis,2026-08-30T15:04:56.812277
4c8a93509164,dfimoveis_1382973,"SQS 113 Bloco F, ASA SUL, BRASILIA",/imovel/apartamento-4-quartos-aluguel-asa-sul-brasilia-df-sqs-113-bloco-f-1382973,9500,"Apartamento para aluguel — 4 quartos, 2 suítes, andar alto, vista livre, vazado, com 220m².
Excelente apartamento para a... 10/07/26",4 Quartos,2 Suítes,N/A,N/A,220 m²,Asa Sul,https://img.dfimoveis.com.br/fotos/1382973/d519ff516d40a852654309e038c26975.webp,['https://img.dfimoveis.com.br/fotos/1382973/d519ff516d40a852654309e038c26975.webp'],Regina Coeli ,2026-08-30T15:04:56.822496
a41e4447863c,dfimoveis_1350905,"Condomínio Chapéu da Pedra, JARDIM BOTANICO, BRASILIA",/imovel/casa-condominio-4-quartos-aluguel-jardim-botanico-brasilia-df-condominio-chapeu-da-pedra-1350905,6500,"Casa para Locação – Condomínio Chapéu de Pedra | Jardim Botânico

More com tranquilidade, conforto e arquitetura contemp... 12/05/26",4 Quartos,4 Suítes,N/A,2 Vagas,220 m²,Jardim Botânico,https://img.dfimoveis.com.br/fotos/1350905/f642191e8843ad8b58c92e06d36e3630.webp,['https://img.dfimoveis.com.br/fotos/1350905/f642191e8843ad8b58c92e06d36e3630.webp'],Manu Imóveis,2026-08-30T15:04:56.825228
a80134218ca8,dfimoveis_781151,"CCSW 2 Lote 4, SUDOESTE, BRASILIA",/imovel/kitnet-1-quarto-aluguel-sudoeste-brasilia-df-ccsw-2-lote-4-781151,2500,"CCSW 02 Lote 04 - Línea Studio Home -
Kit com 30m² com divisória, cozinha, sala com varanda, quarto com armário, banheir... 06/06/23",1 Quarto,N/A,N/A,1 Vaga,30 m²,Sudoeste,https://img.dfimoveis.com.br/fotos/781151/bc126819d6ad136fbbc54a780e7270f5.webp,['https://img.dfimoveis.com.br/fotos/781151/bc126819d6ad136fbbc54a780e7270f5.webp'], KR IMÓVEIS,2026-08-30T15:04:56.828360
ef0c7c599e93,dfimoveis_212593,"SDS Bloco M, ASA SUL, BRASILIA",/imovel/sala-0-quartos-aluguel-asa-sul-brasilia-df-sds-bloco-m-212593,1400,Você busca um ambiente inspirador para o seu negócio no coração de Brasília? Sua procura acabou! Este conjunto de salas ... 20/05/20,N/A,N/A,N/A,N/A,645 m²,Asa Sul,https://img.dfimoveis.com.br/fotos/212593/9039746dc3994253d933dec35e48590d.jpg?format=webp,['https://img.dfimoveis.com.br/fotos/212593/9039746dc3994253d933dec35e48590d.jpg?format=webp'],Êxito Netimóveis,2026-08-30T15:04:56.831591
ab813eba7b57,dfimoveis_1399624,"SQNW 109 Bloco D, NOROESTE, BRASILIA",/imovel/apartamento-4-quartos-aluguel-noroeste-brasilia-df-sqnw-109-bloco-d-1399624,8300,"Se você está em busca de um apartamento espaçoso, confortável e com uma localização privilegiada, não pode perder essa o... 25/07/26",4 Quartos,2 Suítes,N/A,3 Vagas,120 m²,Noroeste,https://img.dfimoveis.com.br/fotos/1399624/f46516bad77e93da8148379052f6fcad.webp,['https://img.dfimoveis.com.br/fotos/1399624/f46516bad77e93da8148379052f6fcad.webp'],BSB Imóveis,2026-08-30T15:04:56.833941
38f15b83d061,dfimoveis_1347557,"SGAS 910, ASA SUL, BRASILIA",/imovel/sala-0-quartos-aluguel-asa-sul-brasilia-df-sgas-910-1347557,850,"Sala Comercial para Locação na SGAS 910 – ED. MIX PARK SUL.

Excelente oportunidade para quem busca um espaço funcional,... 05/05/26",N/A,N/A,N/A,N/A,27 m²,Asa Sul,https://img.dfimoveis.com.br/fotos/1347557/39b6ab16131a9f2005af4a32c5ff3ea2.webp,['https://img.dfimoveis.com.br/fotos/1347557/39b6ab16131a9f2005af4a32c5ff3ea2.webp'],Êxito Netimóveis,2026-08-30T15:05:09.068446
77da7d61fd3f,dfimoveis_1336833,"SQN 309, ASA NORTE, BRASILIA",/imovel/apartamento-4-quartos-aluguel-asa-norte-brasilia-df-sqn-309-1336833,5800,"Tem apartamentos que a luz escolheu para morar.

Na SQN 309, Bloco P, na Asa Norte, este apartamento de 120 metros quadr... 15/04/26",4 Quartos,1 Suíte,N/A,1 Vaga,120 m²,Asa Norte,https://img.dfimoveis.com.br/fotos/1336833/609fa61235fb63f88b9db2fbd36b2d2e.webp,['https://img.dfimoveis.com.br/fotos/1336833/609fa61235fb63f88b9db2fbd36b2d2e.webp'],Saback Imóveis,2026-08-30T15:05:09.070623
1fd3c452e97a,dfimoveis_1133482,"ADE Conjunto 21, ADE, AGUAS CLARAS",/imovel/apartamento-1-quarto-aluguel-ade-aguas-claras-df-ade-conjunto-21-1133482,900,"Alugamos um excelente apartamento de 1 quarto, cozinha e banheiro com otima localização,  Frente a EPTG, ao Riacho Fundo... 26/03/25",1 Quarto,N/A,N/A,N/A,35 m²,Águas Claras,https://img.dfimoveis.com.br/fotos/1133482/7d65480d7b3be38640412d6278b7798e.webp,['https://img.dfimoveis.com.br/fotos/1133482/7d65480d7b3be38640412d6278b7798e.webp'],Bethel Imóveis,2026-08-30T15:05:09.072613
9c62835d0806,dfimoveis_1179409,"CRS 502 Bloco C, ASA SUL, BRASILIA",/imovel/ponto-comercial-0-quartos-aluguel-asa-sul-brasilia-df-crs-502-bloco-c-1179409,14000,"CRS QD. 502 | Loja Comercial de 340m² na Frente para a W3 Sul

Excelente oportunidade de locação! Loja comercial com 340... 10/06/25",N/A,N/A,N/A,N/A,340 m²,Asa Sul,https://img.dfimoveis.com.br/fotos/1179409/961a47a602569d67ea6635864489a47f.webp,['https://img.dfimoveis.com.br/fotos/1179409/961a47a602569d67ea6635864489a47f.webp'],Aguiar de Vasconcelos ,2026-08-30T15:05:09.074533
d2892bff4770,dfimoveis_828741,"Rua 24, NORTE, AGUAS CLARAS",/imovel/apartamento-3-quartos-aluguel-norte-aguas-claras-df-rua-24-828741,4300,"Lindo apartamento de 3 quartos com DCE completa, 87m²e 1 vaga de garagem coberta 
Piso em porcelanato, cerâmica e piso v... 31/08/23",3 Quartos,1 Suíte,N/A,1 Vaga,87 m²,Águas Claras,https://img.dfimoveis.com.br/fotos/828741/bef7081af2d795c87cca33dd26103153.webp,['https://img.dfimoveis.com.br/fotos/828741/bef7081af2d795c87cca33dd26103153.webp'],360 Imóveis Brasília,2026-08-30T15:05:09.076650
120b975199e8,dfimoveis_1398893,"SQN 402 Bloco M, ASA NORTE, BRASILIA",/imovel/apartamento-1-quarto-aluguel-asa-norte-brasilia-df-sqn-402-bloco-m-1398893,5490,"Aluguel   - asa norte 
Residencial Kasa 
45m2
1 vaga rotativa 
R$ 5.500.00 aluguel 
R$ 700,00 condomínio 

Área lazer co... 17/07/26",1 Quarto,1 Suíte,N/A,1 Vaga,45 m²,Asa Norte,https://img.dfimoveis.com.br/fotos/1398893/a8d457628142d94fd78b90f8302f6e1d.webp,['https://img.dfimoveis.com.br/fotos/1398893/a8d457628142d94fd78b90f8302f6e1d.webp'],BLOCO D IMOVEIS,2026-08-30T15:05:09.089168
1e04174061ab,dfimoveis_1186682,"SAI SO, SETOR INDUSTRIAL, GUARA",/imovel/sala-0-quartos-aluguel-setor-industrial-guara-df-sai-so-1186682,23085,"Sala comercial com benfeitorias e divisórias, área privativa de 243,00m², situada no 2° andar com 07 vagas de garagem, n... 24/06/25",N/A,N/A,N/A,7 Vagas,243 m²,Guará,https://img.dfimoveis.com.br/fotos/1186682/16bd965fecb3a94ef7b4913691ce4fa4.webp,['https://img.dfimoveis.com.br/fotos/1186682/16bd965fecb3a94ef7b4913691ce4fa4.webp'],Realiza Corretora de Seguros e Imóveis,2026-08-30T15:05:09.091802
3620f90258c0,dfimoveis_1411172,"SHIS QI 19 Conjunto 5, LAGO SUL, BRASILIA",/imovel/casa-4-quartos-aluguel-lago-sul-brasilia-df-shis-qi-19-conjunto-5-1411172,24500,"Uma casa para viver em grande escala

Na SHIS QI 19, uma das localizações mais desejadas do Lago Sul, esta residência co... 13/08/26",7 Quartos,5 Suítes,N/A,5 Vagas,900 m²,Lago Sul,https://img.dfimoveis.com.br/fotos/1411172/c721807fc6c6ac3a55c54aaeab5e5311.webp,['https://img.dfimoveis.com.br/fotos/1411172/c721807fc6c6ac3a55c54aaeab5e5311.webp'],Marco Real Estate,2026-08-30T15:05:09.093939
c74800c02b8a,dfimoveis_1154984,"SQSW 303 Bloco F, SUDOESTE, BRASILIA",/imovel/apartamento-3-quartos-aluguel-sudoeste-brasilia-df-sqsw-303-bloco-f-1154984,9800,"Aluguel | SQSW 303 – Sudoeste: 149 m², 3 Quartos (2 Suítes), Reformado e Vazado com Vista Livre

Se você procura espaço,... 05/05/25",3 Quartos,2 Suítes,N/A,1 Vaga,149 m²,Sudoeste,https://img.dfimoveis.com.br/fotos/1154984/c4543eb8ab372427f9adb0fff3ab35bc.webp,['https://img.dfimoveis.com.br/fotos/1154984/c4543eb8ab372427f9adb0fff3ab35bc.webp'],Gladstone Terra,2026-08-30T15:05:09.096260
61d94ddca386,dfimoveis_1273886,"SHN Quadra 1 Bloco E, ASA NORTE, BRASILIA",/imovel/sala-0-quartos-aluguel-asa-norte-brasilia-df-shn-quadra-1-bloco-e-1273886,162802,"Excelente conjunto de salas abrangendo 2 andares, perfeito para grandes empresas no centro da capital. Os espaços contam... 11/12/25",N/A,N/A,N/A,33 Vagas,1713 m²,Asa Norte,https://img.dfimoveis.com.br/fotos/1273886/2c7a0c44516fc620ff5bfb84157cafc7.webp,['https://img.dfimoveis.com.br/fotos/1273886/2c7a0c44516fc620ff5bfb84157cafc7.webp'],Realiza Corretora de Seguros e Imóveis,2026-08-30T15:05:09.098755
a7aa3f39c09c,dfimoveis_1292217,"Quadra C 4, TAGUATINGA CENTRO, TAGUATINGA",/imovel/prdio-0-quartos-aluguel-taguatinga-centro-taguatinga-df-quadra-c-4-1292217,32000,"Lettieri Imobiliária anuncia excelente PREDIO COMERCIAL pronto para ser utilizado, em ótima localização em Taguatinga Ce... 24/01/26",N/A,N/A,N/A,N/A,1080 m²,Taguatinga,https://img.dfimoveis.com.br/fotos/1292217/5f987cb0c6b48f879cde9bd83c01876a.webp,['https://img.dfimoveis.com.br/fotos/1292217/5f987cb0c6b48f879cde9bd83c01876a.webp'],Lettieri Imobiliária,2026-08-30T15:05:09.101150
a5969483f7c3,dfimoveis_402530,"AOS 08 Bloco F, OCTOGONAL, BRASILIA",/imovel/apartamento-2-quartos-aluguel-octogonal-brasilia-df-aos-08-bloco-f-402530,3500,"APARTAMENTO COM 2 QUARTOS NA OCTOGONAL, com 1 banheiro social, sala, cozinha, área de serviço, dependência completa de e... 23/11/21",2 Quartos,N/A,1,1 Vaga,65 m²,Octogonal,https://img.dfimoveis.com.br/fotos/402530/101ae4207468b6be8911f0a85e1ddc73.jpg?format=webp,['https://img.dfimoveis.com.br/fotos/402530/101ae4207468b6be8911f0a85e1ddc73.jpg?format=webp'],Habitação Imobiliária,2026-08-30T15:05:09.103652
0aaaec9e1178,dfimoveis_1371785,"SRTVS Conjunto L Lote 38, ASA SUL, BRASILIA",/imovel/sala-0-quartos-aluguel-asa-sul-brasilia-df-srtvs-conjunto-l-lote-38-1371785,1052,"Oportunidade Comercial Exclusiva no Centro de Brasília.

Apresentamos um espaço comercial no Centro Empresarial Assis Ch... 22/06/26",N/A,N/A,N/A,N/A,33 m²,Asa Sul,https://img.dfimoveis.com.br/fotos/1371785/c784f14e1b2736a6b0e43f6071cbdea3.webp,['https://img.dfimoveis.com.br/fotos/1371785/c784f14e1b2736a6b0e43f6071cbdea3.webp'],Joaquim Cândido Imóveis,2026-08-30T15:05:09.321441
f3422c615489,dfimoveis_1403565,"QMSW 4, SUDOESTE, BRASILIA",/imovel/kitnet-1-quarto-aluguel-sudoeste-brasilia-df-qmsw-4-1403565,3480,"Urbanic Imóveis aluga

Aqui tudo é rápido e sem burocracia Aprovação mediante a análise de cadastro
 Pensando em sua com... 28/07/26",1 Quarto,N/A,N/A,1 Vaga,40 m²,Sudoeste,https://img.dfimoveis.com.br/fotos/1403565/d289b65a6be06f50a86491da347732f6.webp,['https://img.dfimoveis.com.br/fotos/1403565/d289b65a6be06f50a86491da347732f6.webp'],Urbanic Imóveis,2026-08-30T15:05:09.323634
802df8e0cd72,dfimoveis_1418102,"SCEN Trecho 1 Conjunto 36 Condominio Ilhas do Lago, ASA NORTE, BRASILIA",/imovel/apartamento-2-quartos-aluguel-asa-norte-brasilia-df-scen-trecho-1-conjunto-36-condominio-ilhas-do-lago-1418102,7200,"Maravilhoso apartamento para locação, sala conjugada com cozinha, 2 quartos, sendo uma suíte, varanda com cortinas de vi... 25/08/26",2 Quartos,1 Suíte,N/A,1 Vaga,75 m²,Asa Norte,https://img.dfimoveis.com.br/fotos/1418102/03f82245519f156ec0de06cb17ab52a6.webp,['https://img.dfimoveis.com.br/fotos/1418102/03f82245519f156ec0de06cb17ab52a6.webp'],Cristina Ramos,2026-08-30T15:05:09.325724
6a148c0d5924,dfimoveis_239894,"SCES Trecho 4, ASA SUL, BRASILIA",/imovel/apartamento-1-quarto-aluguel-asa-sul-brasilia-df-sces-trecho-4-239894,5700,"Apartamento de um quarto no Brisas do Lago, térreo com varanda bem ampla, acesso rápido a área de lazer e vista livre pa... 30/08/20",1 Quarto,1 Suíte,N/A,1 Vaga,96 m²,Asa Sul,https://img.dfimoveis.com.br/fotos/239894/7a7f460baf7a607286a7966cd7df749f.jpg?format=webp,['https://img.dfimoveis.com.br/fotos/239894/7a7f460baf7a607286a7966cd7df749f.jpg?format=webp'],Brasnil Empreendimentos Imobiliários,2026-08-30T15:05:09.327817
c89f017c5a8d,dfimoveis_1318978,"SHCGN 703 Bloco R, ASA NORTE, BRASILIA",/imovel/apartamento-1-quarto-aluguel-asa-norte-brasilia-df-shcgn-703-bloco-r-1318978,5000,"Linda cobertura duplex em uma das regiões mais desejadas de Brasília: ASA NORTE, na SHCGN 703 Bloco R. Com um design mod... 13/03/26",1 Quarto,N/A,N/A,1 Vaga,85 m²,Asa Norte,https://img.dfimoveis.com.br/fotos/1318978/9c3da5583c12f37e2143af413ab16749.webp,['https://img.dfimoveis.com.br/fotos/1318978/9c3da5583c12f37e2143af413ab16749.webp'],Casagrande Marketing Imobiliário,2026-08-30T15:05:09.329893
dc25e12656fb,dfimoveis_1285852,"SQN 112 Bloco A, ASA NORTE, BRASILIA",/imovel/apartamento-3-quartos-aluguel-asa-norte-brasilia-df-sqn-112-bloco-a-1285852,6800,"Apartamento com sala grande com 2 ambientes, 3 quartos amplos com muitos armários; suíte com closet; DCE; Quadra muito b... 12/01/26",3 Quartos,1 Suíte,N/A,1 Vaga,136 m²,Asa Norte,https://img.dfimoveis.com.br/fotos/1285852/47b60045844e31b9430bbafc43f724ed.webp,['https://img.dfimoveis.com.br/fotos/1285852/47b60045844e31b9430bbafc43f724ed.webp'],LCSOARES,2026-08-30T15:05:09.332283
ce26b4fff13a,dfimoveis_1132050,"SHN Quadra 05 Bloco I, ASA NORTE, BRASILIA",/imovel/hotel-flat-1-quarto-aluguel-asa-norte-brasilia-df-shn-quadra-05-bloco-i-1132050,5200,"MÉRCURE LÍDER- REFORMADO- LINDÍSSIMO- COM MÁQUINA DE LAVAR!!

-Alugo maravilhoso flat, 100% reformado!
-Andar alto, vara... 24/03/25",1 Quarto,N/A,N/A,N/A,40 m²,Asa Norte,https://img.dfimoveis.com.br/fotos/1132050/d390b522c48a679c74ac025d24620b02.jpg?format=webp,['https://img.dfimoveis.com.br/fotos/1132050/d390b522c48a679c74ac025d24620b02.jpg?format=webp'],Dolores Lomba,2026-08-30T15:05:09.334615
737b409efed7,dfimoveis_1400737,"QE 19 Conjunto E, GUARA II, GUARA",/imovel/casa-4-quartos-aluguel-guara-ii-guara-df-qe-19-conjunto-e-1400737,5000,"Excelente casa residencial no Bairro Guará II, Brasília/DF,
com 180m² de área interna e terreno de 200m². Ideal para que... 21/07/26",4 Quartos,1 Suíte,N/A,3 Vagas,200 m²,Guará,https://img.dfimoveis.com.br/fotos/1400737/a29d5ad06fe1de042832ee85f92f0081.webp,['https://img.dfimoveis.com.br/fotos/1400737/a29d5ad06fe1de042832ee85f92f0081.webp'],F&M Imobiliária,2026-08-30T15:05:09.336661
8495307d480b,dfimoveis_1079717,"CRS 510 Bloco C, ASA SUL, BRASILIA",/imovel/loja-0-quartos-aluguel-asa-sul-brasilia-df-crs-510-bloco-c-1079717,8000,"A Drumond Imóveis aluga Excelente Loja Vazada na 510 Sul!

Loja com 200 m2 de área privativa! 
- Loja vazada, com entrad... 29/11/24",N/A,N/A,N/A,N/A,200 m²,Asa Sul,https://img.dfimoveis.com.br/fotos/1079717/06929395bd84609f2a08ee01a95c4045.jpg?format=webp,['https://img.dfimoveis.com.br/fotos/1079717/06929395bd84609f2a08ee01a95c4045.jpg?format=webp'],Drumond Imóveis,2026-08-30T15:05:09.338557
13ed4f2fa7e4,dfimoveis_1419391,"Rua COPAIBA, NORTE, AGUAS CLARAS",/imovel/apartamento-2-quartos-aluguel-norte-aguas-claras-df-rua-copaiba-1419391,5000,"Oportunidade para locação

Apartamento 2 Quartos com 62m² no Oceania Águas Claras: Nascente, Climatizado Armários Bomtem... 27/08/26",2 Quartos,1 Suíte,N/A,2 Vagas,62 m²,Águas Claras,https://img.dfimoveis.com.br/fotos/1419391/0e23cb62cdf8a21032708be74845efbd.webp,['https://img.dfimoveis.com.br/fotos/1419391/0e23cb62cdf8a21032708be74845efbd.webp'],Digito Imóveis,2026-08-30T15:05:09.340676
ac771a41096a,dfimoveis_1136060,"CNM 2 Bloco A, CEILANDIA CENTRO, CEILANDIA",/imovel/sala-0-quartos-aluguel-ceilandia-centro-ceilandia-df-cnm-2-bloco-a-1136060,750,"ALUGUEL BRUTO ------------------------------------------------ R$  882,75
DESCONTO PONTUALIDADE-------------------------... 27/03/25",N/A,N/A,N/A,N/A,38 m²,Ceilândia,https://img.dfimoveis.com.br/fotos/1136060/97cf8b52342df1e8379f1c05b9de3b33.jpg?format=webp,['https://img.dfimoveis.com.br/fotos/1136060/97cf8b52342df1e8379f1c05b9de3b33.jpg?format=webp'],Antônio Filho Imobiliária,2026-08-30T15:05:09.342620
b42a91b8f692,dfimoveis_1403580,"SCRN 716 Bloco A, ASA NORTE, BRASILIA",/imovel/apartamento-1-quarto-aluguel-asa-norte-brasilia-df-scrn-716-bloco-a-1403580,4500,"SCRN 716 - Apartamento / Loft Mobiliado na Asa Norte - DF

Contato: (61)99873-5831 - Regianne

Locação por temporada

Es... 28/07/26",1 Quarto,N/A,N/A,N/A,44 m²,Asa Norte,https://img.dfimoveis.com.br/fotos/1403580/65fe8847086ce47e11d91deab08d5682.webp,['https://img.dfimoveis.com.br/fotos/1403580/65fe8847086ce47e11d91deab08d5682.webp'],Coemi Imóveis ,2026-08-30T15:05:09.344626
1a785ead145b,dfimoveis_864981,"SIA Trecho 1, SIA, SETOR INDUSTRIAL",/imovel/sala-0-quartos-aluguel-sia-setor-industrial-df-sia-trecho-1-864981,13550,"DADOS E LOCALIZAÇÃO DO IMÓVEL 

Este imóvel conta com as seguintes características e especificações: 

- Edifício comerc... 08/11/23",N/A,N/A,N/A,2 Vagas,180 m²,Setor Industrial,https://img.dfimoveis.com.br/fotos/864981/8c5eb8d7e67385a60fbce366e7ee1674.jpg?format=webp,['https://img.dfimoveis.com.br/fotos/864981/8c5eb8d7e67385a60fbce366e7ee1674.jpg?format=webp'],Brasnil Empreendimentos Imobiliários,2026-08-30T15:05:09.347401
021e9d063391,dfimoveis_1184601,"Avenida das Araucárias, SUL, AGUAS CLARAS",/imovel/apartamento-1-quarto-aluguel-sul-aguas-claras-df-avenida-das-araucarias-1184601,2600,"TH32858 - Av Araucarias Águas claras- Res. Blend, Apartamento 01 quartos, 34m². Agende sua visita!
 
 
Imóvel composto p... 18/06/25",1 Quarto,1 Suíte,N/A,1 Vaga,35 m²,Águas Claras,https://img.dfimoveis.com.br/fotos/1184601/9b1e6dd9564b0ea7e4bb9ad0c45f6c61.webp,['https://img.dfimoveis.com.br/fotos/1184601/9b1e6dd9564b0ea7e4bb9ad0c45f6c61.webp'],Thaís Imobiliária,2026-08-30T15:05:09.349629
6fcc17031204,dfimoveis_1229266,"SRTVN Quadra 701 Conjunto C, ASA NORTE, BRASILIA",/imovel/sala-0-quartos-aluguel-asa-norte-brasilia-df-srtvn-quadra-701-conjunto-c-1229266,1200,"Locação – Sala Comercial com 33 m² | Vista Externa

Sala comercial composta por recepção, banheiro e vista externa privi... 17/09/25",N/A,N/A,N/A,N/A,33 m²,Asa Norte,https://img.dfimoveis.com.br/fotos/1229266/818435961507b97bd46ac2a296666b67.webp,['https://img.dfimoveis.com.br/fotos/1229266/818435961507b97bd46ac2a296666b67.webp'],Êxito Netimóveis,2026-08-30T15:05:09.351556
2c4e7a3e047a,dfimoveis_1373791,"CSG 3, TAGUATINGA SUL, TAGUATINGA",/imovel/apartamento-1-quarto-aluguel-taguatinga-sul-taguatinga-df-csg-3-1373791,2800,"Apt 46m 

- Planejado 
- Vista piscina 
- Nascente 
- Mobiliado 
- Cortina

Agende sua visita 
61 99909-9455

Aluguel 3.... 25/06/26",1 Quarto,1 Suíte,N/A,1 Vaga,47 m²,Taguatinga,https://img.dfimoveis.com.br/fotos/1373791/d62e320a9e5d4f6f461d604216445ae3.webp,['https://img.dfimoveis.com.br/fotos/1373791/d62e320a9e5d4f6f461d604216445ae3.webp'],Bruno Novais,2026-08-30T15:05:09.353697
8a6e14600301,dfimoveis_1365977,"SRTVS Conjunto L Lote 38, ASA SUL, BRASILIA",/imovel/sala-0-quartos-aluguel-asa-sul-brasilia-df-srtvs-conjunto-l-lote-38-1365977,1188,"Oportunidade Comercial Exclusiva no Centro de Brasília.

Apresentamos um espaço comercial no Centro Empresarial Assis Ch... 09/06/26",N/A,N/A,N/A,N/A,33 m²,Asa Sul,https://img.dfimoveis.com.br/fotos/1365977/7037c53be773b3ac60e3811fc8f91105.webp,['https://img.dfimoveis.com.br/fotos/1365977/7037c53be773b3ac60e3811fc8f91105.webp'],Joaquim Cândido Imóveis,2026-08-30T15:05:09.355710
9d4b4bf70123,dfimoveis_1385041,"Rua 37, SUL, AGUAS CLARAS",/imovel/apartamento-1-quarto-aluguel-sul-aguas-claras-df-rua-37-1385041,4000,"Alugo, 

Apartamento Duplex Mobiliado. 
São 60 m ² 
Piso inferior, Sala, lavabo, cozinha, área de serviço.
Piso superior... 15/07/26",1 Quarto,1 Suíte,N/A,1 Vaga,60 m²,Águas Claras,https://img.dfimoveis.com.br/fotos/1385041/309839cf411cd394bbcd0c01ef662e76.webp,['https://img.dfimoveis.com.br/fotos/1385041/309839cf411cd394bbcd0c01ef662e76.webp'],Cardec Imóveis,2026-08-30T15:05:09.357884
fcba0a2a2baa,dfimoveis_1108467,"SAAN Quadra 3, SAAN, SETOR INDUSTRIAL",/imovel/galpo-0-quartos-aluguel-saan-setor-industrial-df-saan-quadra-3-1108467,30000,EXCELENTE PRÉDIO NO SAAN QUADRA 5 06/02/25,N/A,N/A,N/A,10 Vagas,900 m²,Setor Industrial,https://img.dfimoveis.com.br/fotos/1108467/6c1173bae5920081f73d45bffe1b2acc.webp,['https://img.dfimoveis.com.br/fotos/1108467/6c1173bae5920081f73d45bffe1b2acc.webp'],Dominus Inteligência Imobiliária,2026-08-30T15:05:21.474429
2328c90887d5,dfimoveis_1372473,"Condomínio Quintas do Sol, JARDIM BOTANICO, BRASILIA",/imovel/casa-condominio-4-quartos-aluguel-jardim-botanico-brasilia-df-condominio-quintas-do-sol-1372473,10000,"Descubra a exclusividade de morar no Condomínio Quintas do Sol, no Jardim Botânico, Brasília. Este sobrado mobiliado de ... 23/06/26",4 Quartos,4 Suítes,N/A,4 Vagas,400 m²,Jardim Botânico,https://img.dfimoveis.com.br/fotos/1372473/aa53d3b679e49106d5cefb2830032025.webp,['https://img.dfimoveis.com.br/fotos/1372473/aa53d3b679e49106d5cefb2830032025.webp'],Cavalcante Imóveis,2026-08-30T15:05:21.476622
22c6b16d6b30,dfimoveis_418518,"SHLS Conjunto F Lote 10, ASA SUL, BRASILIA",/imovel/galpo-0-quartos-aluguel-asa-sul-brasilia-df-shls-conjunto-f-lote-10-418518,2250,"- Ótima localização!!!
- Centro Clínico Sul - O mais tradicional e conceituado centro médico de Brasília; 
- Sala comerc... 17/12/21",N/A,N/A,N/A,1 Vaga,26 m²,Asa Sul,https://img.dfimoveis.com.br/fotos/418518/d6cd4d0b6eeed7003c3582519ef8b900.webp,['https://img.dfimoveis.com.br/fotos/418518/d6cd4d0b6eeed7003c3582519ef8b900.webp'],Fernando Vasconcelos Imóveis,2026-08-30T15:05:21.478929
a4f3459fe1fd,dfimoveis_1355301,"Área Especial para Indústria 11 Lote 2, SOBRADINHO, SOBRADINHO",/imovel/galpo-0-quartos-aluguel-sobradinho-sobradinho-df-area-especial-para-industria-11-lote-2-1355301,23000,"Segurança, praticidade e infraestrutura para sua operação.

Galpão localizado em condomínio fechado com portaria 24 hora... 20/05/26",N/A,N/A,N/A,N/A,850 m²,Sobradinho,https://img.dfimoveis.com.br/fotos/1355301/27ec70cd25f22b080b80ae3149cb84d1.webp,['https://img.dfimoveis.com.br/fotos/1355301/27ec70cd25f22b080b80ae3149cb84d1.webp'],Azevedo Imóveis,2026-08-30T15:05:21.481490
d8af470aa226,dfimoveis_1404228,"Rua 35, SUL, AGUAS CLARAS",/imovel/apartamento-3-quartos-aluguel-sul-aguas-claras-df-rua-35-1404228,3490,"Residencial Sevilha
Rua 35 Sul, lote 17 -
Apartamento com 75m², nascente
Sala ampla,
Escritório
3 quartos,
1 suíte,
Banh... 29/07/26",3 Quartos,1 Suíte,N/A,1 Vaga,75 m²,Águas Claras,https://img.dfimoveis.com.br/fotos/1404228/da8b053f69392a770387d646ef68aa6d.webp,['https://img.dfimoveis.com.br/fotos/1404228/da8b053f69392a770387d646ef68aa6d.webp'],Rafael Imóveis,2026-08-30T15:05:21.484258
53f6822a763c,dfimoveis_1384287,"SQS 106 Bloco G, ASA SUL, BRASILIA",/imovel/apartamento-3-quartos-aluguel-asa-sul-brasilia-df-sqs-106-bloco-g-1384287,8900,"IMÓVEL TOTALMENTE RENOVADO — PRIMEIRO USO APÓS A REFORMA

Apartamento amplo, com 145 m², localizado em andar alto, vaz... 13/07/26",3 Quartos,1 Suíte,N/A,N/A,145 m²,Asa Sul,https://img.dfimoveis.com.br/fotos/1384287/31608a77252cb80b5cde360dd9f06090.webp,['https://img.dfimoveis.com.br/fotos/1384287/31608a77252cb80b5cde360dd9f06090.webp'],Lamia,2026-08-30T15:05:21.486762
92ca70a9f653,dfimoveis_1375240,"Rua 28, NORTE, AGUAS CLARAS",/imovel/apartamento-4-quartos-aluguel-norte-aguas-claras-df-rua-28-1375240,8000,"Excelente oportunidade de morar com conforto, praticidade e estilo de vida na melhor localização de Águas Claras. O apar... 30/06/26",4 Quartos,2 Suítes,N/A,3 Vagas,276 m²,Águas Claras,https://img.dfimoveis.com.br/fotos/1375240/095b780754bb54ba07993806acf3b58a.webp,['https://img.dfimoveis.com.br/fotos/1375240/095b780754bb54ba07993806acf3b58a.webp'],Solo Empreendimentos Imobiliários,2026-08-30T15:05:21.489822
1103e85b2a73,dfimoveis_1360620,"SQS 114 Bloco C, ASA SUL, BRASILIA",/imovel/apartamento-2-quartos-aluguel-asa-sul-brasilia-df-sqs-114-bloco-c-1360620,5900,"APARTAMENTO DE ALTO PADRÃO!

Localizado no terceiro andar.

Apartamento composto por: 
- 02 quartos com armários , sendo... 29/05/26",2 Quartos,1 Suíte,N/A,1 Vaga,110 m²,Asa Sul,https://img.dfimoveis.com.br/fotos/1360620/166867e4c2f5b626ebec1e0b6f5c86ed.webp,['https://img.dfimoveis.com.br/fotos/1360620/166867e4c2f5b626ebec1e0b6f5c86ed.webp'],Aldeia Imóveis,2026-08-30T15:05:21.491881
e7828a85dc85,dfimoveis_1414056,"SGCV Lote 1, PARK SUL, BRASILIA",/imovel/apartamento-2-quartos-aluguel-park-sul-brasilia-df-sgcv-lote-1-1414056,6500,"Apartamento 2 quartos para locação no Viva Park Sul 
Composto por: 
- 2 quartos; 
- 1 suíte; 
- WC social; 
- Condomínio... 18/08/26",2 Quartos,1 Suíte,N/A,1 Vaga,64 m²,Park Sul,https://img.dfimoveis.com.br/fotos/1414056/73467044f5352aa765bf93d63ee9928d.webp,['https://img.dfimoveis.com.br/fotos/1414056/73467044f5352aa765bf93d63ee9928d.webp'],Koraly Imobiliária,2026-08-30T15:05:21.494593
d35e1eaa8e46,dfimoveis_168124,"SRTVS Conjunto D Blocos A, B E C Lote 05, ASA SUL, BRASILIA",/imovel/sala-0-quartos-aluguel-asa-sul-brasilia-df-srtvs-conjunto-d-blocos-a-b-e-c-lote-05-168124,900,"Alugamos ótima Sala no SRTV/Sul - Ed. Centro Empresarial Brasília, composta de:
Sala dividida em 02 ambientes (recepção ... 01/10/19",N/A,N/A,N/A,N/A,34 m²,Asa Sul,https://img.dfimoveis.com.br/fotos/168124/81bb4aa5ca6e510ac0b296fe5975bd13.jpg?format=webp,['https://img.dfimoveis.com.br/fotos/168124/81bb4aa5ca6e510ac0b296fe5975bd13.jpg?format=webp'],Correta Imobiliária,2026-08-30T15:05:21.497315
119b86b7d6b9,dfimoveis_1363653,"SAUS Quadra 01 Bloco M Lote 04, ASA SUL, BRASILIA",/imovel/garagem-0-quartos-aluguel-asa-sul-brasilia-df-saus-quadra-01-bloco-m-lote-04-1363653,450,"ALUGUEL BRUTO................................................	 R$ 529,65 
DESCONTO PONTUALIDADE............................ 04/06/26",N/A,N/A,N/A,N/A,17 m²,Asa Sul,https://img.dfimoveis.com.br/fotos/1363653/7ef29852dd966a666803c7f11ecde382.webp,['https://img.dfimoveis.com.br/fotos/1363653/7ef29852dd966a666803c7f11ecde382.webp'],Antônio Filho Imobiliária,2026-08-30T15:05:21.500548
e516b2b5d50a,dfimoveis_1371862,"Quadra 301 Rua D Conjunto 2, NORTE, AGUAS CLARAS",/imovel/loja-0-quartos-aluguel-norte-aguas-claras-df-quadra-301-rua-d-conjunto-2-1371862,7800,"* * * EXCELENTE OPORTUNIDADE - ALUGUEL DE LOJA TÉRREA * * *

EXCLUSIVIDADE!
Oportunidade imperdível! Na rua da loja temo... 22/06/26",N/A,N/A,N/A,N/A,166 m²,Águas Claras,https://img.dfimoveis.com.br/fotos/1371862/028c92e0ba575ebcd663b6c37bc3897a.webp,['https://img.dfimoveis.com.br/fotos/1371862/028c92e0ba575ebcd663b6c37bc3897a.webp'],CM Scarpelo,2026-08-30T15:05:21.503958
4ae6edf0997f,dfimoveis_1419499,"QNC 5, TAGUATINGA NORTE, TAGUATINGA",/imovel/apartamento-1-quarto-aluguel-taguatinga-norte-taguatinga-df-qnc-5-1419499,1000,"Está procurando um imóvel prático, bem localizado e com excelente custo-benefício em Taguatinga? Então conheça nossas un... 28/08/26",1 Quarto,N/A,N/A,N/A,40 m²,Taguatinga,https://img.dfimoveis.com.br/fotos/1419499/7c4f6ab63e27f8dccfdfe9c697ff1d99.webp,['https://img.dfimoveis.com.br/fotos/1419499/7c4f6ab63e27f8dccfdfe9c697ff1d99.webp'],Re/Max Inovelar,2026-08-30T15:05:21.507263
20716cdb580b,dfimoveis_1076452,"SES Quadra 1, SETOR ECONOMICO DE SOBRADINHO, SOBRADINHO",/imovel/loja-0-quartos-aluguel-setor-economico-de-sobradinho-sobradinho-df-ses-quadra-1-1076452,5000,"R$ 5.000,00 COM DESCONTO DE PONTUALIDADE R$ 6.000,00
LOJÃO DE FRENTE PARA BR 020
ÓTIMA PARA TODOS OS RAMOS COMERCIAIS
CO... 23/11/24",N/A,N/A,N/A,N/A,200 m²,Sobradinho,https://img.dfimoveis.com.br/fotos/1076452/aab53de02865d2c18d51ab0f5be148b4.jpg?format=webp,['https://img.dfimoveis.com.br/fotos/1076452/aab53de02865d2c18d51ab0f5be148b4.jpg?format=webp'],Brito Administradora,2026-08-30T15:05:21.510183
b342666a88d2,dfimoveis_1416168,"Rua 20, NORTE, AGUAS CLARAS",/imovel/apartamento-2-quartos-aluguel-norte-aguas-claras-df-rua-20-1416168,3380,"Alugo ótimo AP 2qtos suíte varanda lindo lazer gar
Oportunidade única
Excelente apartamento reformado e aconchegante, ... 21/08/26",2 Quartos,1 Suíte,N/A,1 Vaga,65 m²,Águas Claras,https://img.dfimoveis.com.br/fotos/1416168/0504f754fbf6a184ab52e71737990f3f.webp,['https://img.dfimoveis.com.br/fotos/1416168/0504f754fbf6a184ab52e71737990f3f.webp'],Sua Casa Imobiliária,2026-08-30T15:05:21.512319
370da241ead4,dfimoveis_1345273,"QNL 10 Conjunto A, TAGUATINGA NORTE, TAGUATINGA",/imovel/loja-0-quartos-aluguel-taguatinga-norte-taguatinga-df-qnl-10-conjunto-a-1345273,6300,"Excelente loja comercial - Amplo Espaço em Localização Estratégica com aproximadamente 200m², pé-direito alto e ótima vi... 30/04/26",N/A,N/A,N/A,N/A,200 m²,Taguatinga,https://img.dfimoveis.com.br/fotos/1345273/923ae05abf05929d29aad22bc6247236.webp,['https://img.dfimoveis.com.br/fotos/1345273/923ae05abf05929d29aad22bc6247236.webp'],Realiza Imóveis ,2026-08-30T15:05:21.520918
ee6cb3eab25d,dfimoveis_361984,"SAAN Quadra 1, SAAN, SETOR INDUSTRIAL",/imovel/sala-0-quartos-aluguel-saan-setor-industrial-df-saan-quadra-1-361984,1100,"VILLA132580 - Última atualização: 29/08/26 23:31
Bordalo PRIME Imobiliária ALUGA no SAAN

Sala comercial com 37m², divid... 19/11/25",N/A,N/A,N/A,N/A,37 m²,Setor Industrial,https://img.dfimoveis.com.br/fotos/361984/57018788e817dff1dc167eea5d4e7101.jpg?format=webp,['https://img.dfimoveis.com.br/fotos/361984/57018788e817dff1dc167eea5d4e7101.jpg?format=webp'],Bordalo PRIME Imobiliária ,2026-08-30T15:05:21.523212
0cb349577356,dfimoveis_1178318,"SQNW 103 Bloco F, NOROESTE, BRASILIA",/imovel/apartamento-2-quartos-aluguel-noroeste-brasilia-df-sqnw-103-bloco-f-1178318,6100,"Excelente apartamento em localização privilegiada, na valorizada SQNW 103  Noroeste, com acesso rápido ao Eixo Monumenta... 07/06/25",2 Quartos,1 Suíte,N/A,2 Vagas,76 m²,Noroeste,https://img.dfimoveis.com.br/fotos/1178318/0cd25c9911e730f269377de555f86ee0.webp,['https://img.dfimoveis.com.br/fotos/1178318/0cd25c9911e730f269377de555f86ee0.webp'],Alpha Brasilia Administradora de Imóveis,2026-08-30T15:05:21.525368
5fb85ac55c4f,dfimoveis_1417577,"SRTVS Bloco K, ASA SUL, BRASILIA",/imovel/sala-0-quartos-aluguel-asa-sul-brasilia-df-srtvs-bloco-k-1417577,900,"Sala Comercial Reformada
Ar Condicionado
Vista Livre Nascente
Banheiro

Agende sua visita  - Telefones: 3225.7075   9105... 25/08/26",N/A,N/A,N/A,N/A,34 m²,Asa Sul,https://img.dfimoveis.com.br/fotos/1417577/48a585500bce3be07935a68c2eae7f42.webp,['https://img.dfimoveis.com.br/fotos/1417577/48a585500bce3be07935a68c2eae7f42.webp'],Buriti imóveis,2026-08-30T15:05:21.527356
000635023545,dfimoveis_1140264,"SDS Bloco F E G Lote Lote 41, ASA SUL, BRASILIA",/imovel/loja-0-quartos-aluguel-asa-sul-brasilia-df-sds-bloco-f-e-g-lote-lote-41-1140264,9500,"Espaço Comercial Amplo no Condomínio Baracat – Asa Sul, Brasília

Descubra esta oportunidade de instalar sua loja em um ... 05/04/25",N/A,N/A,N/A,N/A,232 m²,Asa Sul,https://img.dfimoveis.com.br/fotos/1140264/7fbee8ebdc72870e1b45aca8e197a11d.webp,['https://img.dfimoveis.com.br/fotos/1140264/7fbee8ebdc72870e1b45aca8e197a11d.webp'],Êxito Netimóveis,2026-08-30T15:05:21.529332
34f0e3009c49,dfimoveis_1400067,"QR 208 Conjunto 9, SAMAMBAIA NORTE, SAMAMBAIA",/imovel/casa-3-quartos-aluguel-samambaia-norte-samambaia-df-qr-208-conjunto-9-1400067,2000,"Qr 208 - Samambaia norte - 3 quartos - 1 banheiro - 100m²

Pavimento superior da casa para locação

Casa composta por:
-... 20/07/26",3 Quartos,N/A,1,N/A,100 m²,Samambaia,https://img.dfimoveis.com.br/fotos/1400067/1fed890a0350d222fbb28054cb923eac.webp,['https://img.dfimoveis.com.br/fotos/1400067/1fed890a0350d222fbb28054cb923eac.webp'],My House - Vendas,2026-08-30T15:05:21.533757
a39da6de9d4e,dfimoveis_1404801,"CA 05, LAGO NORTE, BRASILIA",/imovel/apartamento-2-quartos-aluguel-lago-norte-brasilia-df-ca-05-1404801,3900,"Conforto, praticidade e lazer em um só lugar

  Sala ampla com varanda, equipada com sofá, rack e painel para TV
  1º qu... 30/07/26",2 Quartos,1 Suíte,N/A,1 Vaga,60 m²,Lago Norte,https://img.dfimoveis.com.br/fotos/1404801/bb41e1550fd90239a013eb8279c0146f.webp,['https://img.dfimoveis.com.br/fotos/1404801/bb41e1550fd90239a013eb8279c0146f.webp'],Alpha Brasilia Administradora de Imóveis,2026-08-30T15:05:21.536505
e48785a56453,dfimoveis_1307590,"SQS 113 Bloco K, ASA SUL, BRASILIA",/imovel/apartamento-3-quartos-aluguel-asa-sul-brasilia-df-sqs-113-bloco-k-1307590,8000,"LOCAÇÃO
Apartamento com 140 m ² 
3 quartos, sendo uma suíte com closet, todos climatizados.
1 vaga de garagem.
Sala ampl... 22/02/26",3 Quartos,1 Suíte,N/A,1 Vaga,140 m²,Asa Sul,https://img.dfimoveis.com.br/fotos/1307590/ef6b1df0b44679fb867223c65c8031c3.webp,['https://img.dfimoveis.com.br/fotos/1307590/ef6b1df0b44679fb867223c65c8031c3.webp'],Cardec Imóveis,2026-08-30T15:05:21.538697
0e4e44cadbf1,dfimoveis_1410022,"SHCGN 703 Bloco R, ASA NORTE, BRASILIA",/imovel/apartamento-1-quarto-aluguel-asa-norte-brasilia-df-shcgn-703-bloco-r-1410022,3798,"Viva o melhor no coração da Asa Norte !
Aproveite essa oportunidade e seja a segunda pessoa a morar nesse linda cobertur... 11/08/26",1 Quarto,1 Suíte,N/A,1 Vaga,39 m²,Asa Norte,https://img.dfimoveis.com.br/fotos/1410022/786bed7711d1bf300647de42996fabf4.webp,['https://img.dfimoveis.com.br/fotos/1410022/786bed7711d1bf300647de42996fabf4.webp'],Joaquim Cândido Imóveis,2026-08-30T15:05:21.540864
cd57c2a2724a,dfimoveis_1414791,"SHTN Trecho 2, ASA NORTE, BRASILIA",/imovel/apartamento-2-quartos-aluguel-asa-norte-brasilia-df-shtn-trecho-2-1414791,7400,"ALUGAMOS 2 QTS 
Apartamento 54m2, andar alto, de canto, cercado de jardins. 2 quartos separados, 1 cama casal, 1 cama de... 19/08/26",2 Quartos,N/A,N/A,2 Vagas,54 m²,Asa Norte,https://img.dfimoveis.com.br/fotos/1414791/4dded72b801db5e35fddc0bf000a06b2.webp,['https://img.dfimoveis.com.br/fotos/1414791/4dded72b801db5e35fddc0bf000a06b2.webp'],Imóveis do DF,2026-08-30T15:05:21.542907
67b91a765844,dfimoveis_1228453,"QI 23 Lote 3, GUARA II, GUARA",/imovel/apartamento-3-quartos-aluguel-guara-ii-guara-df-qi-23-lote-3-1228453,3800,"A Realiza Imóveis apresenta: Excelente apartamento reformado, com 132,73 m² de área construída e 69,21 m² de área privat... 16/09/25",3 Quartos,N/A,N/A,1 Vaga,69 m²,Guará,https://img.dfimoveis.com.br/fotos/1228453/006da86d7e591487240c3f7e29d5abaf.webp,['https://img.dfimoveis.com.br/fotos/1228453/006da86d7e591487240c3f7e29d5abaf.webp'],Realiza Imóveis ,2026-08-30T15:05:21.544960
415eb82d542c,dfimoveis_1382652,"Avenida Pau Brasil, SUL, AGUAS CLARAS",/imovel/sala-0-quartos-aluguel-sul-aguas-claras-df-avenida-pau-brasil-1382652,2000,"Edifício Le Quartier, sala com vista livre e localizada em frente à estação de metrô, em uma das regiões mais estratégic... 09/07/26",N/A,N/A,N/A,1 Vaga,30 m²,Águas Claras,https://img.dfimoveis.com.br/fotos/1382652/57271004b18114a857d984aa8283e191.webp,['https://img.dfimoveis.com.br/fotos/1382652/57271004b18114a857d984aa8283e191.webp'],Cardec Imóveis,2026-08-30T15:05:21.548324
d0197fea5d9c,dfimoveis_1413393,"Avenida das Araucárias, SUL, AGUAS CLARAS",/imovel/apartamento-2-quartos-aluguel-sul-aguas-claras-df-avenida-das-araucarias-1413393,3300,"Situado na Av. das Araucárias, lote 4155 , bloco A, 9º andar - Águas Claras Sul. Localizado próximo aos pontos mais inte... 18/08/26",2 Quartos,1 Suíte,N/A,2 Vagas,69 m²,Águas Claras,https://img.dfimoveis.com.br/fotos/1413393/7e6fa84560498d624441f3c39ecb3ea9.webp,['https://img.dfimoveis.com.br/fotos/1413393/7e6fa84560498d624441f3c39ecb3ea9.webp'],Multivendas - A Sua Imobiliária,2026-08-30T15:05:21.550918
49230f54e902,dfimoveis_687953,"SQS 114 Bloco H, ASA SUL, BRASILIA",/imovel/apartamento-3-quartos-aluguel-asa-sul-brasilia-df-sqs-114-bloco-h-687953,7500,"Excelente localização, quadra tranquila e pertinho de comércio variado. 
O Apartamento com 150m²  possuindo projeto de i... 12/01/23",3 Quartos,1 Suíte,N/A,1 Vaga,157 m²,Asa Sul,https://img.dfimoveis.com.br/fotos/687953/3708ab0cfe522a0ff381123a2380bff9.jpg?format=webp,['https://img.dfimoveis.com.br/fotos/687953/3708ab0cfe522a0ff381123a2380bff9.jpg?format=webp'],F&M Imobiliária,2026-08-30T15:05:21.553364
f62fd593dcee,dfimoveis_1325794,"SQNW 107 Bloco F, NOROESTE, BRASILIA",/imovel/apartamento-2-quartos-aluguel-noroeste-brasilia-df-sqnw-107-bloco-f-1325794,8100,"TH27330 - Shcnw Sqnw 107 Noroeste Res. Reserva Malbec, Apartamento 02 quartos, 72m². Agende sua visita!  

Imóvel compos... 27/03/26",2 Quartos,1 Suíte,N/A,2 Vagas,72 m²,Noroeste,https://img.dfimoveis.com.br/fotos/1325794/2aebeaeb7bfa9847848bc2a2444e02a3.webp,['https://img.dfimoveis.com.br/fotos/1325794/2aebeaeb7bfa9847848bc2a2444e02a3.webp'],Thaís Imobiliária,2026-08-30T15:05:21.555816
290a37201ae6,dfimoveis_325595,"SHCGN 703 Bloco G, ASA NORTE, BRASILIA",/imovel/apartamento-2-quartos-aluguel-asa-norte-brasilia-df-shcgn-703-bloco-g-325595,2800,"- Próximo ao Centro de Brasília e fácil acesso ao CEUB;
- Ao lado do Brasília Shopping, do Colégio Militar e a pouco pas... 11/06/21",2 Quartos,N/A,N/A,N/A,41 m²,Asa Norte,https://img.dfimoveis.com.br/fotos/325595/bdca3394d5ecba55442b663400dda196.webp,['https://img.dfimoveis.com.br/fotos/325595/bdca3394d5ecba55442b663400dda196.webp'],Fernando Vasconcelos Imóveis,2026-08-30T15:05:33.512524
0be43476843e,dfimoveis_1327243,"EQS 114/115, ASA SUL, BRASILIA",/imovel/loja-0-quartos-aluguel-asa-sul-brasilia-df-eqs-114-115-1327243,7800,A L U G O loja no centro comercial casablanca EQS 114/115 . Oportunidade!!! Excelente localização!!! Fachada enorme Com ... 31/03/26,N/A,N/A,N/A,N/A,130 m²,Asa Sul,https://img.dfimoveis.com.br/fotos/1327243/28fa1e24155d5c6153bfc13e8a209c33.webp,['https://img.dfimoveis.com.br/fotos/1327243/28fa1e24155d5c6153bfc13e8a209c33.webp'],Gabriella Mazza,2026-08-30T15:05:33.515650
43619896305b,dfimoveis_1233015,"QI 8, SETOR INDUSTRIAL, TAGUATINGA",/imovel/lote-terreno-rea-0-quartos-aluguel-setor-industrial-taguatinga-df-qi-8-1233015,19000,"Excelente oportunidade para locação ou venda de um terreno aberto e amplo com 4.200m², ideal para estacionamento, depósi... 25/09/25",N/A,N/A,N/A,N/A,4200 m²,Taguatinga,https://img.dfimoveis.com.br/fotos/1233015/4ec8f5c5091cfe210603b08e43993b89.webp,['https://img.dfimoveis.com.br/fotos/1233015/4ec8f5c5091cfe210603b08e43993b89.webp'],GRUPO JK,2026-08-30T15:05:33.518164
d4dcee4bc119,dfimoveis_1355473,"SCN Quadra 01 Bloco C, ASA NORTE, BRASILIA",/imovel/sala-0-quartos-aluguel-asa-norte-brasilia-df-scn-quadra-01-bloco-c-1355473,18215,"A Royal Premium aluga o melhor espaço no Edifício Trade Center, no coração de Brasília. No 19º andar, o imóvel possui 19... 20/05/26",N/A,N/A,N/A,5 Vagas,191 m²,Asa Norte,https://img.dfimoveis.com.br/fotos/1355473/3e9f717c9f7853a45bb7f0943f73d0b4.webp,['https://img.dfimoveis.com.br/fotos/1355473/3e9f717c9f7853a45bb7f0943f73d0b4.webp'],Royal Premium ,2026-08-30T15:05:33.520535
c6122980857d,dfimoveis_1404997,"Avenida Buritís Quadra 402, RECANTO DAS EMAS, RECANTO DAS EMAS",/imovel/apartamento-2-quartos-aluguel-recanto-das-emas-recanto-das-emas-df-avenida-buritis-quadra-402-1404997,1400,"ALUGA-SE EXCELENTE APARTAMENTO COM 2(DOIS) QUARTOS POR R$1.400,00 (UM MIL E QUATROCENTOS REAIS)

Excelente Apartamento, ... 30/07/26",2 Quartos,N/A,N/A,1 Vaga,45 m²,Recanto das Emas,https://img.dfimoveis.com.br/fotos/1404997/91ec1c179390dadf6f7e697245c4ef1c.webp,['https://img.dfimoveis.com.br/fotos/1404997/91ec1c179390dadf6f7e697245c4ef1c.webp'],Domingos Rodrigues,2026-08-30T15:05:33.522683
718bc82bff62,dfimoveis_1105958,"SCRN 712/713 Bloco C, ASA NORTE, BRASILIA",/imovel/ponto-comercial-0-quartos-aluguel-asa-norte-brasilia-df-scrn-712-713-bloco-c-1105958,7000,"LOCAÇÃO DE COBERTURA PARA INSTALAÇÃO DE ANTENAS DE TELEFONIA MÓVEL – BRASÍLIA/DF

Disponibilizamos para locação área na ... 31/01/25",N/A,N/A,N/A,N/A,300 m²,Asa Norte,https://img.dfimoveis.com.br/fotos/1105958/957c1f044b8fb0e1918acc5736a40854.webp,['https://img.dfimoveis.com.br/fotos/1105958/957c1f044b8fb0e1918acc5736a40854.webp'],LBC EMPREENDIMENTOS IMOBILIÁRIOS,2026-08-30T15:05:33.525028
1e74809a7fdd,dfimoveis_1365906,"Quadra C 1, TAGUATINGA CENTRO, TAGUATINGA",/imovel/sala-0-quartos-aluguel-taguatinga-centro-taguatinga-df-quadra-c-1-1365906,850,"ALUGUEL BRUTO................................................	 R$ 1.000,45 
DESCONTO PONTUALIDADE.......................... 09/06/26",N/A,N/A,N/A,N/A,29 m²,Taguatinga,https://img.dfimoveis.com.br/fotos/1365906/a15dd19b3901d60b230febb18c7524c2.webp,['https://img.dfimoveis.com.br/fotos/1365906/a15dd19b3901d60b230febb18c7524c2.webp'],Antônio Filho Imobiliária,2026-08-30T15:05:33.527354
90479f8896c1,dfimoveis_1410697,"CNB 2, TAGUATINGA NORTE, TAGUATINGA",/imovel/apartamento-2-quartos-aluguel-taguatinga-norte-taguatinga-df-cnb-2-1410697,1500,"Procurando morar bem com toda a conveniência de Taguatinga? Este apartamento é a escolha ideal!

Localização: CNB 2, cor... 12/08/26",2 Quartos,N/A,N/A,1 Vaga,70 m²,Taguatinga,https://img.dfimoveis.com.br/fotos/1410697/d0257937b0cd579f452a60c57bac00ff.webp,['https://img.dfimoveis.com.br/fotos/1410697/d0257937b0cd579f452a60c57bac00ff.webp'],Marcelo Paz,2026-08-30T15:05:33.531104
f981a091587a,dfimoveis_1418217,"Rua COPAIBA, NORTE, AGUAS CLARAS",/imovel/apartamento-1-quarto-aluguel-norte-aguas-claras-df-rua-copaiba-1418217,2900,"APARTAMENTO 1 QUARTO PARA LOCAÇÃO | DF PLAZA – ÁGUAS CLARAS
R$ 2.900 incluso condominio 

* 36 m²
* 1 quarto com suíte
*... 25/08/26",1 Quarto,N/A,N/A,1 Vaga,36 m²,Águas Claras,https://img.dfimoveis.com.br/fotos/1418217/0905fece68f60cccaf8c1f825ef423a1.webp,['https://img.dfimoveis.com.br/fotos/1418217/0905fece68f60cccaf8c1f825ef423a1.webp'],Alessandra Leniér Imóveis ,2026-08-30T15:05:33.533922
ad32b016d524,dfimoveis_1415026,"Rua 16, SUL, AGUAS CLARAS",/imovel/apartamento-1-quarto-aluguel-sul-aguas-claras-df-rua-16-1415026,3000,"TH35831 - Rua 16 Sul Aguas Claras - Apartamento 01 quarto, 37m². Agende sua visita! 
 
O imóvel conta com uma sala elega... 20/08/26",1 Quarto,N/A,N/A,N/A,37 m²,Águas Claras,https://img.dfimoveis.com.br/fotos/1415026/2da69a28e27c405ff6cc659fbbcec247.webp,['https://img.dfimoveis.com.br/fotos/1415026/2da69a28e27c405ff6cc659fbbcec247.webp'],Thaís Imobiliária,2026-08-30T15:05:33.536119
7e3d10463c9e,dfimoveis_1350670,"Rua 9, NORTE, AGUAS CLARAS",/imovel/apartamento-4-quartos-aluguel-norte-aguas-claras-df-rua-9-1350670,4700,"Excelente apartamento localizado na Rua 09 Norte, em andar alto, totalmente reformado e com acabamento sofisticado, idea... 12/05/26",4 Quartos,2 Suítes,N/A,1 Vaga,137 m²,Águas Claras,https://img.dfimoveis.com.br/fotos/1350670/26f4a747e997c6d68980f2959820d04d.webp,['https://img.dfimoveis.com.br/fotos/1350670/26f4a747e997c6d68980f2959820d04d.webp'],Antônio Filho Imobiliária,2026-08-30T15:05:33.538820
350ce8370409,dfimoveis_1418894,"Quadra 7 Comércio Local 5, SOBRADINHO, SOBRADINHO",/imovel/loja-0-quartos-aluguel-sobradinho-sobradinho-df-quadra-7-comercio-local-5-1418894,4100,"VILLA153839 - Última atualização: 29/08/26 23:31
EXCELENTE OPORTUNIDADE PARA O SEU NEGÓCIO EM SOBRADINHO!

Duas lojas di... 27/08/26",N/A,N/A,N/A,N/A,71 m²,Sobradinho,https://img.dfimoveis.com.br/fotos/1418894/7c35101d82568aa767eeb826d33deb9b.webp,['https://img.dfimoveis.com.br/fotos/1418894/7c35101d82568aa767eeb826d33deb9b.webp'],Bordalo PRIME Imobiliária ,2026-08-30T15:05:33.541685
744269ad3a87,dfimoveis_179427,"SHIS QL 22 Conjunto 10, LAGO SUL, BRASILIA",/imovel/casa-4-quartos-aluguel-lago-sul-brasilia-df-shis-ql-22-conjunto-10-179427,17000,"Conheça esta casa localizado na SHIS QL 22 Conjunto 10, Lago Sul, Brasília. Um espaço perfeito para quem busca conforto,... 20/11/19",4 Quartos,4 Suítes,N/A,3 Vagas,733 m²,Lago Sul,https://img.dfimoveis.com.br/fotos/179427/0b39517eb590d2c2711b4a5146763fe4.jpg?format=webp,['https://img.dfimoveis.com.br/fotos/179427/0b39517eb590d2c2711b4a5146763fe4.jpg?format=webp'],Luiz Claudio Emp Imob,2026-08-30T15:05:33.544127
05b766d5d616,dfimoveis_1418489,"COPAIBA 1, NORTE, AGUAS CLARAS",/imovel/sala-0-quartos-aluguel-norte-aguas-claras-df-copaiba-1-1418489,1650,Excelente sala nascente vista livre ar condicionado banheiro 1 vaga no subsolo 26/08/26,N/A,N/A,N/A,1 Vaga,32 m²,Águas Claras,https://img.dfimoveis.com.br/fotos/1418489/052ff530bd5abd753afb0aa03da178fe.webp,['https://img.dfimoveis.com.br/fotos/1418489/052ff530bd5abd753afb0aa03da178fe.webp'],VANCE IMOB,2026-08-30T15:05:33.546461
30e9713dc729,dfimoveis_1292987,"SEPN 507, ASA NORTE, BRASILIA",/imovel/prdio-0-quartos-aluguel-asa-norte-brasilia-df-sepn-507-1292987,350000,"Excelente prédio comercial de esquina, vazado, disponível para aluguel na Asa Norte, com 6500 m² de área construída tota... 27/01/26",N/A,N/A,N/A,50 Vagas,6500 m²,Asa Norte,https://img.dfimoveis.com.br/fotos/1292987/b9b508b2c1727fcd86f56a1474e6e2b6.webp,['https://img.dfimoveis.com.br/fotos/1292987/b9b508b2c1727fcd86f56a1474e6e2b6.webp'],Brasnil Empreendimentos Imobiliários,2026-08-30T15:05:33.548953
ad953c56c323,dfimoveis_1321918,"SHCGN 703 Bloco R, ASA NORTE, BRASILIA",/imovel/apartamento-1-quarto-aluguel-asa-norte-brasilia-df-shcgn-703-bloco-r-1321918,5187,"Viva o melhor no coração da Asa Norte ! 
Aproveite essa oportunidade e seja a segunda pessoa a morar nesse linda cobertu... 19/03/26",1 Quarto,1 Suíte,N/A,1 Vaga,85 m²,Asa Norte,https://img.dfimoveis.com.br/fotos/1321918/1205081261a461718066b989f21a56b3.webp,['https://img.dfimoveis.com.br/fotos/1321918/1205081261a461718066b989f21a56b3.webp'],Joaquim Cândido Imóveis,2026-08-30T15:05:33.551725
31c5170663ce,dfimoveis_1280382,"CLS 109 Bloco A, ASA SUL, BRASILIA",/imovel/loja-0-quartos-aluguel-asa-sul-brasilia-df-cls-109-bloco-a-1280382,6500,"LOJA CLS 109/110 SUL RUA DAS ELETRICAS

Localização privilegiada no coração da Asa Sul, ideal para quem busca visibilida... 24/12/25",N/A,N/A,N/A,N/A,130 m²,Asa Sul,https://img.dfimoveis.com.br/fotos/1280382/5f059154a8f89181d4cb2630745a686c.webp,['https://img.dfimoveis.com.br/fotos/1280382/5f059154a8f89181d4cb2630745a686c.webp'],Realiza Imóveis ,2026-08-30T15:05:33.553728
506c25fcf2af,dfimoveis_936094,"SHS Quadra 6 Conjunto A Bloco A, ASA SUL, BRASILIA",/imovel/garagem-0-quartos-aluguel-asa-sul-brasilia-df-shs-quadra-6-conjunto-a-bloco-a-936094,400,"VILLA148966 - Última atualização: 29/08/26 23:31
Brasil 21

Bordalo PRIME Imobiliária aluga vaga de garagem no Brasil XX... 09/03/24",N/A,N/A,N/A,1 Vaga,15 m²,Asa Sul,https://img.dfimoveis.com.br/fotos/936094/ea578f86c7b4b6a6411910a4e6ccdb4c.jpg?format=webp,['https://img.dfimoveis.com.br/fotos/936094/ea578f86c7b4b6a6411910a4e6ccdb4c.jpg?format=webp'],Bordalo PRIME Imobiliária ,2026-08-30T15:05:33.555722
446404bf1637,dfimoveis_1372177,"SCN Quadra 02 Bloco D, ASA NORTE, BRASILIA",/imovel/sala-0-quartos-aluguel-asa-norte-brasilia-df-scn-quadra-02-bloco-d-1372177,6500,"SCN Quadra 02 – Liberty Mall | Escritório Corporativo Completo | 66m² | Mobiliado

A Bem Estar Imóveis apresenta uma opo... 23/06/26",N/A,N/A,N/A,N/A,66 m²,Asa Norte,https://img.dfimoveis.com.br/fotos/1372177/756261ffb932cef5da5129bfe15c10d0.webp,['https://img.dfimoveis.com.br/fotos/1372177/756261ffb932cef5da5129bfe15c10d0.webp'],Bem Estar Imóveis,2026-08-30T15:05:33.557864
46d8aac9cb5c,dfimoveis_446081,"SDN Lote Único, ASA NORTE, BRASILIA",/imovel/sala-0-quartos-aluguel-asa-norte-brasilia-df-sdn-lote-unico-446081,3900,Sala reformada. Espaço bom e confortável para o ambiente de trabalho. 24/01/22,N/A,N/A,N/A,N/A,70 m²,Asa Norte,https://img.dfimoveis.com.br/fotos/446081/0d0b0315ad3bc16829f7cc0eec5a8a25.jpg?format=webp,['https://img.dfimoveis.com.br/fotos/446081/0d0b0315ad3bc16829f7cc0eec5a8a25.jpg?format=webp'],Paula Lima,2026-08-30T15:05:33.559802
4392d9473f8e,dfimoveis_1247450,"SCIA Quadra 15 Conjunto 3, SCIA, SETOR INDUSTRIAL",/imovel/sala-0-quartos-aluguel-scia-setor-industrial-df-scia-quadra-15-conjunto-3-1247450,14000,"Excelente oportunidade para empresas que buscam espaço amplo, bem estruturado e com excelente localização no SCIA.
Imóve... 21/10/25",N/A,N/A,N/A,N/A,588 m²,Setor Industrial,https://img.dfimoveis.com.br/fotos/1247450/d2d726d442cef940614aabf8da68d810.webp,['https://img.dfimoveis.com.br/fotos/1247450/d2d726d442cef940614aabf8da68d810.webp'],Paulo Duarte Imóveis,2026-08-30T15:05:33.562083
25467cc9b698,dfimoveis_1361122,"Avenida das Araucárias, SUL, AGUAS CLARAS",/imovel/apartamento-1-quarto-aluguel-sul-aguas-claras-df-avenida-das-araucarias-1361122,2300,"ALUGUEL BRUTO................................................	 R$ 2.707,10 
DESCONTO PONTUALIDADE.......................... 30/05/26",1 Quarto,N/A,N/A,1 Vaga,50 m²,Águas Claras,https://img.dfimoveis.com.br/fotos/1361122/8e3d08e5093a510f2af8eca9a30279ec.webp,['https://img.dfimoveis.com.br/fotos/1361122/8e3d08e5093a510f2af8eca9a30279ec.webp'],Antônio Filho Imobiliária,2026-08-30T15:05:33.565340
7a48760632b8,dfimoveis_1332832,"SMAS Trecho 1 C, PARK SUL, BRASILIA",/imovel/apartamento-3-quartos-aluguel-park-sul-brasilia-df-smas-trecho-1-c-1332832,6950,"ALUGO NO LIVING PARK SUL!
LINDÍSSIMO APTO, C/ AR CONDICIONADO nos QUARTOS e na SALA.

Venha desfrutar  das inúmeras vant... 11/04/26",3 Quartos,1 Suíte,N/A,2 Vagas,100 m²,Park Sul,https://img.dfimoveis.com.br/fotos/1332832/e23c636d7d4e0695677654d52288629e.webp,['https://img.dfimoveis.com.br/fotos/1332832/e23c636d7d4e0695677654d52288629e.webp'],F. Freire - Corretor,2026-08-30T15:05:33.568982
a95ac777594f,dfimoveis_1197454,"Condomínio Quinta dos Ipês, JARDIM BOTANICO, BRASILIA",/imovel/casa-condominio-4-quartos-aluguel-jardim-botanico-brasilia-df-condominio-quinta-dos-ipes-1197454,5100,"Olá amigos clientes a AGSol, traz até você uma oportunidade de morar em uma ¨Casa Pura Vida¨. onde desfrute de momentos... 16/07/25",4 Quartos,4 Suítes,N/A,1 Vaga,300 m²,Jardim Botânico,https://img.dfimoveis.com.br/fotos/1197454/e3d140207c9964640503972993c715b3.webp,['https://img.dfimoveis.com.br/fotos/1197454/e3d140207c9964640503972993c715b3.webp'],Andre Gomes,2026-08-30T15:05:33.571242
857e05cd65da,dfimoveis_1404923,"SQN 109, ASA NORTE, BRASILIA",/imovel/apartamento-3-quartos-aluguel-asa-norte-brasilia-df-sqn-109-1404923,10000,"EXCLUSIVIDADE NA SQN 109 | 170 m² | CANTO | NASCENTE | VAZADO | 3 QUARTOS |3 VARANDAS | 2 VAGAS SOLTAS

Apresentamos um ... 30/07/26",3 Quartos,2 Suítes,N/A,4 Vagas,170 m²,Asa Norte,https://img.dfimoveis.com.br/fotos/1404923/708a893fe3f67ba1bcf3edd0067e8bbb.webp,['https://img.dfimoveis.com.br/fotos/1404923/708a893fe3f67ba1bcf3edd0067e8bbb.webp'],CASA MONCAIO – A ARTE DE HABITAR ,2026-08-30T15:05:33.573387
3b0d292a4b23,dfimoveis_1397594,"SMPW Quadra 1, PARK WAY, BRASILIA",/imovel/casa-condominio-4-quartos-aluguel-park-way-brasilia-df-smpw-quadra-1-1397594,20000,"Sobrado para Locação – Park Way | Quadra 01
Sobrado de alto padrão localizado na Quadra 01 do Park Way, próximo ao Núcle... 16/07/26",4 Quartos,4 Suítes,N/A,6 Vagas,600 m²,Park Way,https://img.dfimoveis.com.br/fotos/1397594/42325bd7335c1325170c28c51b31f07c.webp,['https://img.dfimoveis.com.br/fotos/1397594/42325bd7335c1325170c28c51b31f07c.webp'],Ronaldo Samuel Escritório imobiliário,2026-08-30T15:05:33.575525
09ba797a0b2b,dfimoveis_1306796,"Rua 24, NORTE, AGUAS CLARAS",/imovel/loja-0-quartos-aluguel-norte-aguas-claras-df-rua-24-1306796,5000,"Oportunidade no Coração de Águas Claras

Duas lojas amplas, bem posicionadas, no centro do Shopping Lá Belle, em Águas C... 20/02/26",N/A,N/A,N/A,N/A,110 m²,Águas Claras,https://img.dfimoveis.com.br/fotos/1306796/8544d849138e668f822b7664716b1dad.webp,['https://img.dfimoveis.com.br/fotos/1306796/8544d849138e668f822b7664716b1dad.webp'],Lettieri Águas Claras,2026-08-30T15:05:33.577789
4c0d18c75f68,dfimoveis_1212415,"SCIA Quadra 15 Conjunto 3, SCIA, SETOR INDUSTRIAL",/imovel/loja-0-quartos-aluguel-scia-setor-industrial-df-scia-quadra-15-conjunto-3-1212415,14000,"Excelente oportunidade para empresas que buscam espaço amplo, bem estruturado e com excelente localização no SCIA.
Imóve... 16/08/25",N/A,N/A,N/A,N/A,588 m²,Setor Industrial,https://img.dfimoveis.com.br/fotos/1212415/7196794bda7c6e5ea1dcca5194a74c91.webp,['https://img.dfimoveis.com.br/fotos/1212415/7196794bda7c6e5ea1dcca5194a74c91.webp'],Paulo Duarte Imóveis,2026-08-30T15:05:33.579771
c710da79e94a,dfimoveis_1384868,"SQS 108 Bloco A, ASA SUL, BRASILIA",/imovel/apartamento-2-quartos-aluguel-asa-sul-brasilia-df-sqs-108-bloco-a-1384868,5400,"SQS 108 Bloco A – Apartamento de 90 m² | 2 Quartos | Asa Sul

Este excelente apartamento reúne conforto, segurança, func... 14/07/26",2 Quartos,N/A,N/A,N/A,90 m²,Asa Sul,https://img.dfimoveis.com.br/fotos/1384868/cc018fa1b2ba0544e1bc848a74b5069b.webp,['https://img.dfimoveis.com.br/fotos/1384868/cc018fa1b2ba0544e1bc848a74b5069b.webp'],Lettieri Imobiliária,2026-08-30T15:05:33.582285
b02d99885ca7,dfimoveis_1254641,"Avenida Parque Águas Claras, NORTE, AGUAS CLARAS",/imovel/apartamento-1-quarto-aluguel-norte-aguas-claras-df-avenida-parque-aguas-claras-1254641,2000,"DALL'OCA IMÓVEIS ALUGA:

Ótimo apartamento, nascente, localizado a 1km da Estação Arniqueiras, comércio diversificado, c... 02/11/25",1 Quarto,N/A,N/A,N/A,32 m²,Águas Claras,https://img.dfimoveis.com.br/fotos/1254641/2f5a648b16c29e5e12eaaac1c5efb5fc.webp,['https://img.dfimoveis.com.br/fotos/1254641/2f5a648b16c29e5e12eaaac1c5efb5fc.webp'],Dall'Oca Imóveis ,2026-08-30T15:05:33.585265
638d17d5da7c,dfimoveis_526793,"SHIS QI 17 COMERCIO LOCAL S/N, LAGO SUL, BRASILIA",/imovel/casa-4-quartos-aluguel-lago-sul-brasilia-df-shis-qi-17-comercio-local-s-n-526793,22000,"Excelente imóvel  , Centralizado, Pé direito alto. 
Espaçoso, 
Composto de :
Hall de entrada 
Escritório 
Sala 
Sala de ... 17/05/22",5 Quartos,5 Suítes,N/A,N/A,750 m²,Lago Sul,https://img.dfimoveis.com.br/fotos/526793/61394f95533eb755bbf9d3e0eeae7ea3.jpg?format=webp,['https://img.dfimoveis.com.br/fotos/526793/61394f95533eb755bbf9d3e0eeae7ea3.jpg?format=webp'],Nicolle Menali,2026-08-30T15:05:45.698112
ace4b662d811,dfimoveis_1416721,"Quadra 209, SUL, AGUAS CLARAS",/imovel/apartamento-3-quartos-aluguel-sul-aguas-claras-df-quadra-209-1416721,5800,"Fernandes & Coelho Imóveis aluga excelente apartamento de 111m² no Residencial Vívian Valois, na Quadra 209 de Águas Cla... 23/08/26",3 Quartos,1 Suíte,N/A,2 Vagas,111 m²,Águas Claras,https://img.dfimoveis.com.br/fotos/1416721/9d1b957c760a7bed576bb93aa25e7a7a.webp,['https://img.dfimoveis.com.br/fotos/1416721/9d1b957c760a7bed576bb93aa25e7a7a.webp'],Fernandes & Coelho Imóveis,2026-08-30T15:05:45.700668
626d8eac650a,dfimoveis_970664,"SCS Quadra 02 Bloco D Lote 81, ASA SUL, BRASILIA",/imovel/sala-0-quartos-aluguel-asa-sul-brasilia-df-scs-quadra-02-bloco-d-lote-81-970664,1000,"Sala ampla – 64m2 – Ed. Oscar Niemeyer

Sala no Setor Comercial Sul, Edifício Oscar Niemeyer, com aproximadamente 64 m2,... 10/05/24",N/A,N/A,N/A,1 Vaga,63 m²,Asa Sul,https://img.dfimoveis.com.br/fotos/970664/665ab6694cb4712084d18fb6f4596b3e.jpg?format=webp,['https://img.dfimoveis.com.br/fotos/970664/665ab6694cb4712084d18fb6f4596b3e.jpg?format=webp'],Deborah Batista,2026-08-30T15:05:45.702759
e31ad9f3b176,dfimoveis_915761,"Rodovia BR 020, SOBRADINHO, SOBRADINHO",/imovel/galpo-0-quartos-aluguel-sobradinho-sobradinho-df-rodovia-br-020-915761,15000,"Locação de Galpão Industrial em Sobradinho - DF

Se você está em busca de um espaço industrial de alta qualidade e loca... 12/02/24",N/A,N/A,N/A,N/A,2800 m²,Sobradinho,https://img.dfimoveis.com.br/fotos/915761/e110b7014e353be4e1f1bdc7165f2424.jpg?format=webp,['https://img.dfimoveis.com.br/fotos/915761/e110b7014e353be4e1f1bdc7165f2424.jpg?format=webp'],4D Imóveis,2026-08-30T15:05:45.704924
3ead4e4f134f,dfimoveis_1298974,"SCS Quadra 02 Bloco C Lote 92, ASA SUL, BRASILIA",/imovel/sala-0-quartos-aluguel-asa-sul-brasilia-df-scs-quadra-02-bloco-c-lote-92-1298974,15000,"Se a sua empresa exige uma localização que transmita solidez e eficiência, esta sala no Setor Comercial Sul foi feita pa... 05/02/26",N/A,N/A,N/A,1 Vaga,575 m²,Asa Sul,https://img.dfimoveis.com.br/fotos/1298974/a9fdce176fa85f127cdfb1b36d3a3465.webp,['https://img.dfimoveis.com.br/fotos/1298974/a9fdce176fa85f127cdfb1b36d3a3465.webp'],Lídia Mara Fernandes Camargos,2026-08-30T15:05:45.707269
467fb4ba3f08,dfimoveis_1420420,"SQNW 311, NOROESTE, BRASILIA",/imovel/apartamento-3-quartos-aluguel-noroeste-brasilia-df-sqnw-311-1420420,15950,"Lindo apartamento de 154 m2, alugado totalmente mobiliado e equipado, originalmente 4 quartos, atualmente transformado e... 29/08/26",3 Quartos,2 Suítes,N/A,3 Vagas,154 m²,Noroeste,https://img.dfimoveis.com.br/fotos/1420420/2b80178c4388c869506da1d0f7912759.webp,['https://img.dfimoveis.com.br/fotos/1420420/2b80178c4388c869506da1d0f7912759.webp'],Curadoria de Imóveis,2026-08-30T15:05:45.710028
75885e3b1f90,dfimoveis_1192207,"Rua 3 Chacará 47, VICENTE PIRES, VICENTE PIRES",/imovel/casa-3-quartos-aluguel-vicente-pires-vicente-pires-df-rua-3-chacara-47-1192207,11500,"Residência em Vicente Pires! Você busca a casa dos sonhos para morar com conforto e segurança
Agendar com Felipe 6198210... 04/07/25",3 Quartos,2 Suítes,N/A,4 Vagas,500 m²,Vicente Pires,https://img.dfimoveis.com.br/fotos/1192207/47771a62388d2c30b63e594cbbf4b785.webp,['https://img.dfimoveis.com.br/fotos/1192207/47771a62388d2c30b63e594cbbf4b785.webp'],Antônio Filho Imobiliária,2026-08-30T15:05:45.713215
d408910f12d2,dfimoveis_1376359,"QNG 28, TAGUATINGA NORTE, TAGUATINGA",/imovel/sala-0-quartos-aluguel-taguatinga-norte-taguatinga-df-qng-28-1376359,5800,"Excelente sala com 280m²  na QNG 28 ao lado do  TAGUACENTER

Ponto estratégico pra quem precisa de visibilidade + logíst... 01/07/26",N/A,N/A,N/A,N/A,280 m²,Taguatinga,https://img.dfimoveis.com.br/fotos/1376359/55e7d38e7b8cac7dc1f8c48240cc7536.webp,['https://img.dfimoveis.com.br/fotos/1376359/55e7d38e7b8cac7dc1f8c48240cc7536.webp'],Cristiano Marcelino,2026-08-30T15:05:45.715943
47b02edbcd81,dfimoveis_1064398,"SIA Trecho 3, SIA, SETOR INDUSTRIAL",/imovel/prdio-0-quartos-aluguel-sia-setor-industrial-df-sia-trecho-3-1064398,250000,"Prédio Comercial de Alto Padrão na Zona Industrial de Brasília-DF: 144 Vagas, 14.180,13m², Elevadore
Venha conhecer este... 25/10/24",N/A,N/A,N/A,144 Vagas,14180 m²,Setor Industrial,https://img.dfimoveis.com.br/fotos/1064398/350dfa0ef2930c49d16f46dbc2b9bce9.webp,['https://img.dfimoveis.com.br/fotos/1064398/350dfa0ef2930c49d16f46dbc2b9bce9.webp'],Rodrigo de Paulo Corretor de Imóveis,2026-08-30T15:05:45.719148
c93954f03b12,dfimoveis_1404998,"Rua 8 Chacará 113, VICENTE PIRES, VICENTE PIRES",/imovel/sala-0-quartos-aluguel-vicente-pires-vicente-pires-df-rua-8-chacara-113-1404998,1300,"Cleber Dantas ALUGA

Sala Comercial de 30 m² com Garagem Privativa na Rua 8 – Vicente Pires

Atenção: Oportunidade perfe... 30/07/26",N/A,N/A,N/A,1 Vaga,30 m²,Vicente Pires,https://img.dfimoveis.com.br/fotos/1404998/069c42ae766dd55538cea3265669876f.webp,['https://img.dfimoveis.com.br/fotos/1404998/069c42ae766dd55538cea3265669876f.webp'],Cleber Dantas,2026-08-30T15:05:45.722033
8337767364ee,dfimoveis_1408368,"SQS 106 Bloco F, ASA SUL, BRASILIA",/imovel/apartamento-1-quarto-aluguel-asa-sul-brasilia-df-sqs-106-bloco-f-1408368,5500,"SQS 106 - Apartamento 1 Suíte na Asa Sul - DF

Imagine morar em um apartamento que combina funcionalidade, conforto e um... 07/08/26",1 Quarto,1 Suíte,N/A,N/A,84 m²,Asa Sul,https://img.dfimoveis.com.br/fotos/1408368/1eee1666c34ee2c72d6c6773c98f27b1.webp,['https://img.dfimoveis.com.br/fotos/1408368/1eee1666c34ee2c72d6c6773c98f27b1.webp'],Coemi Imóveis ,2026-08-30T15:05:45.724634
bb7ad3bb53e5,dfimoveis_1312809,"Condomínio Santa Felicidade, JARDIM BOTANICO, BRASILIA",/imovel/casa-3-quartos-aluguel-jardim-botanico-brasilia-df-condominio-santa-felicidade-1312809,7000,"NEVES TEIXEIRA IMÓVEIS ALUGA: 

Excepcional casa, alto padrão, nascente, com projeto arquitetônico e iluminação, piso em... 03/03/26",3 Quartos,1 Suíte,N/A,2 Vagas,165 m²,Jardim Botânico,https://img.dfimoveis.com.br/fotos/1312809/ac5b0b8b682b085b3f50ba35f81571a3.webp,['https://img.dfimoveis.com.br/fotos/1312809/ac5b0b8b682b085b3f50ba35f81571a3.webp'],Neves Teixeira Imóveis,2026-08-30T15:05:45.727212
ecf0f0e4e355,dfimoveis_1410619,"QRSW 8 Bloco B 2, SUDOESTE, BRASILIA",/imovel/apartamento-2-quartos-aluguel-sudoeste-brasilia-df-qrsw-8-bloco-b-2-1410619,3300,"**** EXCELENTE OPORTUNIDADE DE LOCAÇÃO ***

Este apartamento é a escolha perfeita para quem valoriza conveniência e uma ... 12/08/26",2 Quartos,N/A,N/A,N/A,61 m²,Sudoeste,https://img.dfimoveis.com.br/fotos/1410619/17a87f26679f2922acddecfee8dd1253.webp,['https://img.dfimoveis.com.br/fotos/1410619/17a87f26679f2922acddecfee8dd1253.webp'],INTTER,2026-08-30T15:05:45.729313
cd47f7236883,dfimoveis_298300,"Rua 3, NORTE, AGUAS CLARAS",/imovel/apartamento-1-quarto-aluguel-norte-aguas-claras-df-rua-3-298300,1950,"Apartamento no Villa Grécia, localizado na Rua 3, NORTE, Aguas Claras, DF. 
Situado no último andar, oferece conforto, p... 24/03/21",1 Quarto,N/A,N/A,1 Vaga,30 m²,Águas Claras,https://img.dfimoveis.com.br/fotos/298300/cebc5588f000590d2d4fbeae86f909d9.jpg?format=webp,['https://img.dfimoveis.com.br/fotos/298300/cebc5588f000590d2d4fbeae86f909d9.jpg?format=webp'],Francisco Higo,2026-08-30T15:05:45.732408
ccd8e2dc6fd8,dfimoveis_1361041,"ADE Conjunto 13, ADE, AGUAS CLARAS",/imovel/kitnet-1-quarto-aluguel-ade-aguas-claras-df-ade-conjunto-13-1361041,800,"A Realiza Imóveis apresenta: Uma excelente kitnet, ideal para quem busca praticidade, conforto e um ótimo custo-benefíci... 30/05/26",1 Quarto,N/A,N/A,N/A,35 m²,Águas Claras,https://img.dfimoveis.com.br/fotos/1361041/ff994f4f525c870a05e32b4fd762b365.webp,['https://img.dfimoveis.com.br/fotos/1361041/ff994f4f525c870a05e32b4fd762b365.webp'],Realiza Imóveis ,2026-08-30T15:05:45.735217
285b387346fa,dfimoveis_1377364,"SQS 107 Bloco G, ASA SUL, BRASILIA",/imovel/apartamento-2-quartos-aluguel-asa-sul-brasilia-df-sqs-107-bloco-g-1377364,6000,"Se você busca conforto, praticidade e uma localização privilegiada na Asa Sul, Brasília, este apartamento no SQS 107 Blo... 03/07/26",2 Quartos,N/A,N/A,N/A,95 m²,Asa Sul,https://img.dfimoveis.com.br/fotos/1377364/dc048e6a93f1ededac273694e45be9a9.webp,['https://img.dfimoveis.com.br/fotos/1377364/dc048e6a93f1ededac273694e45be9a9.webp'],Cavalcante Imóveis,2026-08-30T15:05:45.737620
d1ee5d039e16,dfimoveis_1367291,"CA 10, LAGO NORTE, BRASILIA",/imovel/loja-0-quartos-aluguel-lago-norte-brasilia-df-ca-10-1367291,4700,"A FUTURA NEGÓCIOS IMOBILIÁRIOS disponibiliza para LOCAÇÃO:

 Loja Comercial no CA 10  Lago Norte

Excelente oportunidade... 11/06/26",N/A,N/A,N/A,N/A,70 m²,Lago Norte,https://img.dfimoveis.com.br/fotos/1367291/80d2b21a3285e505b193ef9390b7826b.webp,['https://img.dfimoveis.com.br/fotos/1367291/80d2b21a3285e505b193ef9390b7826b.webp'],Futura Negócios Imobiliários,2026-08-30T15:05:45.739588
6ea63b29e019,dfimoveis_796388,"QE 36 Conjunto B, GUARA II, GUARA",/imovel/casa-4-quartos-aluguel-guara-ii-guara-df-qe-36-conjunto-b-796388,10000,"TRG Imobiliária  ALUGA ! 

Casa de esquina, moderna e com altíssimo nível de acabamentos, localizada na QE 36, Guará II ... 05/07/23",4 Quartos,4 Suítes,N/A,3 Vagas,240 m²,Guará,https://img.dfimoveis.com.br/fotos/796388/924789d15b029f31c3c8818fcd552bbd.jpg?format=webp,['https://img.dfimoveis.com.br/fotos/796388/924789d15b029f31c3c8818fcd552bbd.jpg?format=webp'],TRG imobiliária ,2026-08-30T15:05:45.741707
abb87eada6df,dfimoveis_1321627,"SCN Quadra 05 Bloco A, ASA NORTE, BRASILIA",/imovel/sala-0-quartos-aluguel-asa-norte-brasilia-df-scn-quadra-05-bloco-a-1321627,37000,"Belíssima Sala Comercial reformada e mobiliada situada no 1º pavimento, com ampla recepção, 2 duas salas de reuniões, 4 ... 19/03/26",N/A,N/A,N/A,5 Vagas,384 m²,Asa Norte,https://img.dfimoveis.com.br/fotos/1321627/3d074591faec0964b218fba57eb2a3c3.webp,['https://img.dfimoveis.com.br/fotos/1321627/3d074591faec0964b218fba57eb2a3c3.webp'],Realiza Corretora de Seguros e Imóveis,2026-08-30T15:05:45.743719
5cf4a151f4e8,dfimoveis_1414874,"Quadra 203, SUL, AGUAS CLARAS",/imovel/apartamento-2-quartos-aluguel-sul-aguas-claras-df-quadra-203-1414874,3000,"APARTAMENTO 2 QUARTOS - 1 Suíte

Excelente Planta
Varanda
67m
1 Suíte
Todo com armários
Perpendicular - wc ventilação na... 19/08/26",2 Quartos,1 Suíte,N/A,1 Vaga,66 m²,Águas Claras,https://img.dfimoveis.com.br/fotos/1414874/12f38f23d1b5067f0bdb00bcb8d51cc1.webp,['https://img.dfimoveis.com.br/fotos/1414874/12f38f23d1b5067f0bdb00bcb8d51cc1.webp'],Gesa Carvalho,2026-08-30T15:05:45.746185
bce469988ca1,dfimoveis_1376943,"SHIS QI 7 Conjunto 3, LAGO SUL, BRASILIA",/imovel/casa-4-quartos-aluguel-lago-sul-brasilia-df-shis-qi-7-conjunto-3-1376943,22000,"IMÓVEL CORPORATIVO | LAGO SUL | ALTO POTENCIAL PARA SEDE EMPRESARIAL OU INSTITUCIONAL

Oportunidade para instalação de s... 02/07/26",5 Quartos,5 Suítes,N/A,15 Vagas,800 m²,Lago Sul,https://img.dfimoveis.com.br/fotos/1376943/7aa9056d852bedb5746f2b2cf67df389.webp,['https://img.dfimoveis.com.br/fotos/1376943/7aa9056d852bedb5746f2b2cf67df389.webp'],Nicolle Menali,2026-08-30T15:05:45.748937
225ca0960c4d,dfimoveis_1350843,"SQN 203 Bloco K, ASA NORTE, BRASILIA",/imovel/apartamento-3-quartos-aluguel-asa-norte-brasilia-df-sqn-203-bloco-k-1350843,8000,"TH35159 - Sqn 203 Asa Norte, Apartamento 03 quartos, 134m². Agende sua visita!  

Imóvel composto por área de serviço, b... 12/05/26",3 Quartos,2 Suítes,N/A,1 Vaga,134 m²,Asa Norte,https://img.dfimoveis.com.br/fotos/1350843/95d687379654767d50b81616c50f2ef3.webp,['https://img.dfimoveis.com.br/fotos/1350843/95d687379654767d50b81616c50f2ef3.webp'],Thaís Imobiliária,2026-08-30T15:05:45.751318
ea37beae398c,dfimoveis_1400674,"QI 8, SETOR INDUSTRIAL, TAGUATINGA",/imovel/lote-terreno-rea-0-quartos-aluguel-setor-industrial-taguatinga-df-qi-8-1400674,12000,"Dois terrenos contíguos para locação no Setor Industrial de Taguatinga Norte | 700M2

Um endereço estratégico para ampli... 21/07/26",N/A,N/A,N/A,N/A,700 m²,Taguatinga,https://img.dfimoveis.com.br/fotos/1400674/c9c8db450c72fff16a16cdc6647c3ba0.webp,['https://img.dfimoveis.com.br/fotos/1400674/c9c8db450c72fff16a16cdc6647c3ba0.webp'],Regina Kanashiro Negócios Imobiliários,2026-08-30T15:05:45.753409
b5c344db2fc5,dfimoveis_1351410,"QNM 19 Conjunto B, CEILANDIA SUL, CEILANDIA",/imovel/loja-0-quartos-aluguel-ceilandia-sul-ceilandia-df-qnm-19-conjunto-b-1351410,9000,"LOJA COMERCIAL DE ESQUINA  250M²

Excelente oportunidade para instalar seu negócio em uma região de grande movimento!

I... 13/05/26",N/A,N/A,N/A,N/A,250 m²,Ceilândia,https://img.dfimoveis.com.br/fotos/1351410/3c182aaa7eed54eb43709b534d97b062.webp,['https://img.dfimoveis.com.br/fotos/1351410/3c182aaa7eed54eb43709b534d97b062.webp'],Nogueira Imóveis,2026-08-30T15:05:45.755369
18e252c67d9b,dfimoveis_1382901,"SHIGS 709 Bloco R, ASA SUL, BRASILIA",/imovel/casa-1-quarto-aluguel-asa-sul-brasilia-df-shigs-709-bloco-r-1382901,3200,"SHIGS 709 - Kitnet em Casa Térrea com 1 quarto e Garagem - Asa Sul - DF

Descubra o charme e a praticidade desta casa na... 10/07/26",1 Quarto,N/A,N/A,1 Vaga,33 m²,Asa Sul,https://img.dfimoveis.com.br/fotos/1382901/f4330a56f8c89f91a699c17421aa09cf.webp,['https://img.dfimoveis.com.br/fotos/1382901/f4330a56f8c89f91a699c17421aa09cf.webp'],Coemi Imóveis ,2026-08-30T15:05:45.757433
7eada475ca07,dfimoveis_1406917,"SQNW 311 Bloco E, NOROESTE, BRASILIA",/imovel/apartamento-1-quarto-aluguel-noroeste-brasilia-df-sqnw-311-bloco-e-1406917,4500,"Localização: SQNW 311, Bloco E, Aparelho 415, Residencial Atrium D'argent, Noroeste, Brasília - DF

?? Descrição do Imóv... 04/08/26",1 Quarto,1 Suíte,N/A,1 Vaga,35 m²,Noroeste,https://img.dfimoveis.com.br/fotos/1406917/ae44ef632c4a90873e5ae16ff9328902.webp,['https://img.dfimoveis.com.br/fotos/1406917/ae44ef632c4a90873e5ae16ff9328902.webp'],Avanti Imob,2026-08-30T15:05:45.759546
bdf2394b4dc2,dfimoveis_1112764,"SQSW 304 Bloco I, SUDOESTE, BRASILIA",/imovel/apartamento-3-quartos-aluguel-sudoeste-brasilia-df-sqsw-304-bloco-i-1112764,5500,"ALUGO EXCELENTE APARTAMENTO
3 QUARTOS SENDO 1 SUITE COM ARMÁRIOS
SALA AMPLA PARA 2 AMBIENTES
BANHEIRO SOCIAL
COZINHA COM... 13/02/25",3 Quartos,1 Suíte,N/A,1 Vaga,86 m²,Sudoeste,https://img.dfimoveis.com.br/fotos/1112764/04952f7d285cc7d17595c4d2b7d545d0.webp,['https://img.dfimoveis.com.br/fotos/1112764/04952f7d285cc7d17595c4d2b7d545d0.webp'],DC Imob On-line,2026-08-30T15:05:45.762010
04c7b1a153eb,dfimoveis_48616,"SQN 402 BLOCO P, ASA NORTE, BRASILIA",/imovel/apartamento-2-quartos-aluguel-asa-norte-brasilia-df-sqn-402-bloco-p-48616,3800,"Excelente apartamento composto por sala, 02 quartos com armários, 01 banheiro social com box de blindex, cozinha com arm... 14/11/17",2 Quartos,N/A,1,N/A,57 m²,Asa Norte,https://img.dfimoveis.com.br/fotos/48616/34fe57d4c5c1cad0b94e844257823a22.jpg?format=webp,['https://img.dfimoveis.com.br/fotos/48616/34fe57d4c5c1cad0b94e844257823a22.jpg?format=webp'],Êxito Netimóveis,2026-08-30T15:05:45.764143
8a7a9d43ced9,dfimoveis_230817,"SHCES Quadra 805 Bloco A, NOVO, CRUZEIRO",/imovel/apartamento-3-quartos-aluguel-novo-cruzeiro-df-shces-quadra-805-bloco-a-230817,3490,"Endereço: SHCES 805 BLOCO A AP. 105
Disponivel a partir do dia 24/08/26
ABC Imóveis aluga belíssimo apartamento situado ... 27/07/25",3 Quartos,N/A,N/A,N/A,70 m²,Cruzeiro,https://img.dfimoveis.com.br/fotos/230817/0adbfe25637c056c79853f3d47d7400b.jpg?format=webp,['https://img.dfimoveis.com.br/fotos/230817/0adbfe25637c056c79853f3d47d7400b.jpg?format=webp'],ABC Imoveis,2026-08-30T15:05:45.770206
68f97fb62940,dfimoveis_1169713,"SAAN Quadra 3, SAAN, SETOR INDUSTRIAL",/imovel/loja-0-quartos-aluguel-saan-setor-industrial-df-saan-quadra-3-1169713,12500,"Granville Negócios Imobiliários Vende / aluga:

Subsolo no SAAN!!!

Valor do aluguel sem desconto de pontualidade: R$ 13... 24/05/25",N/A,N/A,N/A,N/A,690 m²,Setor Industrial,https://img.dfimoveis.com.br/fotos/1169713/f68aeb2d767d08783f0a2ba0c1b68018.webp,['https://img.dfimoveis.com.br/fotos/1169713/f68aeb2d767d08783f0a2ba0c1b68018.webp'],Granville Negócios Imobiliários,2026-08-30T15:05:45.772391
c977a9eeffa5,dfimoveis_1256814,"Quadra C 12, TAGUATINGA CENTRO, TAGUATINGA",/imovel/loja-0-quartos-aluguel-taguatinga-centro-taguatinga-df-quadra-c-12-1256814,1500,"Loja | 50m² | Taguatinga

Loja comercial com 50 m², em ótima localização, próxima à Coca-Cola e à Universidade Católica,... 06/11/25",N/A,N/A,N/A,N/A,50 m²,Taguatinga,https://img.dfimoveis.com.br/fotos/1256814/177098af3475e7198a1e3537d0b4ee4c.webp,['https://img.dfimoveis.com.br/fotos/1256814/177098af3475e7198a1e3537d0b4ee4c.webp'],LC Junqueira,2026-08-30T15:05:57.909412
cf3f8b399fc8,dfimoveis_1347370,"Condomínio Residencial Monaco, JARDIM BOTANICO, BRASILIA",/imovel/casa-4-quartos-aluguel-jardim-botanico-brasilia-df-condominio-residencial-monaco-1347370,6000,"Condomínio Mônaco - Casa com 6 quartos sendo 4 suítes - Jardim Botânico -DF

Imagine viver em uma casa que combina charm... 05/05/26",6 Quartos,4 Suítes,N/A,N/A,350 m²,Jardim Botânico,https://img.dfimoveis.com.br/fotos/1347370/c66ab23b38895cc58820eb535b4e42ba.webp,['https://img.dfimoveis.com.br/fotos/1347370/c66ab23b38895cc58820eb535b4e42ba.webp'],Coemi Imóveis ,2026-08-30T15:05:57.911666
ab21c71111c1,dfimoveis_1369233,"SCLRN 703 Bloco A, ASA NORTE, BRASILIA",/imovel/loja-0-quartos-aluguel-asa-norte-brasilia-df-sclrn-703-bloco-a-1369233,4000,"SCRLN 703  ASA NORTE 

Loja com aproximadamente 90 m², dividida entre térreo e subsolo. Conta com banheiro social e um e... 16/06/26",N/A,N/A,N/A,N/A,90 m²,Asa Norte,https://img.dfimoveis.com.br/fotos/1369233/e7efe496d5da3f70a5e9f75ef7d66881.webp,['https://img.dfimoveis.com.br/fotos/1369233/e7efe496d5da3f70a5e9f75ef7d66881.webp'],Dominus Inteligência Imobiliária,2026-08-30T15:05:57.913573
3ff58b79d6e6,dfimoveis_1408315,"QE 19 Conjunto M, GUARA II, GUARA",/imovel/casa-3-quartos-aluguel-guara-ii-guara-df-qe-19-conjunto-m-1408315,5000,"Casa térrea  ideal para quem busca conforto, praticidade com espaços bem aproveitados.

 03 quartos (sendo 01 suíte e 01... 07/08/26",3 Quartos,2 Suítes,N/A,3 Vagas,132 m²,Guará,https://img.dfimoveis.com.br/fotos/1408315/2db931cf71b033e4d6c3d45a916a57d9.webp,['https://img.dfimoveis.com.br/fotos/1408315/2db931cf71b033e4d6c3d45a916a57d9.webp'],Alpha Brasilia Administradora de Imóveis,2026-08-30T15:05:57.917893
f191d2257c6d,dfimoveis_1407006,"CSG 3, TAGUATINGA SUL, TAGUATINGA",/imovel/apartamento-1-quarto-aluguel-taguatinga-sul-taguatinga-df-csg-3-1407006,2600,"TH28922 - Csg 03 Taguatinga - Res.  Tagua Life Center, Apartamento 01 quarto, 50m². Agende sua visita!  


Imóvel compos... 05/08/26",1 Quarto,N/A,N/A,N/A,50 m²,Taguatinga,https://img.dfimoveis.com.br/fotos/1407006/6a9e7312eb82d5272037c6302ad13820.webp,['https://img.dfimoveis.com.br/fotos/1407006/6a9e7312eb82d5272037c6302ad13820.webp'],Thaís Imobiliária,2026-08-30T15:05:57.920408
62e14c40e30c,dfimoveis_1347930,"CLNW 4/5, NOROESTE, BRASILIA",/imovel/apartamento-2-quartos-aluguel-noroeste-brasilia-df-clnw-4-5-1347930,5500,"CLNW 4/5 - Apartamento 2 quartos sendo 1 semi-suíte no Link Noroeste - Noroeste - DF 

Imagine viver em um apartamento q... 06/05/26",2 Quartos,N/A,N/A,1 Vaga,53 m²,Noroeste,https://img.dfimoveis.com.br/fotos/1347930/daabeea5802db93e3638adf8c1cee3cb.webp,['https://img.dfimoveis.com.br/fotos/1347930/daabeea5802db93e3638adf8c1cee3cb.webp'],Coemi Imóveis ,2026-08-30T15:05:57.923243
cc8a1131d33f,dfimoveis_1399920,"SGCV Lote 27, PARK SUL, BRASILIA",/imovel/apartamento-2-quartos-aluguel-park-sul-brasilia-df-sgcv-lote-27-1399920,7200,"Oportunidade de aluguel, apartamento de 2 suítes,  lavabo, andar alto, nascente com 1 vaga de garagem. 


CONDOMÍNIO
Com... 20/07/26",2 Quartos,2 Suítes,N/A,1 Vaga,70 m²,Park Sul,https://img.dfimoveis.com.br/fotos/1399920/0e2ae16d3254ca1e00cf39704be238b0.webp,['https://img.dfimoveis.com.br/fotos/1399920/0e2ae16d3254ca1e00cf39704be238b0.webp'],Agiliza Imóveis,2026-08-30T15:05:57.926121
874dc04f7568,dfimoveis_247138,"SIAQuadra 4 C, SIA, SETOR INDUSTRIAL",/imovel/sala-0-quartos-aluguel-sia-setor-industrial-df-siaquadra-4-c-247138,3800,"Cobertura de 232 M², prédio com portaria 24hs, com elevador, ótimo estacionamento externo.   24/09/20",N/A,N/A,N/A,N/A,232 m²,Setor Industrial,https://img.dfimoveis.com.br/fotos/247138/433ba5ee79671b3cccc54bdead78e6ec.jpg?format=webp,['https://img.dfimoveis.com.br/fotos/247138/433ba5ee79671b3cccc54bdead78e6ec.jpg?format=webp'],Riacho Doce,2026-08-30T15:05:57.928144
b9c816b90beb,dfimoveis_1404985,"Quadra 209, SUL, AGUAS CLARAS",/imovel/apartamento-3-quartos-aluguel-sul-aguas-claras-df-quadra-209-1404985,5500,"Quadra 209 - Residencial Mirante do Bosque 

ALUGUEL 

* 91,00 m2
* 03 quartos (2 suítes)
* 18 andar 
* Nascente 
* 02 v... 30/07/26",3 Quartos,2 Suítes,N/A,2 Vagas,91 m²,Águas Claras,https://img.dfimoveis.com.br/fotos/1404985/3fda0d6cb6828f289e4354c5e5287574.webp,['https://img.dfimoveis.com.br/fotos/1404985/3fda0d6cb6828f289e4354c5e5287574.webp'],Cristiano Marcelino,2026-08-30T15:05:57.930188
98398b41f019,dfimoveis_1400704,"Quadra 2 Conjunto 3, VICENTE PIRES, VICENTE PIRES",/imovel/casa-4-quartos-aluguel-vicente-pires-vicente-pires-df-quadra-2-conjunto-3-1400704,8400,"TH35614 - Shvp Trecho 01 Vicente Pires - Res. Lírios do Cerrado, Casa em Condomínio 05 quartos, 380m². Agende sua visita... 21/07/26",5 Quartos,2 Suítes,N/A,5 Vagas,379 m²,Vicente Pires,https://img.dfimoveis.com.br/fotos/1400704/0ac4ea16a0cd4c9bb7ffa8313abb96d6.webp,['https://img.dfimoveis.com.br/fotos/1400704/0ac4ea16a0cd4c9bb7ffa8313abb96d6.webp'],Thaís Imobiliária,2026-08-30T15:05:57.932794
d38ce609c4d3,dfimoveis_1339299,"QI 23, SETOR INDUSTRIAL, TAGUATINGA",/imovel/loja-0-quartos-aluguel-setor-industrial-taguatinga-df-qi-23-1339299,4500,"QI 23 - Loja / Conveniência no Posto Top - Taguatinga - DF

Imagine abrir o seu negócio em uma loja que combina praticid... 21/04/26",N/A,N/A,N/A,N/A,50 m²,Taguatinga,https://img.dfimoveis.com.br/fotos/1339299/f2e54083e7567868f5ec6295e0ea612d.webp,['https://img.dfimoveis.com.br/fotos/1339299/f2e54083e7567868f5ec6295e0ea612d.webp'],Coemi Imóveis ,2026-08-30T15:05:57.935101
d1aa454722fd,dfimoveis_1418226,"SQN 213 Bloco H, ASA NORTE, BRASILIA",/imovel/apartamento-4-quartos-aluguel-asa-norte-brasilia-df-sqn-213-bloco-h-1418226,10000,"APARTAMENTO DE ALTO PADRÃO PARA ALUGUEL 155 m²

Excelente apartamento de canto, nascente e com vista livre, localizado ... 25/08/26",4 Quartos,2 Suítes,N/A,1 Vaga,155 m²,Asa Norte,https://img.dfimoveis.com.br/fotos/1418226/11de416c5afd9b5199ced38fd47556a4.webp,['https://img.dfimoveis.com.br/fotos/1418226/11de416c5afd9b5199ced38fd47556a4.webp'],SIMONE LOPES,2026-08-30T15:05:57.937474
4212a4599bfa,dfimoveis_1363881,"SQS 215, ASA SUL, BRASILIA",/imovel/apartamento-2-quartos-aluguel-asa-sul-brasilia-df-sqs-215-1363881,5000,"Localizado em uma quadra extremamente agradável e tranquila, este iluminado e reformado apartamento de 76 m2, andar alto... 04/06/26",2 Quartos,N/A,N/A,N/A,76 m²,Asa Sul,https://img.dfimoveis.com.br/fotos/1363881/398df1481d5c8bd3193ebca89519ec8e.webp,['https://img.dfimoveis.com.br/fotos/1363881/398df1481d5c8bd3193ebca89519ec8e.webp'],Curadoria de Imóveis,2026-08-30T15:05:57.939838
08154b130526,dfimoveis_1410672,"SCRN 710/711 Bloco D, ASA NORTE, BRASILIA",/imovel/apartamento-1-quarto-aluguel-asa-norte-brasilia-df-scrn-710-711-bloco-d-1410672,1800,"**** OPORTUNIDADE NA ASA NORTE***

Prédio bem localizado próximo a creches, escolas, faculdade e um grande comércio comp... 12/08/26",1 Quarto,N/A,N/A,N/A,43 m²,Asa Norte,https://img.dfimoveis.com.br/fotos/1410672/2912c9ed4a8cfab75bf59cdcf2b58b4d.webp,['https://img.dfimoveis.com.br/fotos/1410672/2912c9ed4a8cfab75bf59cdcf2b58b4d.webp'],INTTER,2026-08-30T15:05:57.949935
c69e41a42d90,dfimoveis_413015,"CCSW 2, SUDOESTE, BRASILIA",/imovel/apartamento-3-quartos-aluguel-sudoeste-brasilia-df-ccsw-2-413015,7800,"CCSW 2 - RESIDENCIAL TOMAZ STARZL - ALTO PADRÃO, COM 155,03m² úteis - 
                                  DE CANTO, 1° AN... 16/04/24",3 Quartos,1 Suíte,N/A,2 Vagas,155 m²,Sudoeste,https://img.dfimoveis.com.br/fotos/413015/6c9482e47c79afbb0fbdd584f5a5bcd3.webp,['https://img.dfimoveis.com.br/fotos/413015/6c9482e47c79afbb0fbdd584f5a5bcd3.webp'],J Ribeiro Emp Imobiliários,2026-08-30T15:05:57.952244
609317acd9d8,dfimoveis_1292665,"St Area Especiais Setor C Norte, TAGUATINGA NORTE, TAGUATINGA",/imovel/loja-0-quartos-aluguel-taguatinga-norte-taguatinga-df-st-area-especiais-setor-c-norte-1292665,8000,"St. C Norte - Ed. Prime | Excelente Loja no Térreo

Esta é a oportunidade ideal para quem busca um espaço pronto, modern... 27/01/26",N/A,N/A,N/A,N/A,100 m²,Taguatinga,https://img.dfimoveis.com.br/fotos/1292665/5338e25649b2d6dfabf4a702b167a6fe.webp,['https://img.dfimoveis.com.br/fotos/1292665/5338e25649b2d6dfabf4a702b167a6fe.webp'],Amaral Imóveis ,2026-08-30T15:05:57.954208
61b947354fd0,dfimoveis_1320494,"QE 30 Conjunto E, GUARA II, GUARA",/imovel/casa-4-quartos-aluguel-guara-ii-guara-df-qe-30-conjunto-e-1320494,6500,"ESTE IMÓVEL ACEITA PERMUTA POR APARTAMENTO NA ASA SUL.

Conheça esta espaçosa casa de 4 quartos, incluindo uma suíte, lo... 17/03/26",4 Quartos,1 Suíte,N/A,3 Vagas,240 m²,Guará,https://img.dfimoveis.com.br/fotos/1320494/220e7a3b22fd9348c8b4508219addee5.webp,['https://img.dfimoveis.com.br/fotos/1320494/220e7a3b22fd9348c8b4508219addee5.webp'],Jeane Rocha Duarte,2026-08-30T15:05:57.956423
ca1d712384c7,dfimoveis_375583,"SAUS Quadra 05 Blocos K Lote 04, ASA SUL, BRASILIA",/imovel/sala-0-quartos-aluguel-asa-sul-brasilia-df-saus-quadra-05-blocos-k-lote-04-375583,790,"J. RIBEIRO IMÓVEIS ALUGA 
SALA - SAUS QUADRA 05 - LOTE 04 - BLOCO K - EDIFÍCIO OK OFFICE TOWER - ASA SUL

Excelente sala... 05/10/21",N/A,N/A,N/A,1 Vaga,35 m²,Asa Sul,https://img.dfimoveis.com.br/fotos/375583/f9f70d1fa4203173eacfc6db966d126d.jpg?format=webp,['https://img.dfimoveis.com.br/fotos/375583/f9f70d1fa4203173eacfc6db966d126d.jpg?format=webp'],J Ribeiro Emp Imobiliários,2026-08-30T15:05:57.958442
a285f70d9f7f,dfimoveis_1415567,"Rua COPAIBA, NORTE, AGUAS CLARAS",/imovel/apartamento-1-quarto-aluguel-norte-aguas-claras-df-rua-copaiba-1415567,3100,"ONE BRASÍLIA IMÓVEIS ALUGA COM EXCLUSIVIDADE APARTAMENTO NO DF PLAZA

Apartamento com 34m² de área privativa em um dos m... 20/08/26",1 Quarto,1 Suíte,N/A,1 Vaga,34 m²,Águas Claras,https://img.dfimoveis.com.br/fotos/1415567/d72266995860539b6033a304f3c968ce.webp,['https://img.dfimoveis.com.br/fotos/1415567/d72266995860539b6033a304f3c968ce.webp'],ONE Admin. Imóveis,2026-08-30T15:05:57.960504
356512b18838,dfimoveis_1417484,"SQS 402 Bloco K, ASA SUL, BRASILIA",/imovel/apartamento-2-quartos-aluguel-asa-sul-brasilia-df-sqs-402-bloco-k-1417484,4000,"ATENÇÃO: LEIA COM ATENÇÃO O ANÚNCIO, ANTES DE ENTRAR EM CONTATO CONOSCO. PRINCIPALMENTE RELACIONADO ÀS EXIGÊNCIAS LOCATÍ... 24/08/26",2 Quartos,N/A,N/A,N/A,65 m²,Asa Sul,https://img.dfimoveis.com.br/fotos/1417484/eaa3605881543219d04a992173141a9f.webp,['https://img.dfimoveis.com.br/fotos/1417484/eaa3605881543219d04a992173141a9f.webp'],Vanderlei Soares,2026-08-30T15:05:57.964660
d8c81a9fe475,dfimoveis_1108926,"CRS 503 Bloco C, ASA SUL, BRASILIA",/imovel/prdio-0-quartos-aluguel-asa-sul-brasilia-df-crs-503-bloco-c-1108926,25000,"WR IMOBILIARIA ALUGA LOJA/PRÉDIO NA ASA SUL.

PRÉDIO NA ASA SUL MONOINQUILINO TODO REFORMADO. 

Ideal para escritórios c... 06/02/25",N/A,N/A,N/A,N/A,639 m²,Asa Sul,https://img.dfimoveis.com.br/fotos/1108926/a770d6c452e18b22cfc7fa65f6f0e975.webp,['https://img.dfimoveis.com.br/fotos/1108926/a770d6c452e18b22cfc7fa65f6f0e975.webp'],WR imobiliária ,2026-08-30T15:05:57.968921
aedcf9abd1d8,dfimoveis_1154473,"SCRN 714/715 Bloco D, ASA NORTE, BRASILIA",/imovel/loja-0-quartos-aluguel-asa-norte-brasilia-df-scrn-714-715-bloco-d-1154473,8000,"Loja vazada, com sobreloja e subsolo, com 05 banheiros, cozinha, escritório, armários e ar condicionado.

Aluguel Bruto.... 03/05/25",N/A,N/A,5,N/A,440 m²,Asa Norte,https://img.dfimoveis.com.br/fotos/1154473/4f77e1b3aa3fb127a598cb8fb1c2aab6.webp,['https://img.dfimoveis.com.br/fotos/1154473/4f77e1b3aa3fb127a598cb8fb1c2aab6.webp'],Ovídio Maia imóveis ,2026-08-30T15:05:57.971320
ff7b9a88dac3,dfimoveis_1400468,"QS 5 Rua 400, AREAL, AGUAS CLARAS",/imovel/apartamento-2-quartos-aluguel-areal-aguas-claras-df-qs-5-rua-400-1400468,3500,"QS 5 RUA 400 - Apartamento de 2 quartos sendo 1 suíte - Ed. Montana Águas Claras / DF.

Alugue agora e seja o PRIMEIRO a... 21/07/26",2 Quartos,1 Suíte,N/A,1 Vaga,59 m²,Águas Claras,https://img.dfimoveis.com.br/fotos/1400468/b3b13eaea1fdac6964ac685ecaccdab7.webp,['https://img.dfimoveis.com.br/fotos/1400468/b3b13eaea1fdac6964ac685ecaccdab7.webp'],Coemi Imóveis ,2026-08-30T15:05:57.973448
f760e446c811,dfimoveis_1377792,"SMPW Quadra 1, PARK WAY, BRASILIA",/imovel/casa-condominio-4-quartos-aluguel-park-way-brasilia-df-smpw-quadra-1-1377792,20000,"Se você procura uma casa para alugar no Park Way que reúna conforto, sofisticação e excelente localização, esta é uma op... 06/07/26",4 Quartos,4 Suítes,N/A,4 Vagas,408 m²,Park Way,https://img.dfimoveis.com.br/fotos/1377792/a7d8bbc3d25fb039e9f37cda2ec5f85e.webp,['https://img.dfimoveis.com.br/fotos/1377792/a7d8bbc3d25fb039e9f37cda2ec5f85e.webp'],Viver imobiliária,2026-08-30T15:05:57.975610
8d86dab99e1d,dfimoveis_1411274,"SQSW 303 Bloco E, SUDOESTE, BRASILIA",/imovel/apartamento-2-quartos-aluguel-sudoeste-brasilia-df-sqsw-303-bloco-e-1411274,5500,"Descubra um apartamento confortável e acessível no coração do SUDOESTE, Brasília. Localizado na SQSW 303 Bloco E, este i... 13/08/26",2 Quartos,1 Suíte,N/A,1 Vaga,98 m²,Sudoeste,https://img.dfimoveis.com.br/fotos/1411274/9ae43eab2a6f121d4b9d76ef8bd4e576.webp,['https://img.dfimoveis.com.br/fotos/1411274/9ae43eab2a6f121d4b9d76ef8bd4e576.webp'],Rodrigo de Amorim Araujo,2026-08-30T15:05:57.977874
c15e87e4015f,dfimoveis_1420571,"Rodovia DF 150, GRANDE COLORADO, SOBRADINHO",/imovel/apartamento-2-quartos-aluguel-grande-colorado-sobradinho-df-rodovia-df-150-1420571,1600,"ALUGO LINDO APARTAMENTO NO GRANDE COLORADO!
2 DORMITÓRIOS 
BANHEIRO SOCIAL COM BOX
COZINHA COM ARMÁRIOS PLANEJADOS E ... 30/08/26",2 Quartos,N/A,N/A,1 Vaga,60 m²,Sobradinho,https://img.dfimoveis.com.br/fotos/1420571/a3b98376ac4685c8bb56bde7466db0fb.webp,['https://img.dfimoveis.com.br/fotos/1420571/a3b98376ac4685c8bb56bde7466db0fb.webp'],Rodrigo Negócios Imobiliários,2026-08-30T15:05:57.980239
a62eb2efb873,dfimoveis_1370172,"SCN Quadra 01 Bloco E, ASA NORTE, BRASILIA",/imovel/sala-0-quartos-aluguel-asa-norte-brasilia-df-scn-quadra-01-bloco-e-1370172,1200,"Excelente oportunidade para instalar sua empresa em um espaço funcional, moderno e bem localizado. Com 27,85 m² de área ... 18/06/26",N/A,N/A,N/A,1 Vaga,27 m²,Asa Norte,https://img.dfimoveis.com.br/fotos/1370172/77ec2b4e3849f1e64710a6617c904735.webp,['https://img.dfimoveis.com.br/fotos/1370172/77ec2b4e3849f1e64710a6617c904735.webp'],Cláudio Werneck Imóveis,2026-08-30T15:05:57.983142
b76e302339df,dfimoveis_1403883,"SQS 309, ASA SUL, BRASILIA",/imovel/apartamento-4-quartos-aluguel-asa-sul-brasilia-df-sqs-309-1403883,9500,"Imagine morar na confortável Asa Sul, em Brasília, no charmoso bairro SQS 309. Este apartamento padrão oferece o espaço ... 28/07/26",4 Quartos,1 Suíte,N/A,2 Vagas,228 m²,Asa Sul,https://img.dfimoveis.com.br/fotos/1403883/d0b590d6b597a9d1cca35f4e4e1a0d9a.webp,['https://img.dfimoveis.com.br/fotos/1403883/d0b590d6b597a9d1cca35f4e4e1a0d9a.webp'],EMBASSY REAL STATE,2026-08-30T15:05:57.985985
9fbdbaf503a0,dfimoveis_1182571,"SQN 305 Bloco J, ASA NORTE, BRASILIA",/imovel/apartamento-3-quartos-aluguel-asa-norte-brasilia-df-sqn-305-bloco-j-1182571,6600,"SQN 305 - Apartamento 3 Quartos, sendo 1 Suíte - Asa Norte - DF

Venha morar em um dos endereços mais centrais e desejad... 14/06/25",3 Quartos,1 Suíte,N/A,1 Vaga,112 m²,Asa Norte,https://img.dfimoveis.com.br/fotos/1182571/c968f0b3a3140f15ba956055d2d81ff0.webp,['https://img.dfimoveis.com.br/fotos/1182571/c968f0b3a3140f15ba956055d2d81ff0.webp'],Coemi Imóveis ,2026-08-30T15:05:57.988146
d06b40213c77,dfimoveis_1264882,"CRNW 503 Bloco A Lote 1, NOROESTE, BRASILIA",/imovel/apartamento-1-quarto-aluguel-noroeste-brasilia-df-crnw-503-bloco-a-lote-1-1264882,4714,"STUDIO GREEN
Unidade de 01 quarto com vista para jardim interno e com o frescor que uma área verde traz.
Cooktop a gás i... 22/11/25",1 Quarto,1 Suíte,N/A,1 Vaga,47 m²,Noroeste,https://img.dfimoveis.com.br/fotos/1264882/b0260c9c22846aa6f97b2a3454631556.webp,['https://img.dfimoveis.com.br/fotos/1264882/b0260c9c22846aa6f97b2a3454631556.webp'],SP Empreendimentos Imobiliários,2026-08-30T15:05:57.990235
970aabbc099e,dfimoveis_1373809,"SHTN Trecho 2 Lote 3, ASA NORTE, BRASILIA",/imovel/hotel-flat-1-quarto-aluguel-asa-norte-brasilia-df-shtn-trecho-2-lote-3-1373809,3700,"Lindo flat, localizado no Life Resort, local privilegiado, tranquilo, à beira do Lago Paranoá. Apartamento todo reformad... 25/06/26",1 Quarto,N/A,N/A,1 Vaga,30 m²,Asa Norte,https://img.dfimoveis.com.br/fotos/1373809/b30be68150528ce1cf7136d5a4c38b70.webp,['https://img.dfimoveis.com.br/fotos/1373809/b30be68150528ce1cf7136d5a4c38b70.webp'],Simone Bordallo Consultoria,2026-08-30T15:06:10.140783
9c02fc24a364,dfimoveis_1329713,"QE 13 Conjunto H, GUARA II, GUARA",/imovel/loja-0-quartos-aluguel-guara-ii-guara-df-qe-13-conjunto-h-1329713,46000,"TH34939 - Qe 13, Excelente Conjunto de Lojas, 280m². Agende sua visita!  

Excelente conjunto de lojas com 280,02 m², co... 03/04/26",N/A,N/A,N/A,N/A,280 m²,Guará,https://img.dfimoveis.com.br/fotos/1329713/4852a06ccfee8942ad8321382b0ed20e.webp,['https://img.dfimoveis.com.br/fotos/1329713/4852a06ccfee8942ad8321382b0ed20e.webp'],Thaís Imobiliária,2026-08-30T15:06:10.142700
0f7c6186d059,dfimoveis_1359032,"SHCGN 712 Bloco P, ASA NORTE, BRASILIA",/imovel/casa-3-quartos-aluguel-asa-norte-brasilia-df-shcgn-712-bloco-p-1359032,6000,"Descrição para anúncio de aluguel:

Excelente casa para locação na SHCGN 712 Bloco P, localizada em região privilegiada ... 26/05/26",3 Quartos,1 Suíte,N/A,1 Vaga,150 m²,Asa Norte,https://img.dfimoveis.com.br/fotos/1359032/3b39fc8584742c46c10db7cca7b479c3.webp,['https://img.dfimoveis.com.br/fotos/1359032/3b39fc8584742c46c10db7cca7b479c3.webp'],Luiz Claudio Emp Imob,2026-08-30T15:06:10.144727
3b777526aafb,dfimoveis_1373950,"Rua DAS AROEIRAS, NORTE, AGUAS CLARAS",/imovel/apartamento-1-quarto-aluguel-norte-aguas-claras-df-rua-das-aroeiras-1373950,1800,"COELHO IMÓVEIS CONSULTORIA PRIME ALUGA:

Apartamento mobiliado de 1 quarto! 

Se você busca conforto, praticidade e um e... 26/06/26",1 Quarto,N/A,N/A,N/A,33 m²,Águas Claras,https://img.dfimoveis.com.br/fotos/1373950/3018173172942777347ad3e6585a16f6.webp,['https://img.dfimoveis.com.br/fotos/1373950/3018173172942777347ad3e6585a16f6.webp'],Coelho Imóveis Consultoria Prime,2026-08-30T15:06:10.146703
a1f807e3bd71,dfimoveis_1420366,"SCES Trecho 4, ASA SUL, BRASILIA",/imovel/apartamento-1-quarto-aluguel-asa-sul-brasilia-df-sces-trecho-4-1420366,6000,"Pacote com condomínio e IPTU inclusos. Água e energia são cobradas à parte.

Apartamento com 42 m² de área privativa, mo... 29/08/26",1 Quarto,1 Suíte,N/A,N/A,42 m²,Asa Sul,https://img.dfimoveis.com.br/fotos/1420366/b688fff365ce1ba8911b4a13cb5c581a.webp,['https://img.dfimoveis.com.br/fotos/1420366/b688fff365ce1ba8911b4a13cb5c581a.webp'],João Gabriel Pereira,2026-08-30T15:06:10.149111
a9e2dd4c9a4a,dfimoveis_1186081,"SHIS QI 21, LAGO SUL, BRASILIA",/imovel/casa-4-quartos-aluguel-lago-sul-brasilia-df-shis-qi-21-1186081,55000,"Excelente Casa Térrea de esquina com localização privilegiada na QI 21, com vocação para escritório e residencial.

Terr... 21/06/25",4 Quartos,N/A,N/A,20 Vagas,889 m²,Lago Sul,https://img.dfimoveis.com.br/fotos/1186081/b39b7bc864f1958d5ab79d93c89a399a.webp,['https://img.dfimoveis.com.br/fotos/1186081/b39b7bc864f1958d5ab79d93c89a399a.webp'],Inovar Imóveis,2026-08-30T15:06:10.151621
926e474926bb,dfimoveis_1339704,"SQNW 305 Bloco H, NOROESTE, BRASILIA",/imovel/apartamento-3-quartos-aluguel-noroeste-brasilia-df-sqnw-305-bloco-h-1339704,10500,"PRIMEIRA LOCAÇÃO EM PRÉDIO RECÉM CONSTRUÍDO – YARD PREMIUM NO NOROESTE

Apartamento de 3 quartos, canto, com 135m², bem ... 22/04/26",3 Quartos,1 Suíte,N/A,3 Vagas,135 m²,Noroeste,https://img.dfimoveis.com.br/fotos/1339704/cb8dd765b1ce1f27f9c4f78f52c000ad.webp,['https://img.dfimoveis.com.br/fotos/1339704/cb8dd765b1ce1f27f9c4f78f52c000ad.webp'],Elevare imobi,2026-08-30T15:06:10.155214
c7de6e43d514,dfimoveis_1414078,"CRNW 511 Bloco A Lote 1, NOROESTE, BRASILIA",/imovel/apartamento-2-quartos-aluguel-noroeste-brasilia-df-crnw-511-bloco-a-lote-1-1414078,7650,"UNION 511 - SETOR NOROESTE
2 QTS SENDO 1 SUITE 
TUDO NVO 
MOBILIADO
GARANTIA LOCATICIA  ATRAVES DE CAUCAO
VALOR DO ALUGU... 18/08/26",2 Quartos,1 Suíte,N/A,1 Vaga,51 m²,Noroeste,https://img.dfimoveis.com.br/fotos/1414078/d56207d9d818545dd20c8597a8f975ef.webp,['https://img.dfimoveis.com.br/fotos/1414078/d56207d9d818545dd20c8597a8f975ef.webp'],Imóveis do DF,2026-08-30T15:06:10.158190
12770426101a,dfimoveis_1166042,"SDS Bloco F E G Lote Lote 41, ASA SUL, BRASILIA",/imovel/loja-0-quartos-aluguel-asa-sul-brasilia-df-sds-bloco-f-e-g-lote-lote-41-1166042,6000,"Excelente Oportunidade para o Seu Negócio!

Alugue uma ampla loja conjugada, totalmente reformada, no Condomínio Baracat... 17/05/25",N/A,N/A,N/A,N/A,159 m²,Asa Sul,https://img.dfimoveis.com.br/fotos/1166042/0fe93382b8fc26abd129e4c3808a5051.webp,['https://img.dfimoveis.com.br/fotos/1166042/0fe93382b8fc26abd129e4c3808a5051.webp'],Êxito Netimóveis,2026-08-30T15:06:10.160263
1180a95ddede,dfimoveis_1417579,"Rua 9, METROPOLITANA, NUCLEO BANDEIRANTE",/imovel/casa-2-quartos-aluguel-metropolitana-nucleo-bandeirante-df-rua-9-1417579,3800,"SOBRADO COM: 02 SALAS, 02 QUARTOS SENDO 01 SUITE COM VARANDA, COPA, COZINHA, BANHEIRO SOCIAL COM BOX, LAVABO, ÁREA DE SE... 25/08/26",2 Quartos,1 Suíte,N/A,1 Vaga,205 m²,Núcleo Bandeirante,https://img.dfimoveis.com.br/fotos/1417579/2c0b00216ba228dd9e283a3155707c33.webp,['https://img.dfimoveis.com.br/fotos/1417579/2c0b00216ba228dd9e283a3155707c33.webp'],Realiza Imóveis ,2026-08-30T15:06:10.162408
ea5c1824a242,dfimoveis_1406517,"Avenida Parque Águas Claras Quadra 301 Conjunto 08, NORTE, AGUAS CLARAS",/imovel/galpo-0-quartos-aluguel-norte-aguas-claras-df-avenida-parque-aguas-claras-quadra-301-conjunto-08-1406517,90000,"PRÉDIO AVENIDA PARQUE 1.100m2


Prédio para locação Avenida Parque


 Térreo 400m2
 1 pavimento 350 m2
 2 pavimento 350 ... 04/08/26",N/A,N/A,N/A,N/A,1100 m²,Águas Claras,https://img.dfimoveis.com.br/fotos/1406517/1278e5d29b4e31ead681ef33eca5cb6b.webp,['https://img.dfimoveis.com.br/fotos/1406517/1278e5d29b4e31ead681ef33eca5cb6b.webp'],Inove Negócios ,2026-08-30T15:06:10.164381
dbf25854046b,dfimoveis_1351459,"Rua 22, SUL, AGUAS CLARAS",/imovel/apartamento-3-quartos-aluguel-sul-aguas-claras-df-rua-22-1351459,5800,"Excelente apartamento para alugar em Águas Claras, com amplos 146 m². Este imóvel possui 3 dormitórios, sendo 1 suítes, ... 13/05/26",3 Quartos,2 Suítes,N/A,1 Vaga,146 m²,Águas Claras,https://img.dfimoveis.com.br/fotos/1351459/df515c315a2b26b9ab3f3e6eae95f593.webp,['https://img.dfimoveis.com.br/fotos/1351459/df515c315a2b26b9ab3f3e6eae95f593.webp'],Antônio Filho Imobiliária,2026-08-30T15:06:10.166940
af9ec1f595f4,dfimoveis_1006401,"Quadra 1 Conjunto 4, VICENTE PIRES, VICENTE PIRES",/imovel/casa-condominio-4-quartos-aluguel-vicente-pires-vicente-pires-df-quadra-1-conjunto-4-1006401,12500,"Excelente Localização, casa em condomínio fechado, com guarita eletrônica. 
Linda casa, com acabamento espetacular e ini... 15/07/24",4 Quartos,3 Suítes,N/A,4 Vagas,380 m²,Vicente Pires,https://img.dfimoveis.com.br/fotos/1006401/595f3c06ca403dbf76a88973ad6bf3e0.jpg?format=webp,['https://img.dfimoveis.com.br/fotos/1006401/595f3c06ca403dbf76a88973ad6bf3e0.jpg?format=webp'],F&M Imobiliária,2026-08-30T15:06:10.170007
910dadf1ba0e,dfimoveis_1351230,"Rua 22, SUL, AGUAS CLARAS",/imovel/apartamento-3-quartos-aluguel-sul-aguas-claras-df-rua-22-1351230,5800,"Localizado em Águas Claras, no Edifício Monte Carlo, esta excelente cobertura oferece conforto, espaço e praticidade em ... 13/05/26",3 Quartos,1 Suíte,N/A,2 Vagas,147 m²,Águas Claras,https://img.dfimoveis.com.br/fotos/1351230/6684353e1322f9a43537483ac11cadbd.webp,['https://img.dfimoveis.com.br/fotos/1351230/6684353e1322f9a43537483ac11cadbd.webp'],GRUPO JK,2026-08-30T15:06:10.172151
1181edeeace0,dfimoveis_11990,"SHIS QI 23 Bloco B, LAGO SUL, BRASILIA",/imovel/loja-0-quartos-aluguel-lago-sul-brasilia-df-shis-qi-23-bloco-b-11990,3800,"Loja Comercial com Térreo e Subsolo no Lago Sul - Edifício Top 23
SHIS QI 23 Bloco B  Brasília-DF.

Esta loja comercial,... 17/07/17",N/A,N/A,N/A,N/A,58 m²,Lago Sul,https://img.dfimoveis.com.br/fotos/11990/80334e7393c4a376ab6b47a69db9ad53.webp,['https://img.dfimoveis.com.br/fotos/11990/80334e7393c4a376ab6b47a69db9ad53.webp'],Consult Imóveis,2026-08-30T15:06:10.176094
5c07cec69170,dfimoveis_1362172,"Rua 16, SUL, AGUAS CLARAS",/imovel/apartamento-3-quartos-aluguel-sul-aguas-claras-df-rua-16-1362172,4200,"**RESIDENCIAL POLITEC ÁGUAS CLARAS**

Apartamento com 3 Quartos, 1 Suíte, 1 Vaga de Garagem e Lazer Completo!!

localiza... 02/06/26",3 Quartos,1 Suíte,N/A,1 Vaga,92 m²,Águas Claras,https://img.dfimoveis.com.br/fotos/1362172/0e8c48434d1b5cfd2a9217804f700ad7.webp,['https://img.dfimoveis.com.br/fotos/1362172/0e8c48434d1b5cfd2a9217804f700ad7.webp'],Elias Junior Assessoria Imobiliária,2026-08-30T15:06:10.178352
222553e39306,dfimoveis_964536,"SHIS QI 26, LAGO SUL, BRASILIA",/imovel/sala-0-quartos-aluguel-lago-sul-brasilia-df-shis-qi-26-964536,1500,"Comércio Movimentado e bem localizado no Lago Sul

Esta sala oferece o ambiente ideal para o seu negócio florescer no p... 29/04/24",N/A,N/A,N/A,N/A,42 m²,Lago Sul,https://img.dfimoveis.com.br/fotos/964536/5cd78670451ec59cbe567491d0078ea3.jpg?format=webp,['https://img.dfimoveis.com.br/fotos/964536/5cd78670451ec59cbe567491d0078ea3.jpg?format=webp'],Nicolle Menali,2026-08-30T15:06:10.180458
b6ca5c6e3d5d,dfimoveis_957487,"Quadra 207, SUL, AGUAS CLARAS",/imovel/apartamento-3-quartos-aluguel-sul-aguas-claras-df-quadra-207-957487,4100,Um verdadeiro resort particular: design de alto padrão e marcenaria inteligente no coração de Águas Claras. LETTIERI ALU... 17/04/24,3 Quartos,1 Suíte,N/A,2 Vagas,115 m²,Águas Claras,https://img.dfimoveis.com.br/fotos/957487/e402cacc77e75d3838dd2e58637a9ebc.webp,['https://img.dfimoveis.com.br/fotos/957487/e402cacc77e75d3838dd2e58637a9ebc.webp'],Lettieri Águas Claras,2026-08-30T15:06:10.182962
ae08e3d99aaf,dfimoveis_1165769,"Rua COPAIBA, NORTE, AGUAS CLARAS",/imovel/sala-0-quartos-aluguel-norte-aguas-claras-df-rua-copaiba-1165769,5800,"Excelente sala dupla comercial disponível para aluguel no DF Plaza Shopping, localizada em Águas Claras, Brasília. Com u... 20/05/25",N/A,N/A,N/A,N/A,72 m²,Águas Claras,https://img.dfimoveis.com.br/fotos/1165769/4e8c1167e62128105c2e5989cc1af2f4.webp,['https://img.dfimoveis.com.br/fotos/1165769/4e8c1167e62128105c2e5989cc1af2f4.webp'],Ovídio Maia imóveis ,2026-08-30T15:06:10.185719
80254460ca4a,dfimoveis_1418132,"CRNW 510 Bloco B Lote 3, NOROESTE, BRASILIA",/imovel/apartamento-1-quarto-aluguel-noroeste-brasilia-df-crnw-510-bloco-b-lote-3-1418132,3400,"Apartamento de um quarto mobiliado, nascente, vista livre, com uma vaga de garagem. 

Com projeto de interiores desenv... 25/08/26",1 Quarto,1 Suíte,N/A,1 Vaga,33 m²,Noroeste,https://img.dfimoveis.com.br/fotos/1418132/c9aba02b3ced833e56babcbe628671d9.webp,['https://img.dfimoveis.com.br/fotos/1418132/c9aba02b3ced833e56babcbe628671d9.webp'],Alaide Lima,2026-08-30T15:06:10.189303
36f1cc9d4769,dfimoveis_1365908,"QS 7 Rua 810, AREAL, AGUAS CLARAS",/imovel/apartamento-2-quartos-aluguel-areal-aguas-claras-df-qs-7-rua-810-1365908,1150,"ALUGUEL BRUTO................................................	 R$ 1.353,55 
DESCONTO PONTUALIDADE.......................... 09/06/26",2 Quartos,N/A,N/A,N/A,51 m²,Águas Claras,https://img.dfimoveis.com.br/fotos/1365908/e7a4efa0fdd8baab6b7ea47d25bcb094.webp,['https://img.dfimoveis.com.br/fotos/1365908/e7a4efa0fdd8baab6b7ea47d25bcb094.webp'],Antônio Filho Imobiliária,2026-08-30T15:06:10.191299
b4bfc00f42f4,dfimoveis_1293630,"SHIS QI 15 Conjunto 15, LAGO SUL, BRASILIA",/imovel/casa-4-quartos-aluguel-lago-sul-brasilia-df-shis-qi-15-conjunto-15-1293630,35000,"A Direct Prime aluga uma casa excelente para uso residencial, embaixadas ou escritórios de advocacia em um dos endereços... 28/01/26",6 Quartos,4 Suítes,N/A,5 Vagas,700 m²,Lago Sul,https://img.dfimoveis.com.br/fotos/1293630/54b522936cff07bd4d68b21f6f9a9069.webp,['https://img.dfimoveis.com.br/fotos/1293630/54b522936cff07bd4d68b21f6f9a9069.webp'],DIRECT PRIME ,2026-08-30T15:06:10.193378
b6bb4106dd4c,dfimoveis_1409721,"Rua DAS FIGUEIRAS, NORTE, AGUAS CLARAS",/imovel/apartamento-2-quartos-aluguel-norte-aguas-claras-df-rua-das-figueiras-1409721,2800,"Rua das Figueiras, Lote 05, bloco A, Águas Claras Norte. Excelente localização! Na entrada de Águas Claras, próximo ao P... 11/08/26",2 Quartos,N/A,N/A,1 Vaga,75 m²,Águas Claras,https://img.dfimoveis.com.br/fotos/1409721/5d8a582911d1cdf52dc7872f7dbea578.webp,['https://img.dfimoveis.com.br/fotos/1409721/5d8a582911d1cdf52dc7872f7dbea578.webp'],Multivendas - A Sua Imobiliária,2026-08-30T15:06:10.195400
06293a66df6c,dfimoveis_1062063,"QR 103 Conjunto G, SANTA MARIA, SANTA MARIA",/imovel/loja-0-quartos-aluguel-santa-maria-santa-maria-df-qr-103-conjunto-g-1062063,8000,"Seja o próximo a aproveitar a oportunidade de estabelecer seu negócio nesse espaço amplo, contendo 5 lojas que totaliza ... 24/10/24",N/A,N/A,N/A,N/A,200 m²,Santa Maria,https://img.dfimoveis.com.br/fotos/1062063/4e004d265816b200b46ac8893a90f7e3.jpg?format=webp,['https://img.dfimoveis.com.br/fotos/1062063/4e004d265816b200b46ac8893a90f7e3.jpg?format=webp'],Drumond Imóveis,2026-08-30T15:06:10.197545
84140d7896b4,dfimoveis_1376853,"Rua 12, GUARA II, GUARA",/imovel/prdio-0-quartos-aluguel-guara-ii-guara-df-rua-12-1376853,25000,"TH35523 - Qe 40 Rua 12 Polo de Modas/Guará, Excelente Prédio Comercial 545m². Agende sua visita!  

Excelente oportunida... 02/07/26",N/A,N/A,N/A,N/A,545 m²,Guará,https://img.dfimoveis.com.br/fotos/1376853/849d206ad78ae64648803bb134a166be.webp,['https://img.dfimoveis.com.br/fotos/1376853/849d206ad78ae64648803bb134a166be.webp'],Thaís Imobiliária,2026-08-30T15:06:10.205257
80a777b2ea1c,dfimoveis_1306824,"SBN Quadra 02 Bloco F Lote 12, ASA NORTE, BRASILIA",/imovel/sala-0-quartos-aluguel-asa-norte-brasilia-df-sbn-quadra-02-bloco-f-lote-12-1306824,9500,"Alugamos conjunto de salas no Edifício Via Capital com aproximadamente 230 m² de área útil.

Totalmente reformada com ót... 20/02/26",N/A,N/A,N/A,3 Vagas,200 m²,Asa Norte,https://img.dfimoveis.com.br/fotos/1306824/d5728c1dad80618ca0a18a88686f8b82.webp,['https://img.dfimoveis.com.br/fotos/1306824/d5728c1dad80618ca0a18a88686f8b82.webp'],Emprend Imobiliária ,2026-08-30T15:06:10.207904
8b14ff3daf89,dfimoveis_1415827,"Terceira Avenida Bloco 1895, NUCLEO BANDEIRANTE, NUCLEO BANDEIRANTE",/imovel/casa-4-quartos-aluguel-nucleo-bandeirante-nucleo-bandeirante-df-terceira-avenida-bloco-1895-1415827,4500,"Urbanic Imóveis aluga

Aqui tudo é rápido e sem burocracia Aprovação mediante a análise de cadastro 
 Pensando em sua co... 21/08/26",4 Quartos,1 Suíte,N/A,4 Vagas,191 m²,Núcleo Bandeirante,https://img.dfimoveis.com.br/fotos/1415827/3663dc2019883154f74ad60999988634.webp,['https://img.dfimoveis.com.br/fotos/1415827/3663dc2019883154f74ad60999988634.webp'],Urbanic Imóveis,2026-08-30T15:06:10.210072
a11c91e36721,dfimoveis_1372285,"SHN Quadra 1, ASA NORTE, BRASILIA",/imovel/sala-0-quartos-aluguel-asa-norte-brasilia-df-shn-quadra-1-1372285,2300,"VISION WORK LIVE  Sala Comercial em Andar Alto

Sala ampla em vão livre, com banheiro privativo, localizada em andar alt... 23/06/26",N/A,N/A,N/A,2 Vagas,38 m²,Asa Norte,https://img.dfimoveis.com.br/fotos/1372285/6482e8c36f07fca7d48bcc30a0115807.webp,['https://img.dfimoveis.com.br/fotos/1372285/6482e8c36f07fca7d48bcc30a0115807.webp'],Alpha Brasilia Administradora de Imóveis,2026-08-30T15:06:10.212615
ee9af13b9994,dfimoveis_1340345,"SRTVS Bloco K, ASA SUL, BRASILIA",/imovel/sala-0-quartos-aluguel-asa-sul-brasilia-df-srtvs-bloco-k-1340345,1100,"Aluga-se no SRTVS Quadra 701 - Ed. Embassy Tower, Sala com área privativa de 36,10m².

Sala, banheiro privativo, piso em... 23/04/26",N/A,N/A,N/A,N/A,36 m²,Asa Sul,https://img.dfimoveis.com.br/fotos/1340345/967ae3186e4812a3ad23efe01a7e32b4.webp,['https://img.dfimoveis.com.br/fotos/1340345/967ae3186e4812a3ad23efe01a7e32b4.webp'],Mário Lúcio Netimóveis,2026-08-30T15:06:10.214988
b60e38dfdbe2,dfimoveis_1235438,"SCN Quadra 02 Bloco A, ASA NORTE, BRASILIA",/imovel/sala-0-quartos-aluguel-asa-norte-brasilia-df-scn-quadra-02-bloco-a-1235438,37077,"Sala comercial para venda ou locação, com 5 vagas de garagem

O Edifício Corporate Financial Center é projetado com exce... 27/09/25",N/A,N/A,N/A,5 Vagas,494 m²,Asa Norte,https://img.dfimoveis.com.br/fotos/1235438/8aa9deca5de2dd06ed94ed28ed4d58f5.webp,['https://img.dfimoveis.com.br/fotos/1235438/8aa9deca5de2dd06ed94ed28ed4d58f5.webp'],Realiza Corretora de Seguros e Imóveis,2026-08-30T15:06:10.218302
ec672dc80d49,dfimoveis_1171835,"SDN Lote Único, ASA NORTE, BRASILIA",/imovel/loja-0-quartos-aluguel-asa-norte-brasilia-df-sdn-lote-unico-1171835,93500,"Loja disponível na principal entrada do Shopping Conjunto Nacional.

Estabeleça seu negócio em uma das localizações mais... 29/05/25",N/A,N/A,N/A,N/A,246 m²,Asa Norte,https://img.dfimoveis.com.br/fotos/1171835/108abc8a54763718982617ac53ee371b.webp,['https://img.dfimoveis.com.br/fotos/1171835/108abc8a54763718982617ac53ee371b.webp'],José Martins Soluções Desenvolvimento Imobiliário,2026-08-30T15:06:22.218635
05332269977f,dfimoveis_595051,"SQSW 105 Bloco H, SUDOESTE, BRASILIA",/imovel/apartamento-3-quartos-aluguel-sudoeste-brasilia-df-sqsw-105-bloco-h-595051,5500,"DALL'OCA IMÓVEIS ALUGA: ANÚNCIO PRÉVIO, DISPONIBILIDADE EM 08/09/2026, SUJEITO A ALTERAÇÃO!

Ótimo apartamento, andar al... 20/03/26",3 Quartos,1 Suíte,N/A,1 Vaga,108 m²,Sudoeste,https://img.dfimoveis.com.br/fotos/595051/4263ebfad161e9da016eee3da57837cf.webp,['https://img.dfimoveis.com.br/fotos/595051/4263ebfad161e9da016eee3da57837cf.webp'],Dall'Oca Imóveis ,2026-08-30T15:06:22.220906
dc40360bc349,dfimoveis_1397699,"Avenida Pau Brasil, NORTE, AGUAS CLARAS",/imovel/sala-0-quartos-aluguel-norte-aguas-claras-df-avenida-pau-brasil-1397699,3300,"Sala Comercial Duplex para Aluguel – Edifício E-Business | Águas Claras

Excelente oportunidade para instalar sua empres... 16/07/26",N/A,N/A,N/A,1 Vaga,76 m²,Águas Claras,https://img.dfimoveis.com.br/fotos/1397699/5abf5f215c0a0ff7ee1997cc80a69073.webp,['https://img.dfimoveis.com.br/fotos/1397699/5abf5f215c0a0ff7ee1997cc80a69073.webp'],Severino Pacheco,2026-08-30T15:06:22.222952
198ba50524b5,dfimoveis_1122328,"QS 406 Conjunto E, SAMAMBAIA NORTE, SAMAMBAIA",/imovel/loja-0-quartos-aluguel-samambaia-norte-samambaia-df-qs-406-conjunto-e-1122328,20000,Apresentamos uma oportunidade única para a expansão estratégica do seu negócio em uma das cidades mais promissoras do Di... 05/03/25,N/A,N/A,N/A,N/A,250 m²,Samambaia,https://img.dfimoveis.com.br/fotos/1122328/c75019804692361e5d54263db01301a2.webp,['https://img.dfimoveis.com.br/fotos/1122328/c75019804692361e5d54263db01301a2.webp'],J.Aguiar Imóveis,2026-08-30T15:06:22.225049
307aacbf278c,dfimoveis_1329637,"Quadra C 2, TAGUATINGA CENTRO, TAGUATINGA",/imovel/loja-0-quartos-aluguel-taguatinga-centro-taguatinga-df-quadra-c-2-1329637,10200,"Excelente Loja para Locação  Centro de Taguatinga

Oportunidade imperdível para o seu negócio em uma das regiões mais mo... 03/04/26",N/A,N/A,N/A,N/A,340 m²,Taguatinga,https://img.dfimoveis.com.br/fotos/1329637/e756437ba81756fa948853626cbf013d.webp,['https://img.dfimoveis.com.br/fotos/1329637/e756437ba81756fa948853626cbf013d.webp'],RE/MAX Pater,2026-08-30T15:06:22.227032
d7dfd05608b7,dfimoveis_1296715,"SQN 110 Bloco H, ASA NORTE, BRASILIA",/imovel/apartamento-2-quartos-aluguel-asa-norte-brasilia-df-sqn-110-bloco-h-1296715,13000,"SQN 110 Cobertura individual 238m2 2 vagas

Oportunidade única de morar com conforto e tranquilidade na Asa Norte!

Exce... 03/02/26",2 Quartos,2 Suítes,N/A,2 Vagas,238 m²,Asa Norte,https://img.dfimoveis.com.br/fotos/1296715/7bc8bdee3565d45ea7e3eef964070923.webp,['https://img.dfimoveis.com.br/fotos/1296715/7bc8bdee3565d45ea7e3eef964070923.webp'],Jorge Augusto Corretor de Imóveis,2026-08-30T15:06:22.229114
6c04dd5ade30,dfimoveis_1413144,"SGCV Lote 21, PARK SUL, BRASILIA",/imovel/apartamento-3-quartos-aluguel-park-sul-brasilia-df-sgcv-lote-21-1413144,9200,"Elegance Park Sul – 3 Suítes | 121m² | 2 vagas de garagem 

Seja bem-vindo ao ELEGANCE PARK SUL, um verdadeiro paraíso u... 17/08/26",3 Quartos,3 Suítes,N/A,2 Vagas,121 m²,Park Sul,https://img.dfimoveis.com.br/fotos/1413144/8a5672f4c605dde5db08fe4ccb457b13.webp,['https://img.dfimoveis.com.br/fotos/1413144/8a5672f4c605dde5db08fe4ccb457b13.webp'],Koraly Imobiliária,2026-08-30T15:06:22.231488
d1aafed3d828,dfimoveis_1400509,"QI 24, SETOR INDUSTRIAL, TAGUATINGA",/imovel/apartamento-2-quartos-aluguel-setor-industrial-taguatinga-df-qi-24-1400509,2300,"Fone 61 99881 6889 

*****Aluguel no valor de 2300 reais mais 2 caução como forma de garantia.*****


- 2 dormitórios be... 21/07/26",2 Quartos,N/A,N/A,1 Vaga,48 m²,Taguatinga,https://img.dfimoveis.com.br/fotos/1400509/323bf138eb7c9e7be9184a30b834badf.webp,['https://img.dfimoveis.com.br/fotos/1400509/323bf138eb7c9e7be9184a30b834badf.webp'],Edmilson Araujo,2026-08-30T15:06:22.233866
ce6cf5ff09f6,dfimoveis_1420417,"Rodovia DF 150, GRANDE COLORADO, SOBRADINHO",/imovel/apartamento-2-quartos-aluguel-grande-colorado-sobradinho-df-rodovia-df-150-1420417,1600,"ALUGO EXCELENTE APARTAMENTO COM 2 DORMITÓRIOS 
PORCELANATO E BLINDEX 
1 VAGA DE GARAGEM COBERTA EXCLUSIVA 
AR CONDICIONA... 29/08/26",2 Quartos,N/A,N/A,1 Vaga,60 m²,Sobradinho,https://img.dfimoveis.com.br/fotos/1420417/c5094ad9a584362bc59b384b4d526440.webp,['https://img.dfimoveis.com.br/fotos/1420417/c5094ad9a584362bc59b384b4d526440.webp'],Rodrigo Negócios Imobiliários,2026-08-30T15:06:22.236763
e926070f54c1,dfimoveis_630118,"Quadra 2 Conjunto A, SOBRADINHO, SOBRADINHO",/imovel/loja-0-quartos-aluguel-sobradinho-sobradinho-df-quadra-2-conjunto-a-630118,18000,"VILLA141251 - Última atualização: 29/08/26 23:31
Bordalo Prime ALUGA 

Loja vazada com pé direito duplo e subsolo, 10x22... 16/09/22",N/A,N/A,N/A,N/A,450 m²,Sobradinho,https://img.dfimoveis.com.br/fotos/630118/3cf7a22368cbcec7ca1a6ae81931c3c5.jpg?format=webp,['https://img.dfimoveis.com.br/fotos/630118/3cf7a22368cbcec7ca1a6ae81931c3c5.jpg?format=webp'],Bordalo PRIME Imobiliária ,2026-08-30T15:06:22.239209
a9b07f6cefb8,dfimoveis_1418779,"SQS 404 Bloco Q, ASA SUL, BRASILIA",/imovel/apartamento-3-quartos-aluguel-asa-sul-brasilia-df-sqs-404-bloco-q-1418779,4500,"SQS 404 BL. Q

 Excelente apartamento 
- 03 quartos sendo 01 suíte
- Sala 02 ambientes
- Banheiro social
- Cozinha ameri... 27/08/26",3 Quartos,1 Suíte,N/A,N/A,78 m²,Asa Sul,https://img.dfimoveis.com.br/fotos/1418779/c9322160ae0f111e0fd4571a0da6abd4.webp,['https://img.dfimoveis.com.br/fotos/1418779/c9322160ae0f111e0fd4571a0da6abd4.webp'],Premium Imóveis,2026-08-30T15:06:22.242241
a296c6d1f19a,dfimoveis_1275436,"SCN Quadra 1, ASA NORTE, BRASILIA",/imovel/sala-0-quartos-aluguel-asa-norte-brasilia-df-scn-quadra-1-1275436,890,"NEVES TEIXEIRA IMÓVEIS ALUGA:

Sala comercial moderna, nascente e com vista livre, oferecendo 25 m² de área privativa, l... 13/12/25",N/A,N/A,N/A,1 Vaga,25 m²,Asa Norte,https://img.dfimoveis.com.br/fotos/1275436/91ce16bbd3e8ecbff5ef6b6bf30b2a74.webp,['https://img.dfimoveis.com.br/fotos/1275436/91ce16bbd3e8ecbff5ef6b6bf30b2a74.webp'],Neves Teixeira Imóveis,2026-08-30T15:06:22.244297
6ba0dfb3d3a5,dfimoveis_1372768,"Rua 5 Chacará 115, VICENTE PIRES, VICENTE PIRES",/imovel/casa-3-quartos-aluguel-vicente-pires-vicente-pires-df-rua-5-chacara-115-1372768,13000,"COELHO IMÓVEIS CONSULTORIA PRIME ALUGA CASA MOBILIADA | VICENTE PIRES RUA 05

Viva com conforto, sofisticação e praticid... 24/06/26",3 Quartos,3 Suítes,N/A,2 Vagas,450 m²,Vicente Pires,https://img.dfimoveis.com.br/fotos/1372768/fb08ede985166eff195734829aed1228.webp,['https://img.dfimoveis.com.br/fotos/1372768/fb08ede985166eff195734829aed1228.webp'],Coelho Imóveis Consultoria Prime,2026-08-30T15:06:22.246419
de7a03980e25,dfimoveis_1383084,"Área Especial 02, GUARA II, GUARA",/imovel/loja-0-quartos-aluguel-guara-ii-guara-df-area-especial-02-1383084,3200,"Batista Soluções Imobiliárias aluga

Loja Comercial – Área Especial 02 | Guará II

Excelente oportunidade para o seu neg... 10/07/26",N/A,N/A,N/A,N/A,110 m²,Guará,https://img.dfimoveis.com.br/fotos/1383084/4a9f53a1dbc5fb3bf55fe7751812f26f.webp,['https://img.dfimoveis.com.br/fotos/1383084/4a9f53a1dbc5fb3bf55fe7751812f26f.webp'],Batista Soluções Imobiliárias,2026-08-30T15:06:22.248754
53974ec8dca3,dfimoveis_1377462,"SQS 103 Bloco J, ASA SUL, BRASILIA",/imovel/apartamento-3-quartos-aluguel-asa-sul-brasilia-df-sqs-103-bloco-j-1377462,8000,"Conquiste sua nova rotina em um apartamento mobiliado na SQS 103 Bloco J, ASA Sul, Brasília. Com vista livre para a pont... 03/07/26",3 Quartos,2 Suítes,N/A,N/A,110 m²,Asa Sul,https://img.dfimoveis.com.br/fotos/1377462/58f1ed7f14e9b5fb096ee731b7db2a0d.webp,['https://img.dfimoveis.com.br/fotos/1377462/58f1ed7f14e9b5fb096ee731b7db2a0d.webp'],IÉFYRA imóveis e crédito,2026-08-30T15:06:22.253155
a4f9a1677d15,dfimoveis_1412205,"SCRN 716 Bloco B, ASA NORTE, BRASILIA",/imovel/apartamento-1-quarto-aluguel-asa-norte-brasilia-df-scrn-716-bloco-b-1412205,4500,"Contato: (61)99873-5831 - Regianne

Locação por temporada

Espaço completamente reformado e planejado para sua comodidad... 15/08/26",1 Quarto,N/A,N/A,N/A,30 m²,Asa Norte,https://img.dfimoveis.com.br/fotos/1412205/b2faf4c36b7e776a3366ac643414a74d.webp,['https://img.dfimoveis.com.br/fotos/1412205/b2faf4c36b7e776a3366ac643414a74d.webp'],Coemi Imóveis ,2026-08-30T15:06:22.256145
0e3e314f9d0f,dfimoveis_1405750,"Rua IPE AMARELO, SUL, AGUAS CLARAS",/imovel/apartamento-3-quartos-aluguel-sul-aguas-claras-df-rua-ipe-amarelo-1405750,3800,"Excelente apartamento de 3 quartos sendo 1 suíte, varanda e vista livre - Res. Castanheiras
Apartamento amplo, bem venti... 02/08/26",3 Quartos,1 Suíte,N/A,1 Vaga,130 m²,Águas Claras,https://img.dfimoveis.com.br/fotos/1405750/a5e1de97b3cd6e1226b524944ed67359.webp,['https://img.dfimoveis.com.br/fotos/1405750/a5e1de97b3cd6e1226b524944ed67359.webp'],Drumond Imóveis,2026-08-30T15:06:22.259134
55653328fc4e,dfimoveis_1385272,"Condomínio Prive Morada Sul Etapa C, JARDIM BOTANICO, BRASILIA",/imovel/casa-condominio-3-quartos-aluguel-jardim-botanico-brasilia-df-condominio-prive-morada-sul-etapa-c-1385272,7950,"Linda casa para aluguel no Condomínio Privê Morada Sul – Etapa C, com um projeto inteligente que valoriza cada espaço e ... 15/07/26",3 Quartos,2 Suítes,N/A,2 Vagas,250 m²,Jardim Botânico,https://img.dfimoveis.com.br/fotos/1385272/02445c544692030992724ac385eba82a.webp,['https://img.dfimoveis.com.br/fotos/1385272/02445c544692030992724ac385eba82a.webp'],Manu Imóveis,2026-08-30T15:06:22.261981
b3ae107fd33c,dfimoveis_1411470,"SRTVS Conjunto D Blocos A, B E C Lote 05, ASA SUL, BRASILIA",/imovel/sala-0-quartos-aluguel-asa-sul-brasilia-df-srtvs-conjunto-d-blocos-a-b-e-c-lote-05-1411470,10500,"Alugamos conjunto de salas no Centro Empresarial Brasília.

Totalizando aproximadamente 175m² privativos.

Obs.: Imóvel ... 13/08/26",N/A,N/A,N/A,3 Vagas,175 m²,Asa Sul,https://img.dfimoveis.com.br/fotos/1411470/3976e4df941f80f0bedac1e35a121092.webp,['https://img.dfimoveis.com.br/fotos/1411470/3976e4df941f80f0bedac1e35a121092.webp'],Emprend Imobiliária ,2026-08-30T15:06:22.264326
32b7fe628620,dfimoveis_1380851,"QN 14F Conjunto 7, RIACHO FUNDO II, RIACHO FUNDO",/imovel/apartamento-2-quartos-aluguel-riacho-fundo-ii-riacho-fundo-df-qn-14f-conjunto-7-1380851,2220,"JDM IMOBILIÁRIA ALUGA :

Apartamento lindíssimo, localizado no Riacho Fundo 02 - Edifício Paineiras. 

ALUGUEL: R$2.220,... 07/07/26",2 Quartos,N/A,N/A,1 Vaga,50 m²,Riacho Fundo,https://img.dfimoveis.com.br/fotos/1380851/3cd2e076fb046cdf8eedb782acf59c6c.webp,['https://img.dfimoveis.com.br/fotos/1380851/3cd2e076fb046cdf8eedb782acf59c6c.webp'],JDM IMÓVEIS ,2026-08-30T15:06:22.267616
15908c40fa4a,dfimoveis_1112687,"SAI Quadra 4 C Bloco K, SIA, SETOR INDUSTRIAL",/imovel/sala-0-quartos-aluguel-sia-setor-industrial-df-sai-quadra-4-c-bloco-k-1112687,2400,"AMRBRASIL, ALUGA 03 salas juntas frente e canto reformadas, compostas de 02 banheiros, copa, recepção, varanda. Ideal pa... 13/02/25",N/A,N/A,2,N/A,120 m²,Setor Industrial,https://img.dfimoveis.com.br/fotos/1112687/e201f737da6a5c75d61442278454ee4f.jpg?format=webp,['https://img.dfimoveis.com.br/fotos/1112687/e201f737da6a5c75d61442278454ee4f.jpg?format=webp'],AMRBRASIL Assessoria Imobiliária ,2026-08-30T15:06:22.270563
70528083667b,dfimoveis_1322144,"SCES Trecho 4, ASA SUL, BRASILIA",/imovel/apartamento-1-quarto-aluguel-asa-sul-brasilia-df-sces-trecho-4-1322144,6000,"Pacote: R$ 6.000,00 (aluguel + condomínio + IPTU) água, internet  e energia a parte 

Unidade completa, com excelente pa... 20/03/26",1 Quarto,1 Suíte,N/A,N/A,48 m²,Asa Sul,https://img.dfimoveis.com.br/fotos/1322144/3c58dba32127c418e63642fb2e84a4d4.webp,['https://img.dfimoveis.com.br/fotos/1322144/3c58dba32127c418e63642fb2e84a4d4.webp'],João Gabriel Pereira,2026-08-30T15:06:22.272982
dcaf76668bd1,dfimoveis_1417361,"SQSW 300, SUDOESTE, BRASILIA",/imovel/apartamento-3-quartos-aluguel-sudoeste-brasilia-df-sqsw-300-1417361,24000,"Cobertura completamente reformada, com projeto contemporâneo de alto padrão, aproximadamente 300 m² de área privativa e ... 24/08/26",3 Quartos,3 Suítes,N/A,3 Vagas,300 m²,Sudoeste,https://img.dfimoveis.com.br/fotos/1417361/04d5420d3fbc0c5c4173bbce397ed593.webp,['https://img.dfimoveis.com.br/fotos/1417361/04d5420d3fbc0c5c4173bbce397ed593.webp'],Lamartine Imóveis,2026-08-30T15:06:22.275092
16b9bf8f8b8e,dfimoveis_1273079,"SQSW 103 Bloco A, SUDOESTE, BRASILIA",/imovel/apartamento-4-quartos-aluguel-sudoeste-brasilia-df-sqsw-103-bloco-a-1273079,10000,"No Maison Classic, no 2º andar da SQSW 103 Bloco A, você encontra um apartamento que combina elegância, conforto e bem-e... 09/12/25",4 Quartos,2 Suítes,N/A,2 Vagas,194 m²,Sudoeste,https://img.dfimoveis.com.br/fotos/1273079/2d3107b25dd054f674a4da88db4785f6.webp,['https://img.dfimoveis.com.br/fotos/1273079/2d3107b25dd054f674a4da88db4785f6.webp'], KR IMÓVEIS,2026-08-30T15:06:22.277212
40aa593bf907,dfimoveis_1358029,"CNA 2, TAGUATINGA NORTE, TAGUATINGA",/imovel/sala-0-quartos-aluguel-taguatinga-norte-taguatinga-df-cna-2-1358029,1300,"ALUGUEL BRUTO................................................	 R$ 1.530,10
DESCONTO PONTUALIDADE........................... 24/05/26",N/A,N/A,N/A,N/A,40 m²,Taguatinga,https://img.dfimoveis.com.br/fotos/1358029/b81fe4d4c7339f2a511f380ebfd46c95.webp,['https://img.dfimoveis.com.br/fotos/1358029/b81fe4d4c7339f2a511f380ebfd46c95.webp'],Antônio Filho Imobiliária,2026-08-30T15:06:22.279138
ab5b489372e7,dfimoveis_1413285,"Condomínio Solar de Brasília, JARDIM BOTANICO, BRASILIA",/imovel/casa-condominio-4-quartos-aluguel-jardim-botanico-brasilia-df-condominio-solar-de-brasilia-1413285,35000,"Locação ideal para Embaixadas e grandes escritórios.

Descubra um lar com alto padrão no Condomínio Solar de Brasília,... 17/08/26",5 Quartos,4 Suítes,N/A,6 Vagas,700 m²,Jardim Botânico,https://img.dfimoveis.com.br/fotos/1413285/0b58bd79825987c90e36d4e01d3284fb.webp,['https://img.dfimoveis.com.br/fotos/1413285/0b58bd79825987c90e36d4e01d3284fb.webp'],Luciano Imóveis,2026-08-30T15:06:22.281392
2cdffc30f8d3,dfimoveis_1230990,"CLN 309 Bloco C, ASA NORTE, BRASILIA",/imovel/sala-0-quartos-aluguel-asa-norte-brasilia-df-cln-309-bloco-c-1230990,1600,"2 Salas para aluguel no Edifício Manhattan Center, localizado na CLN 309 Bloco C, ASA NORTE, Brasília. Uma oportunidade ... 19/09/25",N/A,N/A,N/A,N/A,50 m²,Asa Norte,https://img.dfimoveis.com.br/fotos/1230990/401acbfa120d3122facc961096710cb0.webp,['https://img.dfimoveis.com.br/fotos/1230990/401acbfa120d3122facc961096710cb0.webp'],INTTER,2026-08-30T15:06:22.286759
4e80ed7f752b,dfimoveis_765288,"Condomínio Quintas do Sol, JARDIM BOTANICO, BRASILIA",/imovel/casa-condominio-4-quartos-aluguel-jardim-botanico-brasilia-df-condominio-quintas-do-sol-765288,7000,"Fica no Condomínio Quintas do Sol!

Valor do aluguel R$ 7.700,00 com R$ 700,00 de desconto de pontualidade, valor para o... 16/05/23",4 Quartos,4 Suítes,N/A,4 Vagas,300 m²,Jardim Botânico,https://img.dfimoveis.com.br/fotos/765288/16ec2037d71a469a7faf84c2073c585a.jpg?format=webp,['https://img.dfimoveis.com.br/fotos/765288/16ec2037d71a469a7faf84c2073c585a.jpg?format=webp'],Reverendo Escritório Imobiliário,2026-08-30T15:06:22.289219
9623cdae90a6,dfimoveis_1374113,"SQS 302 Bloco G, ASA SUL, BRASILIA",/imovel/apartamento-3-quartos-aluguel-asa-sul-brasilia-df-sqs-302-bloco-g-1374113,10000,"Descubra um apartamento mobiliado na SQS 302 Bloco G, ASA SUL, Brasília, DF, que alia conforto, praticidade e ótimo cust... 26/06/26",3 Quartos,1 Suíte,N/A,1 Vaga,115 m²,Asa Sul,https://img.dfimoveis.com.br/fotos/1374113/f47573cc0e0efe44092004da9732972c.webp,['https://img.dfimoveis.com.br/fotos/1374113/f47573cc0e0efe44092004da9732972c.webp'],Elaine Cristina de Araújo,2026-08-30T15:06:22.291530
0196358dbe75,dfimoveis_1409590,"SQNW 103 Bloco D, NOROESTE, BRASILIA",/imovel/apartamento-2-quartos-aluguel-noroeste-brasilia-df-sqnw-103-bloco-d-1409590,8500,"Descubra este apartamento moderno e bem localizado no REAL LE PARC, na SQNW 103 Bloco D, NOROESTE, Brasília/DF. Com uma ... 10/08/26",2 Quartos,1 Suíte,N/A,2 Vagas,84 m²,Noroeste,https://img.dfimoveis.com.br/fotos/1409590/7066fb89036f9f2b61a26b4288ef4037.webp,['https://img.dfimoveis.com.br/fotos/1409590/7066fb89036f9f2b61a26b4288ef4037.webp'],CJS Empreendimentos Imobiliários ,2026-08-30T15:06:22.293615
6fa0c8012755,dfimoveis_1403394,"SQN 313 Bloco B, ASA NORTE, BRASILIA",/imovel/apartamento-3-quartos-aluguel-asa-norte-brasilia-df-sqn-313-bloco-b-1403394,6100,"Alugo: 03 Quartos , todo com armários, garagem e andar alto!

- 3 dormitórios, sendo 1 suíte, ideais para sua família;
-... 27/07/26",3 Quartos,1 Suíte,N/A,1 Vaga,106 m²,Asa Norte,https://img.dfimoveis.com.br/fotos/1403394/be6fe655bc4e1080fe4096862292fe4f.webp,['https://img.dfimoveis.com.br/fotos/1403394/be6fe655bc4e1080fe4096862292fe4f.webp'],Dolores Lomba,2026-08-30T15:06:35.076171
c99262e8c7fd,dfimoveis_1234082,"EQS 514/515, ASA SUL, BRASILIA",/imovel/sala-0-quartos-aluguel-asa-sul-brasilia-df-eqs-514-515-1234082,30000,"514 Sul – Espaço Comercial com 1.500 m² e Localização Estratégica

O espaço ideal para empresas que buscam amplitude, fu... 25/09/25",N/A,N/A,N/A,N/A,1500 m²,Asa Sul,https://img.dfimoveis.com.br/fotos/1234082/90b74728c0994b9e6944a4a8f206f1e1.webp,['https://img.dfimoveis.com.br/fotos/1234082/90b74728c0994b9e6944a4a8f206f1e1.webp'],Alladyno imóveis,2026-08-30T15:06:35.078338
ec8c1fa05f9a,dfimoveis_1348047,"SCN Quadra 01 Bloco A, ASA NORTE, BRASILIA",/imovel/ponto-comercial-0-quartos-aluguel-asa-norte-brasilia-df-scn-quadra-01-bloco-a-1348047,140000,"Imóvel corporativo com 890 m² privativos, localizado no Setor Comercial Norte, em eixo consolidado de operações empresar... 06/05/26",N/A,N/A,N/A,N/A,890 m²,Asa Norte,https://img.dfimoveis.com.br/fotos/1348047/e9d2f72d0df8d11e2910f0266ad2c6b0.webp,['https://img.dfimoveis.com.br/fotos/1348047/e9d2f72d0df8d11e2910f0266ad2c6b0.webp'],Regina Kanashiro Negócios Imobiliários,2026-08-30T15:06:35.080457
bb5a0f006bfe,dfimoveis_1345219,"Área Especial 4 Módulo E, GUARA II, GUARA",/imovel/apartamento-2-quartos-aluguel-guara-ii-guara-df-area-especial-4-modulo-e-1345219,4500,"Apartamento para Locação no Isla Life Style no bairro Guará II
 
 
 - Nascente 
 
 - 11º Andar com vista interna do cond... 30/04/26",2 Quartos,1 Suíte,N/A,1 Vaga,62 m²,Guará,https://img.dfimoveis.com.br/fotos/1345219/d4be07eaea90657e408a358a024c4c2d.webp,['https://img.dfimoveis.com.br/fotos/1345219/d4be07eaea90657e408a358a024c4c2d.webp'],Quadrado Imob,2026-08-30T15:06:35.083153
b104feda1401,dfimoveis_1352606,"SHS Quadra 05 Bloco G, ASA SUL, BRASILIA",/imovel/prdio-0-quartos-aluguel-asa-sul-brasilia-df-shs-quadra-05-bloco-g-1352606,120000,"Loja Comercial para Locação – Asa Sul / Setor Hoteleiro Sul

- Excelente visibilidade, com fachada voltada para três rua... 14/05/26",N/A,N/A,N/A,2 Vagas,489 m²,Asa Sul,https://img.dfimoveis.com.br/fotos/1352606/5355bcae1155254570fbe84ae3686c05.webp,['https://img.dfimoveis.com.br/fotos/1352606/5355bcae1155254570fbe84ae3686c05.webp'],Grupo Carlton,2026-08-30T15:06:35.085756
13567be96c29,dfimoveis_1418809,"Conjunto F, CONDOMINIO COMERCIAL E RESIDENCIAL SOBRADINHO, SOBRADINHO",/imovel/casa-4-quartos-aluguel-condominio-comercial-e-residencial-sobradinho-sobradinho-df-conjunto-f-1418809,4000,"Excelente oportunidade de aluguel! 

 Sobrado com 3 andares disponível para você e sua família! Localizado na melhor reg... 27/08/26",6 Quartos,2 Suítes,N/A,1 Vaga,370 m²,Sobradinho,https://img.dfimoveis.com.br/fotos/1418809/4946f2ed18420fa11a379ba93184060c.webp,['https://img.dfimoveis.com.br/fotos/1418809/4946f2ed18420fa11a379ba93184060c.webp'],Coelho Imóveis Consultoria Prime,2026-08-30T15:06:35.088526
a0c16ddb9981,dfimoveis_755050,"Quadra 3 Conjunto B, JARDIM BOTANICO, BRASILIA",/imovel/casa-3-quartos-aluguel-jardim-botanico-brasilia-df-quadra-3-conjunto-b-755050,13000,"Linda casa recém construída 
Primeira locação 
Excelente localização 

 Composta de :
- Terreno de 800 M2;
- Casa com 33... 26/04/23",3 Quartos,3 Suítes,N/A,4 Vagas,338 m²,Jardim Botânico,https://img.dfimoveis.com.br/fotos/755050/a700a2c7c910e89ae07ccbd18553e414.jpg?format=webp,['https://img.dfimoveis.com.br/fotos/755050/a700a2c7c910e89ae07ccbd18553e414.jpg?format=webp'],Nicolle Menali,2026-08-30T15:06:35.091806
0577dd772540,dfimoveis_1236865,"SMAS, PARK SUL, BRASILIA",/imovel/sala-0-quartos-aluguel-park-sul-brasilia-df-smas-1236865,23085,"Sala disponível para locação, no ParkShopping Corporate.

Com 218 m² de Área Privativa, a sala oferece a oportunidade de... 01/10/25",N/A,N/A,N/A,7 Vagas,243 m²,Park Sul,https://img.dfimoveis.com.br/fotos/1236865/d1b41b572784143fb78cfdfbe0ed9190.webp,['https://img.dfimoveis.com.br/fotos/1236865/d1b41b572784143fb78cfdfbe0ed9190.webp'],José Martins Soluções Desenvolvimento Imobiliário,2026-08-30T15:06:35.094690
6810ec924e9f,dfimoveis_1137823,"SAAN Quadra 3, SAAN, SETOR INDUSTRIAL",/imovel/galpo-0-quartos-aluguel-saan-setor-industrial-df-saan-quadra-3-1137823,20000,"DOMINUS IMÓVEIS ALUGA: SAAN QUADRA 03 - Ótimo galpão de esquina com 600m², pé direito de 6mts, telhado especial, 01 doca... 01/04/25",N/A,N/A,N/A,N/A,750 m²,Setor Industrial,https://img.dfimoveis.com.br/fotos/1137823/b5eb09947120edffbee4bc0f224c5293.webp,['https://img.dfimoveis.com.br/fotos/1137823/b5eb09947120edffbee4bc0f224c5293.webp'],Dominus Inteligência Imobiliária,2026-08-30T15:06:35.097770
3123c9022b3f,dfimoveis_1235992,"SHLS Blocos A AO F, ASA SUL, BRASILIA",/imovel/sala-0-quartos-aluguel-asa-sul-brasilia-df-shls-blocos-a-ao-f-1235992,1100,"TRG imobiliária ALUGA !

Excelente sala no Centro Médico de Brasília, Bloco F, com 27m².

Conta com os seguintes destaqu... 29/09/25",N/A,N/A,N/A,N/A,26 m²,Asa Sul,https://img.dfimoveis.com.br/fotos/1235992/2027d96793dc23eebd3c046903a81c06.webp,['https://img.dfimoveis.com.br/fotos/1235992/2027d96793dc23eebd3c046903a81c06.webp'],TRG imobiliária ,2026-08-30T15:06:35.106324
c0fb8df63e7d,dfimoveis_1365379,"Quadra 101, NORTE, AGUAS CLARAS",/imovel/apartamento-2-quartos-aluguel-norte-aguas-claras-df-quadra-101-1365379,3550,"- Excelente localização - fácil acesso à EPTG - próximo ao mais variado comércio; 
- Condomínio Tiê Residencial Club - C... 08/06/26",2 Quartos,1 Suíte,N/A,1 Vaga,81 m²,Águas Claras,https://img.dfimoveis.com.br/fotos/1365379/5f672dc623c17f87a0fd6c82aa3e3374.webp,['https://img.dfimoveis.com.br/fotos/1365379/5f672dc623c17f87a0fd6c82aa3e3374.webp'],Fernando Vasconcelos Imóveis,2026-08-30T15:06:35.111767
345c6df90d06,dfimoveis_1370344,"SHIS QI 17 Conjunto 16, LAGO SUL, BRASILIA",/imovel/casa-4-quartos-aluguel-lago-sul-brasilia-df-shis-qi-17-conjunto-16-1370344,43000,"Localizada em uma das regiões mais nobres e valorizadas do Lago Sul, esta imponente residência une elegância, funcionali... 18/06/26",4 Quartos,2 Suítes,N/A,12 Vagas,950 m²,Lago Sul,https://img.dfimoveis.com.br/fotos/1370344/558eb760177036758e035daddaa68482.webp,['https://img.dfimoveis.com.br/fotos/1370344/558eb760177036758e035daddaa68482.webp'],Paulo Duarte Imóveis,2026-08-30T15:06:35.116143
c8fe3adbd6f1,dfimoveis_1420553,"SHIN QI 3 Conjunto 5, LAGO NORTE, BRASILIA",/imovel/casa-4-quartos-aluguel-lago-norte-brasilia-df-shin-qi-3-conjunto-5-1420553,13000,"CASA TERREA na área social. Laser separado em nível diferente, proporcionando privacidade.
Muito espaço e conforto nas á... 30/08/26",5 Quartos,4 Suítes,N/A,4 Vagas,450 m²,Lago Norte,https://img.dfimoveis.com.br/fotos/1420553/c4e2663138868bb22c74b5dc08419cba.webp,['https://img.dfimoveis.com.br/fotos/1420553/c4e2663138868bb22c74b5dc08419cba.webp'],Sérgio Leal Consultor Imobiliário,2026-08-30T15:06:35.121281
f02304b630f2,dfimoveis_1373545,"Avenida Parque Águas Claras, NORTE, AGUAS CLARAS",/imovel/apartamento-2-quartos-aluguel-norte-aguas-claras-df-avenida-parque-aguas-claras-1373545,2700,"TH35460 - Avenida Parque Aguas Claras - Res. Fernando de Noronha, Apartamento Mobiliado 02 quartos, 45m². Agende sua vis... 25/06/26",2 Quartos,1 Suíte,N/A,1 Vaga,45 m²,Águas Claras,https://img.dfimoveis.com.br/fotos/1373545/f51a97772118609242e316634109bf40.webp,['https://img.dfimoveis.com.br/fotos/1373545/f51a97772118609242e316634109bf40.webp'],Thaís Imobiliária,2026-08-30T15:06:35.127017
dab963aaaf1a,dfimoveis_1338097,"SHN Quadra 1, ASA NORTE, BRASILIA",/imovel/apartamento-1-quarto-aluguel-asa-norte-brasilia-df-shn-quadra-1-1338097,5000,"Victor Cruz Negócios Imobiliários LTDA aluga:

Saint Moritz, Setor Hoteleiro Norte.

Flat 25m² totalmente mobiliado, loc... 17/04/26",1 Quarto,N/A,N/A,N/A,25 m²,Asa Norte,https://img.dfimoveis.com.br/fotos/1338097/0d07ea65d7b6083260a5829a34e085cf.webp,['https://img.dfimoveis.com.br/fotos/1338097/0d07ea65d7b6083260a5829a34e085cf.webp'],Victor Cruz Negócios Imobiliários,2026-08-30T15:06:35.131682
6d1768dab93d,dfimoveis_1405422,"SAUS Quadra 04 Lote 9/10, ASA SUL, BRASILIA",/imovel/sala-0-quartos-aluguel-asa-sul-brasilia-df-saus-quadra-04-lote-9-10-1405422,8300,"Conjunto de 5 Salas Comerciais Conjugadas LOCAÇÃO E VENDA
135m² de área privativa
5 Vagas de Garagem Cobertas

Se você p... 31/07/26",N/A,N/A,N/A,5 Vagas,140 m²,Asa Sul,https://img.dfimoveis.com.br/fotos/1405422/9c4e4c6894c14b6181b1449d86cdb5c3.webp,['https://img.dfimoveis.com.br/fotos/1405422/9c4e4c6894c14b6181b1449d86cdb5c3.webp'],Guilherme Amaral Imoveis,2026-08-30T15:06:35.137071
b3bc3506df03,dfimoveis_1382815,"Condominio Residencial 10 Bloco C, PARQUE DAS CACHOEIRAS, VALPARAISO DE GOIAS",/imovel/apartamento-2-quartos-aluguel-parque-das-cachoeiras-valparaiso-de-goias-go-condominio-residencial-10-bloco-c-1382815,915,"Conforto, praticidade e lazer completo em um só lugar!
Este excelente apartamento em uma das melhores regiões do Valpara... 10/07/26",2 Quartos,N/A,N/A,1 Vaga,40 m²,Outro,https://img.dfimoveis.com.br/fotos/1382815/a3fb751e3b2fc794d488606e1234f635.webp,['https://img.dfimoveis.com.br/fotos/1382815/a3fb751e3b2fc794d488606e1234f635.webp'],Artiaga Imóveis,2026-08-30T15:06:35.141493
eb22c95b4ec8,dfimoveis_1419720,"DF 180 KM 4 (Portaria do Condomínio), CEILANDIA SUL, CEILANDIA",/imovel/galpo-0-quartos-aluguel-ceilandia-sul-ceilandia-df-df-180-km-4-portaria-do-condominio-1419720,4000,"Ótima oportunidade de locação em Ceilândia Sul, no DF! Situado na DF 180 KM 4, na portaria do condomínio Granjinha de An... 28/08/26",N/A,N/A,N/A,N/A,1000 m²,Ceilândia,https://img.dfimoveis.com.br/fotos/1419720/b22776617aedd7c1c154b461784e6e7a.webp,['https://img.dfimoveis.com.br/fotos/1419720/b22776617aedd7c1c154b461784e6e7a.webp'],Inovart Imobiliária,2026-08-30T15:06:35.145253
8d15328f3533,dfimoveis_1328420,"CLSW 102 Bloco B, SUDOESTE, BRASILIA",/imovel/loja-0-quartos-aluguel-sudoeste-brasilia-df-clsw-102-bloco-b-1328420,7500,"Contato dúvidas e visitas: WhatsApp (61) 9 8405····5030 | Solução Imóveis

Excepcional ponto comercial! Localizado na qu... 01/04/26",N/A,N/A,N/A,N/A,79 m²,Sudoeste,https://img.dfimoveis.com.br/fotos/1328420/49a6b58f49f76ab2d7b8358e3c575dd8.webp,['https://img.dfimoveis.com.br/fotos/1328420/49a6b58f49f76ab2d7b8358e3c575dd8.webp'],Solução Imóveis,2026-08-30T15:06:35.149272
6b4a9fc152e9,dfimoveis_1419523,"SQN 304, ASA NORTE, BRASILIA",/imovel/apartamento-4-quartos-aluguel-asa-norte-brasilia-df-sqn-304-1419523,15000,"Locação de excelente apartamento situado na SQN 304, Bloco A, Asa Norte, Brasília.
O referido apartamento foi reformado ... 28/08/26",4 Quartos,1 Suíte,N/A,N/A,186 m²,Asa Norte,https://img.dfimoveis.com.br/fotos/1419523/2e398ff61045b877b6cbba09327001aa.webp,['https://img.dfimoveis.com.br/fotos/1419523/2e398ff61045b877b6cbba09327001aa.webp'],Unique Imóveis,2026-08-30T15:06:35.154885
8d4c4121ff42,dfimoveis_1301419,"SQS 210 Bloco B, ASA SUL, BRASILIA",/imovel/apartamento-2-quartos-aluguel-asa-sul-brasilia-df-sqs-210-bloco-b-1301419,5200,"TH34542 - SQS 210, Apartamento com 02 quartos, 80m². Agende sua visita! 

Imóvel com sala, hall com armários planejados,... 10/02/26",2 Quartos,N/A,N/A,1 Vaga,80 m²,Asa Sul,https://img.dfimoveis.com.br/fotos/1301419/6e7f358feaac90dc8457ae619f393e1d.webp,['https://img.dfimoveis.com.br/fotos/1301419/6e7f358feaac90dc8457ae619f393e1d.webp'],Thaís Imobiliária,2026-08-30T15:06:35.158652
37499791570c,dfimoveis_1366168,"QE 40 Conjunto H, GUARA II, GUARA",/imovel/loja-0-quartos-aluguel-guara-ii-guara-df-qe-40-conjunto-h-1366168,4250,"LOJA PARA ALUGAR GUARÁ II BRASÍLIA/DF
Localização: Guará II ao lado da Caixa Econômica Federal
Área útil: 120 m²
Valor d... 09/06/26",N/A,N/A,N/A,N/A,120 m²,Guará,https://img.dfimoveis.com.br/fotos/1366168/bbe69eeb2f7c126c6ccd24f27734fa3d.webp,['https://img.dfimoveis.com.br/fotos/1366168/bbe69eeb2f7c126c6ccd24f27734fa3d.webp'],Tudo Imóveis,2026-08-30T15:06:35.161741
356a1c9049e9,dfimoveis_263774,"SQS 312 Bloco J, ASA SUL, BRASILIA",/imovel/apartamento-3-quartos-aluguel-asa-sul-brasilia-df-sqs-312-bloco-j-263774,10800,"- Apartamento com ar na sala e suite; 
- Excelente localização - próximo ao melhor do comércio da Asa Sul; 
- Fácil ace... 25/11/20",3 Quartos,1 Suíte,N/A,2 Vagas,200 m²,Asa Sul,https://img.dfimoveis.com.br/fotos/263774/1863341a0479d3794ddbe71163b5f7a2.webp,['https://img.dfimoveis.com.br/fotos/263774/1863341a0479d3794ddbe71163b5f7a2.webp'],Fernando Vasconcelos Imóveis,2026-08-30T15:06:35.164272
0adba09d05f9,dfimoveis_1251414,"SIA Trecho 1 Lotes 630 a 780, SIA, SETOR INDUSTRIAL",/imovel/prdio-0-quartos-aluguel-sia-setor-industrial-df-sia-trecho-1-lotes-630-a-780-1251414,337500,"Um empreendimento corporativo completo no coração do SIA.
Um bloco inteiro disponível para a expansão de grandes empresa... 28/10/25",N/A,N/A,N/A,N/A,4500 m²,Setor Industrial,https://img.dfimoveis.com.br/fotos/1251414/ff1048648652dd07d6f5d53386405ad1.webp,['https://img.dfimoveis.com.br/fotos/1251414/ff1048648652dd07d6f5d53386405ad1.webp'],José Martins Soluções Desenvolvimento Imobiliário,2026-08-30T15:06:35.166980
ce0fbb606d57,dfimoveis_628551,"St Area Especiais Setor C Norte, TAGUATINGA NORTE, TAGUATINGA",/imovel/sala-0-quartos-aluguel-taguatinga-norte-taguatinga-df-st-area-especiais-setor-c-norte-628551,1100,"Aluga-se sala ideal para clínica, com localização privilegiada, ao lado do Pronto-Socorro do Hospital Anchieta.

O Hospi... 14/09/22",N/A,N/A,N/A,1 Vaga,24 m²,Taguatinga,https://img.dfimoveis.com.br/fotos/628551/7547e882193f96920cdf8fb21214b23a.jpg?format=webp,['https://img.dfimoveis.com.br/fotos/628551/7547e882193f96920cdf8fb21214b23a.jpg?format=webp'],Êxito Netimóveis,2026-08-30T15:06:35.170940
322b65ff5ee4,dfimoveis_1122066,"Quadra 13, SOBRADINHO, SOBRADINHO",/imovel/loja-0-quartos-aluguel-sobradinho-sobradinho-df-quadra-13-1122066,40000,"EXCELENTE LOJA ESPAÇOSA
-Área TERRENO 700,00 m²

-SEMIENTERRADO 88,52 m²
-TÉRREO 662,91 m²
-TOTAL 751,43 m² 03/03/25",N/A,N/A,N/A,N/A,751 m²,Sobradinho,https://img.dfimoveis.com.br/fotos/1122066/2379f9f0e07dd147519a961fd18bc9ed.jpeg?format=webp,['https://img.dfimoveis.com.br/fotos/1122066/2379f9f0e07dd147519a961fd18bc9ed.jpeg?format=webp'],Brito Administradora,2026-08-30T15:06:35.173449
5353fbccefdf,dfimoveis_1160510,"SHN Quadra 1 Bloco E, ASA NORTE, BRASILIA",/imovel/sala-0-quartos-aluguel-asa-norte-brasilia-df-shn-quadra-1-bloco-e-1160510,108534,"Excelente sala formando um conjunto, os espaços já contam com piso elevado acabado em carpete, forro modular, luminárias... 13/05/25",N/A,N/A,N/A,22 Vagas,1142 m²,Asa Norte,https://img.dfimoveis.com.br/fotos/1160510/2c7a0c44516fc620ff5bfb84157cafc7.webp,['https://img.dfimoveis.com.br/fotos/1160510/2c7a0c44516fc620ff5bfb84157cafc7.webp'],Realiza Corretora de Seguros e Imóveis,2026-08-30T15:06:35.177353
33e9ee748359,dfimoveis_936093,"SHS Quadra 6 Conjunto A Bloco A, ASA SUL, BRASILIA",/imovel/garagem-0-quartos-aluguel-asa-sul-brasilia-df-shs-quadra-6-conjunto-a-bloco-a-936093,400,"VILLA148965 - Última atualização: 29/08/26 23:31
Brasil 21

Bordalo PRIME Imobiliária aluga vaga de garagem no Brasil XX... 09/03/24",N/A,N/A,N/A,N/A,15 m²,Asa Sul,https://img.dfimoveis.com.br/fotos/936093/ea578f86c7b4b6a6411910a4e6ccdb4c.jpg?format=webp,['https://img.dfimoveis.com.br/fotos/936093/ea578f86c7b4b6a6411910a4e6ccdb4c.jpg?format=webp'],Bordalo PRIME Imobiliária ,2026-08-30T15:06:35.180716
6582c37ff808,dfimoveis_1399501,"SMAS Trecho 1 C, PARK SUL, BRASILIA",/imovel/apartamento-4-quartos-aluguel-park-sul-brasilia-df-smas-trecho-1-c-1399501,8400,"Urbanic Imóveis aluga

Aqui tudo é rápido e sem burocracia. Aprovação mediante análise de cadastro
Pensando em sua comod... 18/07/26",4 Quartos,1 Suíte,N/A,2 Vagas,112 m²,Park Sul,https://img.dfimoveis.com.br/fotos/1399501/b1b9ec816589c46561019b16e84b74e4.webp,['https://img.dfimoveis.com.br/fotos/1399501/b1b9ec816589c46561019b16e84b74e4.webp'],Urbanic Imóveis,2026-08-30T15:06:35.184637
d56d4b8e4cf0,dfimoveis_1208946,"CLN 208 Bloco B, ASA NORTE, BRASILIA",/imovel/loja-0-quartos-aluguel-asa-norte-brasilia-df-cln-208-bloco-b-1208946,1250,"SCLN 208 - Loja Comercial na Asa Norte - DF

CLN 208 - a rua da Informática.

Imagine o espaço ideal para o seu negócio,... 09/08/25",N/A,N/A,N/A,N/A,20 m²,Asa Norte,https://img.dfimoveis.com.br/fotos/1208946/b5c1637d6e6ed3202286716bd846ff70.webp,['https://img.dfimoveis.com.br/fotos/1208946/b5c1637d6e6ed3202286716bd846ff70.webp'],Coemi Imóveis ,2026-08-30T15:06:35.188207
4b7dad15a4ea,dfimoveis_1418062,"SQS 415 Bloco M, ASA SUL, BRASILIA",/imovel/apartamento-2-quartos-aluguel-asa-sul-brasilia-df-sqs-415-bloco-m-1418062,6000,"Victor Cruz Negócios Imobiliários LTDA aluga:

SQS 415 Bloco M, Asa Sul.

Apartamento 2 quartos todo reformado - SQS 415... 25/08/26",2 Quartos,1 Suíte,N/A,N/A,55 m²,Asa Sul,https://img.dfimoveis.com.br/fotos/1418062/4c850ccb754b04326615fbfc17e50c42.webp,['https://img.dfimoveis.com.br/fotos/1418062/4c850ccb754b04326615fbfc17e50c42.webp'],Victor Cruz Negócios Imobiliários,2026-08-30T15:06:47.293163
d4b5d884b655,dfimoveis_60797,"Condomínio Jardim Botânico VI, JARDIM BOTANICO, BRASILIA",/imovel/kitnet-1-quarto-aluguel-jardim-botanico-brasilia-df-condominio-jardim-botanico-vi-60797,1200,"Apartamento de 16mts² novos composto de Cozinha e Suíte com acabamento refinado, e mobiliados com: 
- Geladeira; 
- Micr... 25/01/18",1 Quarto,N/A,N/A,N/A,16 m²,Jardim Botânico,https://img.dfimoveis.com.br/fotos/60797/1ac7ad2bd239d7566180266822a708cb.webp,['https://img.dfimoveis.com.br/fotos/60797/1ac7ad2bd239d7566180266822a708cb.webp'],Imóveis Kathya,2026-08-30T15:06:47.295279
105260d86e2c,dfimoveis_1370639,"CA 01, LAGO NORTE, BRASILIA",/imovel/sala-0-quartos-aluguel-lago-norte-brasilia-df-ca-01-1370639,4500,"2 SALAS COMERCIAIS COM BANHEIRO
ÓTIMA PARA CONSULTÓRIOS E ESCRITÓRIOS  
 0.72114400 19/06/26",N/A,N/A,N/A,N/A,120 m²,Lago Norte,https://img.dfimoveis.com.br/fotos/1370639/fd20e2fcfae9aadef4a2b30a5d3e6fd9.webp,['https://img.dfimoveis.com.br/fotos/1370639/fd20e2fcfae9aadef4a2b30a5d3e6fd9.webp'],Imobiliária Lago Norte,2026-08-30T15:06:47.297227
74a20103ab3a,dfimoveis_1403614,"QNN 1 Conjunto B, CEILANDIA NORTE, CEILANDIA",/imovel/apartamento-1-quarto-aluguel-ceilandia-norte-ceilandia-df-qnn-1-conjunto-b-1403614,1650,"ALUGUE!
apartamento com um quarto, sala conjugada com cozinha com armário, piso em porcelanato, banheiro com box e armár... 28/07/26",1 Quarto,N/A,N/A,N/A,40 m²,Ceilândia,https://img.dfimoveis.com.br/fotos/1403614/cd720cf75589f0f956b2e4e44e39ba1b.webp,['https://img.dfimoveis.com.br/fotos/1403614/cd720cf75589f0f956b2e4e44e39ba1b.webp'],Empreendimentos Brasília,2026-08-30T15:06:47.299241
095766403da1,dfimoveis_1399707,"CLNW 10/11 Lote C, NOROESTE, BRASILIA",/imovel/apartamento-1-quarto-aluguel-noroeste-brasilia-df-clnw-10-11-lote-c-1399707,3390,"Victor Cruz Negócios Imobiliários LTDA aluga:

CLNW 10/11 Bloco C, Neo Residências Modernas, Noroeste.

Apto:
-2 andar
-... 19/07/26",1 Quarto,N/A,N/A,1 Vaga,45 m²,Noroeste,https://img.dfimoveis.com.br/fotos/1399707/7f212af02a320c5f310916d0d50300bb.webp,['https://img.dfimoveis.com.br/fotos/1399707/7f212af02a320c5f310916d0d50300bb.webp'],Victor Cruz Negócios Imobiliários,2026-08-30T15:06:47.301402
243f79a5cfac,dfimoveis_1407903,"Quadra 107 Rua A, NORTE, AGUAS CLARAS",/imovel/apartamento-2-quartos-aluguel-norte-aguas-claras-df-quadra-107-rua-a-1407903,2350,"Águas Claras, Quadra 107, Residencial Piquiá. Apartamento para locação!

Apartamento composto por sala ampla, cozinha co... 06/08/26",2 Quartos,1 Suíte,N/A,1 Vaga,57 m²,Águas Claras,https://img.dfimoveis.com.br/fotos/1407903/83650533aa7203c373149ca0faca5a3a.webp,['https://img.dfimoveis.com.br/fotos/1407903/83650533aa7203c373149ca0faca5a3a.webp'],Êxito Premium,2026-08-30T15:06:47.303756
8a1e66c01400,dfimoveis_1375102,"SDN Lote Único, ASA NORTE, BRASILIA",/imovel/loja-0-quartos-aluguel-asa-norte-brasilia-df-sdn-lote-unico-1375102,8000,"Apresente sua marca em um dos centros comerciais mais tradicionais e movimentados de Brasília!

Esta loja de 17 m², loca... 29/06/26",N/A,N/A,N/A,N/A,17 m²,Asa Norte,https://img.dfimoveis.com.br/fotos/1375102/3fda262c258fd1c4b8a9004d0809eb09.webp,['https://img.dfimoveis.com.br/fotos/1375102/3fda262c258fd1c4b8a9004d0809eb09.webp'],Êxito Netimóveis,2026-08-30T15:06:47.306002
f067036c78b6,dfimoveis_1333730,"Área Especial Shopping, SETOR CENTRAL, GAMA",/imovel/loja-0-quartos-aluguel-setor-central-gama-df-area-especial-shopping-1333730,4000,"EXCELENTE LOJA COM MEZANINO, REFORMADA NO GAMA SHOPPING COM BANHEIRO E PONTOS DE AGUA

LOJA POSSUI:
BANHEIRO;
ARMÁRIOS C... 14/04/26",N/A,N/A,N/A,N/A,40 m²,Gama,https://img.dfimoveis.com.br/fotos/1333730/676d0fb82a40298b005aa7a24d350871.webp,['https://img.dfimoveis.com.br/fotos/1333730/676d0fb82a40298b005aa7a24d350871.webp'],Drumond Imóveis,2026-08-30T15:06:47.308646
1fb5417911e5,dfimoveis_1377560,"SQS 206, ASA SUL, BRASILIA",/imovel/apartamento-3-quartos-aluguel-asa-sul-brasilia-df-sqs-206-1377560,5999,"NEVES TEIXEIRA IMÓVEIS ALUGA

Amplo apartamento na SQS 206 Sul, com 125m², localizado em uma das quadras mais tradiciona... 04/07/26",3 Quartos,N/A,N/A,1 Vaga,125 m²,Asa Sul,https://img.dfimoveis.com.br/fotos/1377560/1297706286bda6e690f3126b22f18b58.webp,['https://img.dfimoveis.com.br/fotos/1377560/1297706286bda6e690f3126b22f18b58.webp'],Neves Teixeira Imóveis,2026-08-30T15:06:47.311646
3d0c69bdde53,dfimoveis_1380844,"Rua 37, NORTE, AGUAS CLARAS",/imovel/apartamento-2-quartos-aluguel-norte-aguas-claras-df-rua-37-1380844,2600,"Apartamento para Alugar em Águas Claras – Conforto e Conveniência ao seu Alcance
Se você procura um lar moderno, confort... 07/07/26",2 Quartos,1 Suíte,N/A,1 Vaga,60 m²,Águas Claras,https://img.dfimoveis.com.br/fotos/1380844/c266ba1f0504467d5fe0962684620eaf.webp,['https://img.dfimoveis.com.br/fotos/1380844/c266ba1f0504467d5fe0962684620eaf.webp'],Flat Imóveis,2026-08-30T15:06:47.314145
9ac9aeae0c73,dfimoveis_1213804,"SEPS 707/907, ASA SUL, BRASILIA",/imovel/sala-0-quartos-aluguel-asa-sul-brasilia-df-seps-707-907-1213804,11160,"O centro clínico mais completo de Brasília espera por você!

No Ether Nexus, você não apenas aluga uma sala, você faz pa... 20/08/25",N/A,N/A,N/A,N/A,93 m²,Asa Sul,https://img.dfimoveis.com.br/fotos/1213804/ff1ca06b7e1b6fc2d6512048a429865e.webp,['https://img.dfimoveis.com.br/fotos/1213804/ff1ca06b7e1b6fc2d6512048a429865e.webp'],Acontece Imobiliária,2026-08-30T15:06:47.316091
9654c6e63cd4,dfimoveis_1365715,"Travessa Sabiás, JARDIM BOTANICO, BRASILIA",/imovel/casa-condominio-4-quartos-aluguel-jardim-botanico-brasilia-df-travessa-sabias-1365715,14000,"Sofisticação, exclusividade e contato com a natureza em um só lugar!

Disponível para locação no Condomínio Santa Mônica... 08/06/26",4 Quartos,3 Suítes,N/A,2 Vagas,331 m²,Jardim Botânico,https://img.dfimoveis.com.br/fotos/1365715/b7f5c3ef8e99404f6fb8ebff70c5976d.webp,['https://img.dfimoveis.com.br/fotos/1365715/b7f5c3ef8e99404f6fb8ebff70c5976d.webp'],Bethel Imóveis,2026-08-30T15:06:47.322870
935bab74c579,dfimoveis_1211142,"SMPW Quadra 1 Conjunto 4, PARK WAY, BRASILIA",/imovel/casa-4-quartos-aluguel-park-way-brasilia-df-smpw-quadra-1-conjunto-4-1211142,10000,"TH33305 - SMPW Quadra 01, Cond. Palmares - Excelente Casa com 05 quartos e 05 suítes, 504m². Agende sua Visita!

IMÓVEL ... 14/08/25",5 Quartos,5 Suítes,N/A,N/A,504 m²,Park Way,https://img.dfimoveis.com.br/fotos/1211142/6a858fc1abdb6f2987ba9afdbded32c9.webp,['https://img.dfimoveis.com.br/fotos/1211142/6a858fc1abdb6f2987ba9afdbded32c9.webp'],Thaís Imobiliária,2026-08-30T15:06:47.326280
700ea369b296,dfimoveis_1291508,"Rua 12 Chacará 311, VICENTE PIRES, VICENTE PIRES",/imovel/casa-4-quartos-aluguel-vicente-pires-vicente-pires-df-rua-12-chacara-311-1291508,10500,"TH34395  - CAVP Rua 12 Cond. Mansão Do Lula, Excelente Casa 04 quartos 620m². Agende sua visita!!

Casa em Condomínio Fe... 23/01/26",4 Quartos,2 Suítes,N/A,5 Vagas,620 m²,Vicente Pires,https://img.dfimoveis.com.br/fotos/1291508/e18da0ae585a45e5952854623f01b85e.webp,['https://img.dfimoveis.com.br/fotos/1291508/e18da0ae585a45e5952854623f01b85e.webp'],Thaís Imobiliária,2026-08-30T15:06:47.342781
d62e153ffcbc,dfimoveis_1404407,"SCN Quadra 01 Bloco C, ASA NORTE, BRASILIA",/imovel/sala-0-quartos-aluguel-asa-norte-brasilia-df-scn-quadra-01-bloco-c-1404407,14063,"A Royal Premium aluga as melhores salas no Trade Center, o melhor prédio corporativo no centro de Brasília. São duas sal... 29/07/26",N/A,N/A,N/A,N/A,148 m²,Asa Norte,https://img.dfimoveis.com.br/fotos/1404407/3e9f717c9f7853a45bb7f0943f73d0b4.webp,['https://img.dfimoveis.com.br/fotos/1404407/3e9f717c9f7853a45bb7f0943f73d0b4.webp'],Royal Premium ,2026-08-30T15:06:47.344746
24f824c84745,dfimoveis_1163308,"Avenida Central Conjunto 2, SETOR OESTE, SOBRADINHO",/imovel/prdio-0-quartos-aluguel-setor-oeste-sobradinho-df-avenida-central-conjunto-2-1163308,6000,"EXCELENTE OPORTUNIDADE PARA LOCAÇÃO DE LOJA TÉRREA COMERCIAL AV CENTRAL SOB II, ao lado da Biblioteca Publica.
Loja espa... 14/05/25",N/A,N/A,N/A,N/A,130 m²,Sobradinho,https://img.dfimoveis.com.br/fotos/1163308/51aa336bbdbbb5011639e1358c441d90.webp,['https://img.dfimoveis.com.br/fotos/1163308/51aa336bbdbbb5011639e1358c441d90.webp'],Diogenes Imobiliária,2026-08-30T15:06:47.346698
4530d0e464ac,dfimoveis_1357722,"SMLN MI Trecho 07 Conjunto 2, LAGO NORTE, BRASILIA",/imovel/casa-2-quartos-aluguel-lago-norte-brasilia-df-smln-mi-trecho-07-conjunto-2-1357722,3500,"SMLN MI TR 07 CONJUNTO 02 CASA 10  LAGO NORTE


DESCRIÇÃO: Casa com sala, cozinha com armários, 02 quartos, banheiro soc... 23/05/26",2 Quartos,N/A,N/A,4 Vagas,60 m²,Lago Norte,https://img.dfimoveis.com.br/fotos/1357722/41f5395419865b02fe98560adab22a55.webp,['https://img.dfimoveis.com.br/fotos/1357722/41f5395419865b02fe98560adab22a55.webp'],SPR Imóveis,2026-08-30T15:06:47.348726
726869060a7f,dfimoveis_1399915,"Avenida das Castanheiras, NORTE, AGUAS CLARAS",/imovel/apartamento-1-quarto-aluguel-norte-aguas-claras-df-avenida-das-castanheiras-1399915,2100,"Real Splendor - 1 Quarto - 33m² - Vista livre - Andar alto

Localização excelente : Próximo à estação Arniqueiras de met... 20/07/26",1 Quarto,N/A,N/A,1 Vaga,33 m²,Águas Claras,https://img.dfimoveis.com.br/fotos/1399915/7d01c350b497553edb3decb467955e13.webp,['https://img.dfimoveis.com.br/fotos/1399915/7d01c350b497553edb3decb467955e13.webp'],My House - Vendas,2026-08-30T15:06:47.351044
3a80ca31d305,dfimoveis_1410333,"Rua 5 Chacará 115, VICENTE PIRES, VICENTE PIRES",/imovel/casa-condominio-3-quartos-aluguel-vicente-pires-vicente-pires-df-rua-5-chacara-115-1410333,15500,"A SCALERCIO IMOBILIARIA ALUGA COM EXCLUSIVIDADE.

PLANTÃO DE LOCAÇÃO: (61) 99339-7777.
Escritório Águas Claras: (61) 355... 11/08/26",3 Quartos,3 Suítes,N/A,5 Vagas,350 m²,Vicente Pires,https://img.dfimoveis.com.br/fotos/1410333/cc36489a0ea121ae7384b1695965203c.webp,['https://img.dfimoveis.com.br/fotos/1410333/cc36489a0ea121ae7384b1695965203c.webp'],Scalercio Imobiliária,2026-08-30T15:06:47.353710
238f17f2406f,dfimoveis_1402192,"Rua DAS FIGUEIRAS, NORTE, AGUAS CLARAS",/imovel/apartamento-1-quarto-aluguel-norte-aguas-claras-df-rua-das-figueiras-1402192,2900,"TH35644 - Rua Das Figueiras Qd 101 Águas Claras - Res. Figueiras Residence & Mall, Apartamento Mobiliado 01 quarto, 35m²... 24/07/26",1 Quarto,N/A,N/A,1 Vaga,35 m²,Águas Claras,https://img.dfimoveis.com.br/fotos/1402192/3601bd01422f33c0a485acd25a1126c4.webp,['https://img.dfimoveis.com.br/fotos/1402192/3601bd01422f33c0a485acd25a1126c4.webp'],Thaís Imobiliária,2026-08-30T15:06:47.356210
4b0f34e03bf9,dfimoveis_709820,"Avenida Comercial, TAQUARI, BRASILIA",/imovel/lote-terreno-rea-0-quartos-aluguel-taquari-brasilia-df-avenida-comercial-709820,55000,"Terreno Comercial (2.245,07 m2) no Setor Habitacional Taquari, Avenida Comercial Lote 2. Referência principal: ao lado d... 18/02/23",N/A,N/A,N/A,N/A,2245 m²,Outro,https://img.dfimoveis.com.br/fotos/709820/b2ac0caf974510a34d4b5ca6ceed79dc.jpg?format=webp,['https://img.dfimoveis.com.br/fotos/709820/b2ac0caf974510a34d4b5ca6ceed79dc.jpg?format=webp'],Grupo Karim,2026-08-30T15:06:47.358290
9ea8e1366eee,dfimoveis_1312586,"SCLRN 714 Bloco A, ASA NORTE, BRASILIA",/imovel/loja-0-quartos-aluguel-asa-norte-brasilia-df-sclrn-714-bloco-a-1312586,4500,"Loja com subsolo, frente para W3, excelente localização. Toda gradeada, iluminação, piso em cerâmica.  Ideal para escrit... 02/03/26",N/A,N/A,N/A,N/A,90 m²,Asa Norte,https://img.dfimoveis.com.br/fotos/1312586/1c318ba9d819c5b09163c967b833ffba.webp,['https://img.dfimoveis.com.br/fotos/1312586/1c318ba9d819c5b09163c967b833ffba.webp'],Bei Haus Imoveis,2026-08-30T15:06:47.360207
0e60f492d562,dfimoveis_634322,"SHIS QI 23 Bloco B, LAGO SUL, BRASILIA",/imovel/loja-0-quartos-aluguel-lago-sul-brasilia-df-shis-qi-23-bloco-b-634322,3800,Loja Comercial com Térreo e Subsolo no Lago Sul - Funcionalidade e Localização Privilegiada no Edifício Top 23 - Próximo... 24/09/22,N/A,N/A,N/A,N/A,58 m²,Lago Sul,https://img.dfimoveis.com.br/fotos/634322/80334e7393c4a376ab6b47a69db9ad53.webp,['https://img.dfimoveis.com.br/fotos/634322/80334e7393c4a376ab6b47a69db9ad53.webp'],Consult Imóveis,2026-08-30T15:06:47.362146
c333345ebe04,dfimoveis_1402227,"Condomínio Santa Felicidade, JARDIM BOTANICO, BRASILIA",/imovel/casa-condominio-3-quartos-aluguel-jardim-botanico-brasilia-df-condominio-santa-felicidade-1402227,7000,"Casa nova, moderna, prática e funcional no Condomínio Le Jardin

Se você procura um imóvel que une sofisticação, confort... 24/07/26",3 Quartos,3 Suítes,N/A,2 Vagas,172 m²,Jardim Botânico,https://img.dfimoveis.com.br/fotos/1402227/479f1c1bc40449fec83bc565f82d32d4.webp,['https://img.dfimoveis.com.br/fotos/1402227/479f1c1bc40449fec83bc565f82d32d4.webp'],Manu Imóveis,2026-08-30T15:06:47.364328
7f7b96be925f,dfimoveis_1317506,"Avenida Flamboyant, NORTE, AGUAS CLARAS",/imovel/apartamento-4-quartos-aluguel-norte-aguas-claras-df-avenida-flamboyant-1317506,9700,"Apartamento de 4 quartos com acabamento Premium em Águas Claras para locação - Casa Pedra
Terral Incorporadora
Alto padr... 12/03/26",4 Quartos,4 Suítes,N/A,2 Vagas,176 m²,Águas Claras,https://img.dfimoveis.com.br/fotos/1317506/0e2a9a941fff1201d5b0ca7343a0968c.webp,['https://img.dfimoveis.com.br/fotos/1317506/0e2a9a941fff1201d5b0ca7343a0968c.webp'],Silvio Assessoria Imobiliária,2026-08-30T15:06:47.366481
29ce1e707b4d,dfimoveis_888908,"Condomínio Quintas do Sol, JARDIM BOTANICO, BRASILIA",/imovel/casa-4-quartos-aluguel-jardim-botanico-brasilia-df-condominio-quintas-do-sol-888908,6450,"Aluga-se Excelente casa no Condomínio Quintas do Sol

A casa dos seus sonhos está disponível para locação! Com quatro qu... 23/12/23",4 Quartos,1 Suíte,N/A,3 Vagas,760 m²,Jardim Botânico,https://img.dfimoveis.com.br/fotos/888908/c1aaa71d7e553b9820d22fc872c2b578.jpg?format=webp,['https://img.dfimoveis.com.br/fotos/888908/c1aaa71d7e553b9820d22fc872c2b578.jpg?format=webp'],Real Business,2026-08-30T15:06:47.369734
a9f053b5a98a,dfimoveis_1377203,"SQSW 305 Bloco I, SUDOESTE, BRASILIA",/imovel/apartamento-3-quartos-aluguel-sudoeste-brasilia-df-sqsw-305-bloco-i-1377203,5500,"Viva com conforto e praticidade em um dos melhores endereços do Sudoeste

  Sala ampla com acesso à varanda;
  03 quarto... 03/07/26",3 Quartos,1 Suíte,N/A,1 Vaga,98 m²,Sudoeste,https://img.dfimoveis.com.br/fotos/1377203/94676d92d766456d2620d0fcc9d17a27.webp,['https://img.dfimoveis.com.br/fotos/1377203/94676d92d766456d2620d0fcc9d17a27.webp'],Alpha Brasilia Administradora de Imóveis,2026-08-30T15:06:47.372342
0106434bbeba,dfimoveis_1298376,"Rua COPAIBA, NORTE, AGUAS CLARAS",/imovel/sala-0-quartos-aluguel-norte-aguas-claras-df-rua-copaiba-1298376,1700,"- Venha para a mais moderna e poderosa localização comercial de Águas Claras; 
- DF Century Plaza  (Torre A) - Uma estru... 05/02/26",N/A,N/A,N/A,1 Vaga,32 m²,Águas Claras,https://img.dfimoveis.com.br/fotos/1298376/f51fb53ee385cc42b790d35b55e560e2.webp,['https://img.dfimoveis.com.br/fotos/1298376/f51fb53ee385cc42b790d35b55e560e2.webp'],Fernando Vasconcelos Imóveis,2026-08-30T15:06:47.374332
82c70553fb8a,dfimoveis_1265908,"Rua 31, SUL, AGUAS CLARAS",/imovel/apartamento-3-quartos-aluguel-sul-aguas-claras-df-rua-31-1265908,4000,"Características do imóvel:

 3 dormitórios, sendo 1 suíte confortável

 3 banheiros bem distribuídos

 90 m² de área úti... 25/11/25",3 Quartos,1 Suíte,3,1 Vaga,90 m²,Águas Claras,https://img.dfimoveis.com.br/fotos/1265908/e10dc2c40749a18023f8bca29e2b9cc3.webp,['https://img.dfimoveis.com.br/fotos/1265908/e10dc2c40749a18023f8bca29e2b9cc3.webp'],Antônio Filho Imobiliária,2026-08-30T15:06:47.376453
2a6b0ee56096,dfimoveis_1370305,"QS 5 Rua 800 B, AREAL, AGUAS CLARAS",/imovel/apartamento-1-quarto-aluguel-areal-aguas-claras-df-qs-5-rua-800-b-1370305,1400,"ALUGUEL BRUTO................................................	 R$ 1.647,80 
DESCONTO PONTUALIDADE.......................... 18/06/26",1 Quarto,N/A,N/A,N/A,55 m²,Águas Claras,https://img.dfimoveis.com.br/fotos/1370305/e53707fdec614ed01d66a659b679b117.webp,['https://img.dfimoveis.com.br/fotos/1370305/e53707fdec614ed01d66a659b679b117.webp'],Antônio Filho Imobiliária,2026-08-30T15:06:47.378527
0ee987cc2047,dfimoveis_1399957,"Quadra 206, SUL, AGUAS CLARAS",/imovel/apartamento-2-quartos-aluguel-sul-aguas-claras-df-quadra-206-1399957,4500,"Excelente apartamento virado para nascente no 27º no Tower Club Residence em Águas Claras

Com 72m², semi mobiliado e co... 20/07/26",2 Quartos,1 Suíte,N/A,2 Vagas,72 m²,Águas Claras,https://img.dfimoveis.com.br/fotos/1399957/b0a1217b07a25fc72f3f2514a1af6898.webp,['https://img.dfimoveis.com.br/fotos/1399957/b0a1217b07a25fc72f3f2514a1af6898.webp'],Elevare imobi,2026-08-30T15:07:00.023450
98640e89858c,dfimoveis_1228794,"SHIS QI 17, LAGO SUL, BRASILIA",/imovel/casa-4-quartos-aluguel-lago-sul-brasilia-df-shis-qi-17-1228794,43000,"VILLA151020 - Última atualização: 29/08/26 23:31
Residência exclusiva de 950 m² de área útil, situada em um terreno de 4... 16/09/25",4 Quartos,2 Suítes,N/A,15 Vagas,350 m²,Lago Sul,https://img.dfimoveis.com.br/fotos/1228794/20d576ce265a4676621b485c3dbd8a27.webp,['https://img.dfimoveis.com.br/fotos/1228794/20d576ce265a4676621b485c3dbd8a27.webp'],Bordalo Imob,2026-08-30T15:07:00.025910
cc8fea882614,dfimoveis_6388,"SGAS 610, ASA SUL, BRASILIA",/imovel/sala-0-quartos-aluguel-asa-sul-brasilia-df-sgas-610-6388,3000,"Excelente sala comercial para aluguel composta de recepção com banheiro, ante sala com banheiro, 01 vaga de garagem no s... 31/05/17",N/A,N/A,N/A,1 Vaga,33 m²,Asa Sul,https://img.dfimoveis.com.br/fotos/6388/e6f202f8b189a264c656e0186128e5aa.webp,['https://img.dfimoveis.com.br/fotos/6388/e6f202f8b189a264c656e0186128e5aa.webp'],Imobiliária Brasília,2026-08-30T15:07:00.028037
ef260ae4945e,dfimoveis_1319022,"SHCGN 703 Bloco R, ASA NORTE, BRASILIA",/imovel/apartamento-1-quarto-aluguel-asa-norte-brasilia-df-shcgn-703-bloco-r-1319022,3800,"Conquiste o melhor estilo de vida no coração de Brasília, na ASA Norte, com este apartamento de 1 suíte e vaga de garage... 13/03/26",1 Quarto,1 Suíte,N/A,1 Vaga,40 m²,Asa Norte,https://img.dfimoveis.com.br/fotos/1319022/55d61097bf6a904999dd7a8b2e6d5b28.webp,['https://img.dfimoveis.com.br/fotos/1319022/55d61097bf6a904999dd7a8b2e6d5b28.webp'],Casagrande Marketing Imobiliário,2026-08-30T15:07:00.030173
62062b58cc80,dfimoveis_1418855,"QNC 5, TAGUATINGA NORTE, TAGUATINGA",/imovel/apartamento-1-quarto-aluguel-taguatinga-norte-taguatinga-df-qnc-5-1418855,1200,"Está procurando um imóvel prático, bem localizado e com excelente custo-benefício em Taguatinga? Então conheça nossas un... 27/08/26",1 Quarto,N/A,N/A,N/A,45 m²,Taguatinga,https://img.dfimoveis.com.br/fotos/1418855/7c4f6ab63e27f8dccfdfe9c697ff1d99.webp,['https://img.dfimoveis.com.br/fotos/1418855/7c4f6ab63e27f8dccfdfe9c697ff1d99.webp'],Re/Max Inovelar,2026-08-30T15:07:00.032264
eb8636219dc8,dfimoveis_1214849,"CLN 303 Bloco A, ASA NORTE, BRASILIA",/imovel/loja-0-quartos-aluguel-asa-norte-brasilia-df-cln-303-bloco-a-1214849,4890,"Loja para locação, na CLN 303 Bloco A, ASA NORTE, Brasília, DF, em localização estratégica e com excelente potencial de ... 21/08/25",N/A,N/A,N/A,N/A,50 m²,Asa Norte,https://img.dfimoveis.com.br/fotos/1214849/1ee7dbde76e7f08c6da95ef932ef80e5.webp,['https://img.dfimoveis.com.br/fotos/1214849/1ee7dbde76e7f08c6da95ef932ef80e5.webp'],Rafael Imóveis,2026-08-30T15:07:00.034277
47eea92c3d04,dfimoveis_1125211,"SIA Trecho 2, SIA, SETOR INDUSTRIAL",/imovel/loja-0-quartos-aluguel-sia-setor-industrial-df-sia-trecho-2-1125211,18000,"DOMINUS IMÓVEIS ALUGA: SIA TRECHO 03 - Excelente loja  com área de 273m², com salas,  banheiros, recepção e ar condicion... 12/03/25",N/A,N/A,N/A,5 Vagas,273 m²,Setor Industrial,https://img.dfimoveis.com.br/fotos/1125211/3e5fd61d36d4017be7e2978f90014f18.webp,['https://img.dfimoveis.com.br/fotos/1125211/3e5fd61d36d4017be7e2978f90014f18.webp'],Dominus Inteligência Imobiliária,2026-08-30T15:07:00.038256
27b030d018c4,dfimoveis_1368266,"Condomínio Ecológico Parque do Mirante, JARDIM BOTANICO, BRASILIA",/imovel/casa-condominio-3-quartos-aluguel-jardim-botanico-brasilia-df-condominio-ecologico-parque-do-mirante-1368266,7100,"Eldorado Imobiliaria aluga :Condominio Ecologico Parque do mirante !!!
 Belíssima residência moderna localizada em condo... 12/06/26",3 Quartos,3 Suítes,N/A,2 Vagas,270 m²,Jardim Botânico,https://img.dfimoveis.com.br/fotos/1368266/6b409a19faffe7eecb1cf7b6e10c7075.webp,['https://img.dfimoveis.com.br/fotos/1368266/6b409a19faffe7eecb1cf7b6e10c7075.webp'],Eldorado Imobiliária,2026-08-30T15:07:00.042108
4603eae1feb3,dfimoveis_1342488,"SHTN, ASA NORTE, BRASILIA",/imovel/apartamento-1-quarto-aluguel-asa-norte-brasilia-df-shtn-1342488,7600,"ALUGAMOS QUARTO ANDAR
MOBILIADO
DUAS UNIDADES DE 37MTS JUNTAS TOTAL DE 74MTS
NASCENTE
MOBILIADO
GARANTIA LOCATÍCIA ATRA... 27/04/26",1 Quarto,N/A,N/A,2 Vagas,74 m²,Asa Norte,https://img.dfimoveis.com.br/fotos/1342488/193d8145ea9f5cdfb4de200f5b60b889.webp,['https://img.dfimoveis.com.br/fotos/1342488/193d8145ea9f5cdfb4de200f5b60b889.webp'],Imóveis do DF,2026-08-30T15:07:00.044294
6393b51655ad,dfimoveis_1407755,"Rua 4, NORTE, AGUAS CLARAS",/imovel/apartamento-3-quartos-aluguel-norte-aguas-claras-df-rua-4-1407755,3300,"TH35745 - Rua 04 E 05 Norte Águas claras - Res. Cedro, Apartamento 03 quartos sendo 01 suíte, 80,44m². Agende sua visita... 06/08/26",3 Quartos,1 Suíte,N/A,1 Vaga,80 m²,Águas Claras,https://img.dfimoveis.com.br/fotos/1407755/f2d707e65904c8f7714986f7e7ef8ae1.webp,['https://img.dfimoveis.com.br/fotos/1407755/f2d707e65904c8f7714986f7e7ef8ae1.webp'],Thaís Imobiliária,2026-08-30T15:07:00.046415
1f8d8df456d2,dfimoveis_1367671,"SHS Quadra 2, ASA SUL, BRASILIA",/imovel/hotel-flat-1-quarto-aluguel-asa-sul-brasilia-df-shs-quadra-2-1367671,5500,"Localizado na prestigiada Asa Sul de Brasília, este elegante flat está disponível para locação por R$ 5.500 mensais. Com... 12/06/26",1 Quarto,N/A,N/A,N/A,49 m²,Asa Sul,https://img.dfimoveis.com.br/fotos/1367671/c13beac3388383a815476fb4a0249f84.webp,['https://img.dfimoveis.com.br/fotos/1367671/c13beac3388383a815476fb4a0249f84.webp'],DNZ Imóveis,2026-08-30T15:07:00.048626
12bb1628a5e2,dfimoveis_1402226,"SCEN Trecho 1 Conjunto 36 Condominio Ilhas do Lago, ASA NORTE, BRASILIA",/imovel/apartamento-3-quartos-aluguel-asa-norte-brasilia-df-scen-trecho-1-conjunto-36-condominio-ilhas-do-lago-1402226,18000,"ALUGAMOS 4 QTS TRANSFORMADO PARA 3 QTS 
REFORMADO TUDO NOVINHO
MOBILIADO
GARANTIA LOCATICIA  ATRAVES DE CAUÇÃO 

Obs: Os... 24/07/26",3 Quartos,2 Suítes,N/A,3 Vagas,134 m²,Asa Norte,https://img.dfimoveis.com.br/fotos/1402226/02515e79a90dd8344af9faecfdfadf50.webp,['https://img.dfimoveis.com.br/fotos/1402226/02515e79a90dd8344af9faecfdfadf50.webp'],Imóveis do DF,2026-08-30T15:07:00.050846
3d460d9a7da4,dfimoveis_1342954,"SHN Quadra 05 Bloco I, ASA NORTE, BRASILIA",/imovel/ponto-comercial-0-quartos-aluguel-asa-norte-brasilia-df-shn-quadra-05-bloco-i-1342954,40000,"SHN Quadra 05 - Ponto Comercial Salão de Convenções / Restaurante - Líder Flat Service no Mercure - Brasília - DF

Imagi... 28/04/26",N/A,N/A,N/A,N/A,391 m²,Asa Norte,https://img.dfimoveis.com.br/fotos/1342954/06d4d8137edbdd791f1beab54e42ef0e.webp,['https://img.dfimoveis.com.br/fotos/1342954/06d4d8137edbdd791f1beab54e42ef0e.webp'],Coemi Imóveis ,2026-08-30T15:07:00.052854
005f2cacf925,dfimoveis_1235398,"SMC Quadra 3, SETOR DE MATERIAIS DE CONSTRUCAO, CEILANDIA",/imovel/lote-terreno-rea-0-quartos-aluguel-setor-de-materiais-de-construcao-ceilandia-df-smc-quadra-3-1235398,3000,"Ceilândia, SDMC Quadra 5. Terreno para locação!

Terreno amplo com 900 m². Área ideal para guarda de máquinas, caminhões... 27/09/25",N/A,N/A,N/A,N/A,900 m²,Ceilândia,https://img.dfimoveis.com.br/fotos/1235398/13c680b31fc526bfa809ee155d466fa9.webp,['https://img.dfimoveis.com.br/fotos/1235398/13c680b31fc526bfa809ee155d466fa9.webp'],Êxito Premium,2026-08-30T15:07:00.055327
1a4137212fb8,dfimoveis_1381078,"SCES Trecho 4, ASA SUL, BRASILIA",/imovel/hotel-flat-1-quarto-aluguel-asa-sul-brasilia-df-sces-trecho-4-1381078,4000,"Aproveite aluguel  em um hotel-flat bem localizado  , em Brasília. No empreendimento Brisas do Lago, você encontra confo... 07/07/26",1 Quarto,1 Suíte,N/A,1 Vaga,40 m²,Asa Sul,https://img.dfimoveis.com.br/fotos/1381078/243e802daad8d9f63045e402de59fbad.webp,['https://img.dfimoveis.com.br/fotos/1381078/243e802daad8d9f63045e402de59fbad.webp'],Sua Casa Imobiliária,2026-08-30T15:07:00.057702
c5fe4b714b3d,dfimoveis_1406636,"SMPW Quadra 26 Conjunto 1, PARK WAY, BRASILIA",/imovel/casa-condominio-4-quartos-aluguel-park-way-brasilia-df-smpw-quadra-26-conjunto-1-1406636,18500,"Ampla residência em estilo colonial, localizada em condomínio na Quadra 26 do Park Way, em frente à EPIA e a apenas 500 ... 04/08/26",4 Quartos,2 Suítes,N/A,10 Vagas,750 m²,Park Way,https://img.dfimoveis.com.br/fotos/1406636/0583ab7c62a7c6fddab470be893cf7d9.webp,['https://img.dfimoveis.com.br/fotos/1406636/0583ab7c62a7c6fddab470be893cf7d9.webp'],Emprend Imobiliária ,2026-08-30T15:07:00.060066
ce4f72ec5ae1,dfimoveis_1055999,"SCRN 708/709 Bloco E, ASA NORTE, BRASILIA",/imovel/prdio-0-quartos-aluguel-asa-norte-brasilia-df-scrn-708-709-bloco-e-1055999,6500,"Seja o próximo a aproveitar a oportunidade de estabelecer seu negócio em um prédio comercial na Asa Norte.

Uma das loca... 15/10/24",N/A,N/A,N/A,N/A,250 m²,Asa Norte,https://img.dfimoveis.com.br/fotos/1055999/b01662017e226aefccfb929033c94ad3.jpg?format=webp,['https://img.dfimoveis.com.br/fotos/1055999/b01662017e226aefccfb929033c94ad3.jpg?format=webp'],Drumond Imóveis,2026-08-30T15:07:00.062322
1e4e607fbfff,dfimoveis_1403028,"Condomínio Prive Morada Sul Etapa C, JARDIM BOTANICO, BRASILIA",/imovel/casa-condominio-3-quartos-aluguel-jardim-botanico-brasilia-df-condominio-prive-morada-sul-etapa-c-1403028,9500,"Casa térrea à venda no Condomínio Privê Morada Sul – Etapa C, perfeita para quem busca conforto, privacidade e qualidade... 26/07/26",3 Quartos,3 Suítes,N/A,4 Vagas,300 m²,Jardim Botânico,https://img.dfimoveis.com.br/fotos/1403028/353b0c4c80530c2e7ebf10e774526623.webp,['https://img.dfimoveis.com.br/fotos/1403028/353b0c4c80530c2e7ebf10e774526623.webp'],Manu Imóveis,2026-08-30T15:07:00.064683
56d6a2e6efb1,dfimoveis_1367555,"SAUN Quadra 5, ASA NORTE, BRASILIA",/imovel/prdio-0-quartos-aluguel-asa-norte-brasilia-df-saun-quadra-5-1367555,98524,"SAUN, Quadra 05 - Asa Norte - Brasília/DF

Oportunidade única de pavimentos corporativos em excelente ponto. Localização... 11/06/26",N/A,N/A,N/A,N/A,2073 m²,Asa Norte,https://img.dfimoveis.com.br/fotos/1367555/90f4e1690375de7440515e3ca1410cee.webp,['https://img.dfimoveis.com.br/fotos/1367555/90f4e1690375de7440515e3ca1410cee.webp'],ÍRIS G. DE IMÓVEIS CORPORATIVOS,2026-08-30T15:07:00.066787
ee968e234ace,dfimoveis_1355669,"QR 406 Conjunto 30, SAMAMBAIA NORTE, SAMAMBAIA",/imovel/sala-0-quartos-aluguel-samambaia-norte-samambaia-df-qr-406-conjunto-30-1355669,670,"QR 406, Conjunto 30, Lote 10 - Sala 02 | 1 Banheiro

Sala comercial ampla e bem localizada em Samambaia Norte, ideal par... 20/05/26",N/A,N/A,1,N/A,20 m²,Samambaia,https://img.dfimoveis.com.br/fotos/1355669/811849d7bac1a143ef40bb74d7c26ec6.webp,['https://img.dfimoveis.com.br/fotos/1355669/811849d7bac1a143ef40bb74d7c26ec6.webp'],Imobiliária Inovação,2026-08-30T15:07:00.071700
309691f959f8,dfimoveis_606636,"SQS 405 Bloco L, ASA SUL, BRASILIA",/imovel/apartamento-3-quartos-aluguel-asa-sul-brasilia-df-sqs-405-bloco-l-606636,4600,"DALL'OCA IMÓVEIS ALUGA:

Ótimo apartamento, reformado, vista livre, vazado, localizado próximo a bares e restaurantes e ... 02/08/26",3 Quartos,N/A,N/A,N/A,77 m²,Asa Sul,https://img.dfimoveis.com.br/fotos/606636/1d420f32bc7c507f69e9e9817455b9d3.webp,['https://img.dfimoveis.com.br/fotos/606636/1d420f32bc7c507f69e9e9817455b9d3.webp'],Dall'Oca Imóveis ,2026-08-30T15:07:00.074047
5516c6e9ea6c,dfimoveis_1370787,"Rua COPAIBA, NORTE, AGUAS CLARAS",/imovel/galpo-0-quartos-aluguel-norte-aguas-claras-df-rua-copaiba-1370787,19500,"DF PLAZA


8 Salas para Locação reformada pronta para sua atividade
Sala de canto, nascente 
Torre A
Área de 250 m2
Dire... 19/06/26",N/A,N/A,N/A,8 Vagas,250 m²,Águas Claras,https://img.dfimoveis.com.br/fotos/1370787/3c69ddae6a420a20bc081939baa59898.webp,['https://img.dfimoveis.com.br/fotos/1370787/3c69ddae6a420a20bc081939baa59898.webp'],Inove Negócios ,2026-08-30T15:07:00.076135
7421f947f482,dfimoveis_1410931,"Avenida Jacarandá, SUL, AGUAS CLARAS",/imovel/apartamento-1-quarto-aluguel-sul-aguas-claras-df-avenida-jacaranda-1410931,2000,"Alugamos excelente apartamento no Edifício You Life Style - Águas Claras!

Localização privilegiada:
Próximo à Estação d... 12/08/26",1 Quarto,N/A,N/A,1 Vaga,33 m²,Águas Claras,https://img.dfimoveis.com.br/fotos/1410931/c383ffaa6d6fefacee5ceafa97f6eb61.webp,['https://img.dfimoveis.com.br/fotos/1410931/c383ffaa6d6fefacee5ceafa97f6eb61.webp'],Emprend Imobiliária ,2026-08-30T15:07:00.078153
a6c70ed20661,dfimoveis_1410268,"SQNW 103 Bloco A, NOROESTE, BRASILIA",/imovel/apartamento-3-quartos-aluguel-noroeste-brasilia-df-sqnw-103-bloco-a-1410268,9500,"LOCAÇÃO APTO Residencial Marcia Kubitscheck  
Localizado em uma das regiões mais valorizadas de Brasília, este apartamen... 11/08/26",3 Quartos,1 Suíte,N/A,2 Vagas,122 m²,Noroeste,https://img.dfimoveis.com.br/fotos/1410268/d7084b3dd9def6c6ccf1c458286aebf9.webp,['https://img.dfimoveis.com.br/fotos/1410268/d7084b3dd9def6c6ccf1c458286aebf9.webp'],Marca Empreendimentos Imobiliarios ltda,2026-08-30T15:07:00.080363
1a8a34785409,dfimoveis_1401599,"SHTN Trecho 2 Lote 3, ASA NORTE, BRASILIA",/imovel/apartamento-2-quartos-aluguel-asa-norte-brasilia-df-shtn-trecho-2-lote-3-1401599,6000,"Apartamento 2 Suítes, Mobiliado, Vista Livre | Life Resort | Aluguel: R$ 6.000,00
2 Suítes | Mobiliado | 62m² | Vista Li... 23/07/26",2 Quartos,2 Suítes,N/A,2 Vagas,62 m²,Asa Norte,https://img.dfimoveis.com.br/fotos/1401599/6a4a1afcaae289ace21d65281b75daed.webp,['https://img.dfimoveis.com.br/fotos/1401599/6a4a1afcaae289ace21d65281b75daed.webp'],UP Soluções Imobiliárias,2026-08-30T15:07:00.082447
4b60c2b2dc62,dfimoveis_1365907,"CNA 2, TAGUATINGA NORTE, TAGUATINGA",/imovel/sala-0-quartos-aluguel-taguatinga-norte-taguatinga-df-cna-2-1365907,1300,"ALUGUEL BRUTO................................................	R$ 1.530,10 
DESCONTO PONTUALIDADE........................... 09/06/26",N/A,N/A,N/A,N/A,44 m²,Taguatinga,https://img.dfimoveis.com.br/fotos/1365907/92d76ed408f8c18115836013c1838a06.webp,['https://img.dfimoveis.com.br/fotos/1365907/92d76ed408f8c18115836013c1838a06.webp'],Antônio Filho Imobiliária,2026-08-30T15:07:00.084353
445f282659c2,dfimoveis_1166169,"SCS Quadra 9, ASA SUL, BRASILIA",/imovel/sala-0-quartos-aluguel-asa-sul-brasilia-df-scs-quadra-9-1166169,63641,Este imóvel em edifício corporativo é o local ideal para uma grande empresa que procura instalar-se em um local no centr... 17/05/25,N/A,N/A,N/A,19 Vagas,578 m²,Asa Sul,https://img.dfimoveis.com.br/fotos/1166169/1174f2707c5211794a6e2e74fa3bac1c.webp,['https://img.dfimoveis.com.br/fotos/1166169/1174f2707c5211794a6e2e74fa3bac1c.webp'],Realiza Corretora de Seguros e Imóveis,2026-08-30T15:07:00.087244
8059ef8a6a0a,dfimoveis_1401221,"Avenida das Castanheiras, NORTE, AGUAS CLARAS",/imovel/apartamento-1-quarto-aluguel-norte-aguas-claras-df-avenida-das-castanheiras-1401221,1750,"Avanti Imob apresenta:

- Área útil: 37m2
- 1 Quartos (1 suíte)
- Sala ampla
- Rico em Armários
- DCE
- 1 Vagas
- Excele... 22/07/26",1 Quarto,1 Suíte,N/A,N/A,30 m²,Águas Claras,https://img.dfimoveis.com.br/fotos/1401221/c0fd7170b39d97ad212f4f5054acb45b.webp,['https://img.dfimoveis.com.br/fotos/1401221/c0fd7170b39d97ad212f4f5054acb45b.webp'],Avanti Imob,2026-08-30T15:07:00.089530
0d32dfd9a2b9,dfimoveis_20363,"CA 02, LAGO NORTE, BRASILIA",/imovel/kitnet-1-quarto-aluguel-lago-norte-brasilia-df-ca-02-20363,1600,"Excelente kit no edifício Genesis, com +/- 29m², 2º andar, composta por 01 quarto com armário e banheiro com box blindex... 25/04/26",1 Quarto,N/A,N/A,1 Vaga,29 m²,Lago Norte,https://img.dfimoveis.com.br/fotos/20363/c0a2b88c5ada8091d19ab9fb59c8fe10.jpg?format=webp,['https://img.dfimoveis.com.br/fotos/20363/c0a2b88c5ada8091d19ab9fb59c8fe10.jpg?format=webp'],Artiaga Imóveis,2026-08-30T15:07:00.091565
c2da57628580,dfimoveis_322811,"Rua 12, SUL, AGUAS CLARAS",/imovel/apartamento-3-quartos-aluguel-sul-aguas-claras-df-rua-12-322811,5900,"Alugue sem Fiador, sem burocracia e sem taxa de adesão,  
pagando apenas 12,5% do valor do aluguel mensal.   
Aprovação... 16/10/24",3 Quartos,1 Suíte,N/A,1 Vaga,170 m²,Águas Claras,https://img.dfimoveis.com.br/fotos/322811/daecceab882464b547f147953765c5a3.webp,['https://img.dfimoveis.com.br/fotos/322811/daecceab882464b547f147953765c5a3.webp'],Acontece Imobiliária,2026-08-30T15:07:00.093641
fff0509a26a7,dfimoveis_910263,"SGAS 910, ASA SUL, BRASILIA",/imovel/sala-0-quartos-aluguel-asa-sul-brasilia-df-sgas-910-910263,850,"Sala Comercial – SGAS 910, Asa Sul

A locação desta sala comercial na SGAS 910, Asa Sul é a escolha perfeita para quem b... 01/02/24",N/A,N/A,N/A,N/A,27 m²,Asa Sul,https://img.dfimoveis.com.br/fotos/910263/79124b1b51887d5b2d0846d1b035c27d.jpg?format=webp,['https://img.dfimoveis.com.br/fotos/910263/79124b1b51887d5b2d0846d1b035c27d.jpg?format=webp'],Êxito Netimóveis,2026-08-30T15:07:12.326071
abe84bbecef1,dfimoveis_1283607,"SHTN, ASA NORTE, BRASILIA",/imovel/apartamento-2-quartos-aluguel-asa-norte-brasilia-df-shtn-1283607,9800,"Apartamento mobiliado disponível para aluguel no Condomínio Lake Side.

Excelente apartamento de 96m² , composto por 02 ... 07/01/26",2 Quartos,1 Suíte,N/A,1 Vaga,96 m²,Asa Norte,https://img.dfimoveis.com.br/fotos/1283607/9c46ec9f53ebf97eb75a1a0249f17d94.webp,['https://img.dfimoveis.com.br/fotos/1283607/9c46ec9f53ebf97eb75a1a0249f17d94.webp'],QDV Realizações Imobiliária,2026-08-30T15:07:12.328204
6aa852ef2dba,dfimoveis_1409152,"QN 5 Conjunto 1, RIACHO FUNDO, RIACHO FUNDO",/imovel/apartamento-2-quartos-aluguel-riacho-fundo-riacho-fundo-df-qn-5-conjunto-1-1409152,2000,"Venha morar no coração de Riacho Fundo, no apartamento localizado na QN 5 Conjunto 1, bairro Riacho Fundo, DF. Com 2 dor... 10/08/26",2 Quartos,N/A,N/A,N/A,45 m²,Riacho Fundo,https://img.dfimoveis.com.br/fotos/1409152/f7f6bc1eb33d444ceafa4b582d488e5f.webp,['https://img.dfimoveis.com.br/fotos/1409152/f7f6bc1eb33d444ceafa4b582d488e5f.webp'],Francisco Higo,2026-08-30T15:07:12.330632
fb13f6fbf693,dfimoveis_1414164,"QSE 3, TAGUATINGA SUL, TAGUATINGA",/imovel/casa-4-quartos-aluguel-taguatinga-sul-taguatinga-df-qse-3-1414164,5200,"LENIÉR CURADORIA IMOBILIÁRIA ALUGA MAGNÍFICA CASA DE 3 ANDARES NA QSE – TAGUATINGA SUL

Uma casa ampla, versátil e com e... 18/08/26",4 Quartos,2 Suítes,N/A,6 Vagas,300 m²,Taguatinga,https://img.dfimoveis.com.br/fotos/1414164/acee28500d912901bc84b28a218a1f2b.webp,['https://img.dfimoveis.com.br/fotos/1414164/acee28500d912901bc84b28a218a1f2b.webp'],Alessandra Leniér Imóveis ,2026-08-30T15:07:12.332933
bcd85e4bda9b,dfimoveis_1358900,"SHIS QI 21, LAGO SUL, BRASILIA",/imovel/sala-0-quartos-aluguel-lago-sul-brasilia-df-shis-qi-21-1358900,3300,"SALAS COMERCAIS NO MELHOR PONTO DA QI 23 LAGO SUL
Salas comercias de 35 m² no mais novo empreendimento da QI 23 do Lago ... 26/05/26",N/A,N/A,N/A,N/A,30 m²,Lago Sul,https://img.dfimoveis.com.br/fotos/1358900/e0605c020d2b3aec0bfaa7a39cc5d39a.webp,['https://img.dfimoveis.com.br/fotos/1358900/e0605c020d2b3aec0bfaa7a39cc5d39a.webp'],Empreendimentos Brasília,2026-08-30T15:07:12.335916
cb38d4310d1d,dfimoveis_1384029,"QSC 19 Chacará 26 Conjunto H, TAGUATINGA SUL, TAGUATINGA",/imovel/loja-0-quartos-aluguel-taguatinga-sul-taguatinga-df-qsc-19-chacara-26-conjunto-h-1384029,10000,"QSC 19 - Loja comercial com 390m²/ R$ 10.000,00/Taguatinga Sul

Loja com:
 -2 banheiros sociais;
- Deposito na laje;
- P... 13/07/26",N/A,N/A,2,N/A,390 m²,Taguatinga,https://img.dfimoveis.com.br/fotos/1384029/e9d15f4eb41b3ad3d326020a71cf711f.webp,['https://img.dfimoveis.com.br/fotos/1384029/e9d15f4eb41b3ad3d326020a71cf711f.webp'],Simóvel,2026-08-30T15:07:12.339514
6261f2dade5d,dfimoveis_1233032,"QNA 16, TAGUATINGA NORTE, TAGUATINGA",/imovel/sala-0-quartos-aluguel-taguatinga-norte-taguatinga-df-qna-16-1233032,10900,"Essa sala comercial oferece espaço amplo, além de banheiros masculino e feminino, garantindo mais praticidade para seus ... 25/09/25",N/A,N/A,N/A,N/A,460 m²,Taguatinga,https://img.dfimoveis.com.br/fotos/1233032/61cde7ea5c81ca098721655eb7c07127.webp,['https://img.dfimoveis.com.br/fotos/1233032/61cde7ea5c81ca098721655eb7c07127.webp'],GRUPO JK,2026-08-30T15:07:12.343123
af09bcdc4d3e,dfimoveis_1402904,"Rua 21, SUL, AGUAS CLARAS",/imovel/apartamento-3-quartos-aluguel-sul-aguas-claras-df-rua-21-1402904,5500,"Este é um imóvel verdadeiramente especial no Residencial Olavo Bilac, localizado em uma das áreas mais cobiçadas de Água... 25/07/26",3 Quartos,1 Suíte,N/A,2 Vagas,135 m²,Águas Claras,https://img.dfimoveis.com.br/fotos/1402904/721b6891c0cd1e8d3a16aa3ce8e045e1.webp,['https://img.dfimoveis.com.br/fotos/1402904/721b6891c0cd1e8d3a16aa3ce8e045e1.webp'],Hemerson Rodrigues Silva,2026-08-30T15:07:12.346225
1ebf78b116bc,dfimoveis_1233030,"Setor D Sul, TAGUATINGA SUL, TAGUATINGA",/imovel/loja-0-quartos-aluguel-taguatinga-sul-taguatinga-df-setor-d-sul-1233030,29000,"Em um prédio reformado oferece o espaço ideal para o seu negócio! O prédio conta com elevador, proporcionando acessibili... 25/09/25",N/A,N/A,N/A,N/A,500 m²,Taguatinga,https://img.dfimoveis.com.br/fotos/1233030/12583ca2372842d7e6ed112537e0f638.webp,['https://img.dfimoveis.com.br/fotos/1233030/12583ca2372842d7e6ed112537e0f638.webp'],GRUPO JK,2026-08-30T15:07:12.349118
79e1f3e56f8e,dfimoveis_1355746,"SQN 109 Bloco I, ASA NORTE, BRASILIA",/imovel/apartamento-3-quartos-aluguel-asa-norte-brasilia-df-sqn-109-bloco-i-1355746,10300,"Apartamento disponível para aluguel na SQN 109 – Asa Norte

Morar na SQN 109 é unir localização estratégica, conforto e ... 20/05/26",3 Quartos,2 Suítes,N/A,2 Vagas,170 m²,Asa Norte,https://img.dfimoveis.com.br/fotos/1355746/2e701498288fe97c33ccf0a40da41b66.webp,['https://img.dfimoveis.com.br/fotos/1355746/2e701498288fe97c33ccf0a40da41b66.webp'],Private Broker,2026-08-30T15:07:12.352647
157fd9a8486f,dfimoveis_1377324,"SCIA Quadra 15 Conjunto 6, SCIA, SETOR INDUSTRIAL",/imovel/galpo-0-quartos-aluguel-scia-setor-industrial-df-scia-quadra-15-conjunto-6-1377324,20000,"Cidade do Automóvel, SCIA Quadra 15, Conjunto 06. Loja + lote para locação!

Terreno com área total de 1360 m² e 402 m² ... 03/07/26",N/A,N/A,N/A,N/A,1360 m²,Setor Industrial,https://img.dfimoveis.com.br/fotos/1377324/2081691ee1a8cc5085b3a42bfb01fc5c.webp,['https://img.dfimoveis.com.br/fotos/1377324/2081691ee1a8cc5085b3a42bfb01fc5c.webp'],Êxito Premium,2026-08-30T15:07:12.356234
6532dc147440,dfimoveis_1420365,"Alameda dos Eucaliptos Quadra 107, NORTE, AGUAS CLARAS",/imovel/apartamento-3-quartos-aluguel-norte-aguas-claras-df-alameda-dos-eucaliptos-quadra-107-1420365,3500,"Apartamento bem localizado, fácil acesso pela Eptg, 3 quartos sendo 1 suíte. 
Informações 98611-6997 29/08/26",3 Quartos,1 Suíte,N/A,1 Vaga,90 m²,Águas Claras,https://img.dfimoveis.com.br/fotos/1420365/f374a76d22a90c6772a91a24617cd47f.webp,['https://img.dfimoveis.com.br/fotos/1420365/f374a76d22a90c6772a91a24617cd47f.webp'],Dama Escritório Imobiliário ,2026-08-30T15:07:12.358754
c68edf700adf,dfimoveis_1274960,"SHN Quadra 1 Bloco E, ASA NORTE, BRASILIA",/imovel/sala-0-quartos-aluguel-asa-norte-brasilia-df-shn-quadra-1-bloco-e-1274960,325603,"Excelente conjunto de salas abrangendo 3 andares, ideal para empresas de grande porte. Ótimos espaços corporativos que c... 12/12/25",N/A,N/A,N/A,66 Vagas,3427 m²,Asa Norte,https://img.dfimoveis.com.br/fotos/1274960/2c7a0c44516fc620ff5bfb84157cafc7.webp,['https://img.dfimoveis.com.br/fotos/1274960/2c7a0c44516fc620ff5bfb84157cafc7.webp'],Realiza Corretora de Seguros e Imóveis,2026-08-30T15:07:12.360779
98fce6b4f0df,dfimoveis_702153,"SRTVS Conjunto L Lote 38, ASA SUL, BRASILIA",/imovel/sala-0-quartos-aluguel-asa-sul-brasilia-df-srtvs-conjunto-l-lote-38-702153,1300,"SALA COMERCIAL DE 45m² – SRTVS 701 | CENTRO EMPRESARIAL ASSIS CHATEAUBRIAND

Excelente sala comercial com 45m², ideal pa... 07/02/23",N/A,N/A,N/A,1 Vaga,45 m²,Asa Sul,https://img.dfimoveis.com.br/fotos/702153/9dbd1102188f993ee06619dd761abbb3.webp,['https://img.dfimoveis.com.br/fotos/702153/9dbd1102188f993ee06619dd761abbb3.webp'],Manu Imóveis,2026-08-30T15:07:12.363238
f6ce94224747,dfimoveis_1414746,"CRNW 507 Bloco B Lote 2, NOROESTE, BRASILIA",/imovel/lote-terreno-rea-0-quartos-aluguel-noroeste-brasilia-df-crnw-507-bloco-b-lote-2-1414746,100000,"Invista em uma das localizações mais estratégicas e valorizadas do Setor Noroeste.
Situado na Quadra 507, este terreno o... 19/08/26",N/A,N/A,N/A,N/A,800 m²,Noroeste,https://img.dfimoveis.com.br/fotos/1414746/32a3a81b536824ced012c08961cbc4b0.webp,['https://img.dfimoveis.com.br/fotos/1414746/32a3a81b536824ced012c08961cbc4b0.webp'],JEM CONSTRUÇÕES E INCORPORAÇÃO LTDA,2026-08-30T15:07:12.365163
690856666ca9,dfimoveis_886783,"SHLS Bloco L, ASA SUL, BRASILIA",/imovel/sala-0-quartos-aluguel-asa-sul-brasilia-df-shls-bloco-l-886783,2400,"SALA PARA CONSULTÓRIO REFORMADA, 2 BANHEIROS, 2 SALAS, DIVISÓRIA E ARMÁRIOS NOVOS.

- Condomínio: R$ 790,00
- IPTU/TLP 
... 19/12/23",N/A,N/A,2,N/A,30 m²,Asa Sul,https://img.dfimoveis.com.br/fotos/886783/70109989d488b65373cf11a5e7cae4e1.jpg?format=webp,['https://img.dfimoveis.com.br/fotos/886783/70109989d488b65373cf11a5e7cae4e1.jpg?format=webp'],Imobiliária Lago Norte,2026-08-30T15:07:12.367094
a25a76e2c7ff,dfimoveis_149326,"SRES Área Especial A, VELHO, CRUZEIRO",/imovel/kitnet-1-quarto-aluguel-velho-cruzeiro-df-sres-area-especial-a-149326,1600,"Alugamos ótima Kit no Ed. Villagio Donnajú, SRES Area Especial ""A"", Lote 03, (localizado no final da Qd. 12 entre o Cruz... 29/06/19",1 Quarto,N/A,N/A,1 Vaga,35 m²,Cruzeiro,https://img.dfimoveis.com.br/fotos/149326/b19725c9570f9cd814513410078efd9d.webp,['https://img.dfimoveis.com.br/fotos/149326/b19725c9570f9cd814513410078efd9d.webp'],Correta Imobiliária,2026-08-30T15:07:12.369817
0f6af10cde1e,dfimoveis_1399475,"Avenida das Castanheiras, NORTE, AGUAS CLARAS",/imovel/sala-0-quartos-aluguel-norte-aguas-claras-df-avenida-das-castanheiras-1399475,16828,"Serenar Mall, Centro Comercial completo em Águas Claras.

Sala com 168,28 m², localizada no 2° pavimento do Serenar Mall... 18/07/26",N/A,N/A,N/A,N/A,168 m²,Águas Claras,https://img.dfimoveis.com.br/fotos/1399475/0773479daf22938b1e1c8f700fc68e91.webp,['https://img.dfimoveis.com.br/fotos/1399475/0773479daf22938b1e1c8f700fc68e91.webp'],José Martins Soluções Desenvolvimento Imobiliário,2026-08-30T15:07:12.372314
d785c400a69d,dfimoveis_1298969,"SCS Quadra 02 Bloco C Lote 92, ASA SUL, BRASILIA",/imovel/loja-0-quartos-aluguel-asa-sul-brasilia-df-scs-quadra-02-bloco-c-lote-92-1298969,15000,"A Vitrine Definitiva para o seu sucesso no coração de Brasília, onde o fluxo encontra o lucro.

Se você busca o endereço... 05/02/26",N/A,N/A,N/A,1 Vaga,600 m²,Asa Sul,https://img.dfimoveis.com.br/fotos/1298969/a9fdce176fa85f127cdfb1b36d3a3465.webp,['https://img.dfimoveis.com.br/fotos/1298969/a9fdce176fa85f127cdfb1b36d3a3465.webp'],Lídia Mara Fernandes Camargos,2026-08-30T15:07:12.375030
ee356da42175,dfimoveis_1307415,"Avenida das Castanheiras, NORTE, AGUAS CLARAS",/imovel/loja-0-quartos-aluguel-norte-aguas-claras-df-avenida-das-castanheiras-1307415,15338,"Serenar Mall, Centro Comercial completo em Águas Claras.

Loja com 139 m², localizada no Serenar Mall, o mais novo ativo... 21/02/26",N/A,N/A,N/A,N/A,139 m²,Águas Claras,https://img.dfimoveis.com.br/fotos/1307415/4b8b6552b3cca7d4b01615895b66c8a1.webp,['https://img.dfimoveis.com.br/fotos/1307415/4b8b6552b3cca7d4b01615895b66c8a1.webp'],José Martins Soluções Desenvolvimento Imobiliário,2026-08-30T15:07:12.377176
68a6c235a598,dfimoveis_1419296,"Rua 20, SUL, AGUAS CLARAS",/imovel/apartamento-2-quartos-aluguel-sul-aguas-claras-df-rua-20-1419296,3000,"Rua 20 sul - Residencial Park Avenue – Águas Claras!


Excelente apartamento em uma das regiões mais desejadas de Águas ... 27/08/26",2 Quartos,1 Suíte,N/A,1 Vaga,78 m²,Águas Claras,https://img.dfimoveis.com.br/fotos/1419296/b29ada2f55c81ef28851ba3581bee636.webp,['https://img.dfimoveis.com.br/fotos/1419296/b29ada2f55c81ef28851ba3581bee636.webp'], 3A imobiliária Dalmo&Dailton,2026-08-30T15:07:12.379806
f23ae0cbdccf,dfimoveis_1417419,"SGCV, PARK SUL, BRASILIA",/imovel/apartamento-3-quartos-aluguel-park-sul-brasilia-df-sgcv-1417419,9400,"Claro. Eu deixaria o anúncio **mais sofisticado, comercial e objetivo**, valorizando o padrão do imóvel e a localização,... 24/08/26",3 Quartos,3 Suítes,N/A,2 Vagas,103 m²,Park Sul,https://img.dfimoveis.com.br/fotos/1417419/681a71a81fbc67d142dd1c450064535e.webp,['https://img.dfimoveis.com.br/fotos/1417419/681a71a81fbc67d142dd1c450064535e.webp'],Agiliza Imóveis,2026-08-30T15:07:12.381913
5e6def2cccf5,dfimoveis_1124083,"CA 05, LAGO NORTE, BRASILIA",/imovel/sala-0-quartos-aluguel-lago-norte-brasilia-df-ca-05-1124083,7500,"Alugo clínica odontológica completa com cadeiras, equipamentos, autoclave, ultrassom  Di Pieso e outros…
Localização exc... 09/03/25",N/A,N/A,N/A,N/A,200 m²,Lago Norte,https://img.dfimoveis.com.br/fotos/1124083/ba2563086093e4d443c6d052816812c4.jpeg?format=webp,['https://img.dfimoveis.com.br/fotos/1124083/ba2563086093e4d443c6d052816812c4.jpeg?format=webp'],MRabello Corretagem,2026-08-30T15:07:12.383793
4b21d03f4fe0,dfimoveis_1372395,"Condomínio Jardins do Lago, JARDIM BOTANICO, BRASILIA",/imovel/casa-condominio-4-quartos-aluguel-jardim-botanico-brasilia-df-condominio-jardins-do-lago-1372395,10900,"Conquiste um lar confortável e pratico no Condomínio Jardins do Lago 2, localizado no Jardim Botânico, Brasília, DF. Com... 23/06/26",4 Quartos,4 Suítes,N/A,4 Vagas,500 m²,Jardim Botânico,https://img.dfimoveis.com.br/fotos/1372395/9309db7e4d6f895c4cb94e4977124a2a.webp,['https://img.dfimoveis.com.br/fotos/1372395/9309db7e4d6f895c4cb94e4977124a2a.webp'],Luciano Imóveis,2026-08-30T15:07:12.387969
1c6f9bd8cafd,dfimoveis_350156,"Condomínio Mirante das Paineiras, JARDIM BOTANICO, BRASILIA",/imovel/casa-condominio-4-quartos-aluguel-jardim-botanico-brasilia-df-condominio-mirante-das-paineiras-350156,7990,"ALUGO

- Imóvel com 4(quatro) quartos sendo 2(dois) suítes, todos com armários
- Cozinha com armários planejados
- Sala ... 13/08/21",4 Quartos,2 Suítes,N/A,2 Vagas,350 m²,Jardim Botânico,https://img.dfimoveis.com.br/fotos/350156/fdefc298a6005c87428b207cea9bcbad.webp,['https://img.dfimoveis.com.br/fotos/350156/fdefc298a6005c87428b207cea9bcbad.webp'],LSS Corretor de Imóveis,2026-08-30T15:07:12.391445
d185aee5334a,dfimoveis_1233045,"SCIA Quadra 13 Conjunto 1, SCIA, SETOR INDUSTRIAL",/imovel/lote-terreno-rea-0-quartos-aluguel-scia-setor-industrial-df-scia-quadra-13-conjunto-1-1233045,70000,"Excelente oportunidade para empresas que buscam um espaço estratégico e versátil! 

Terreno murado, com ótima metragem e... 25/09/25",N/A,N/A,N/A,N/A,8700 m²,Setor Industrial,https://img.dfimoveis.com.br/fotos/1233045/f3e86b3114db25d1b45399de0963a383.webp,['https://img.dfimoveis.com.br/fotos/1233045/f3e86b3114db25d1b45399de0963a383.webp'],GRUPO JK,2026-08-30T15:07:12.395052
507dfead7952,dfimoveis_1408452,"SCES Trecho 4, ASA SUL, BRASILIA",/imovel/apartamento-1-quarto-aluguel-asa-sul-brasilia-df-sces-trecho-4-1408452,3600,"Descubra um apartamento totalmente mobiliado na melhor localização da ASA SUL, em Brasília, no SCES Trecho 4. Com vista ... 07/08/26",1 Quarto,1 Suíte,N/A,1 Vaga,48 m²,Asa Sul,https://img.dfimoveis.com.br/fotos/1408452/0b3153e0af8a83351bfff77db953dc6f.webp,['https://img.dfimoveis.com.br/fotos/1408452/0b3153e0af8a83351bfff77db953dc6f.webp'],Abdala Imóveis,2026-08-30T15:07:12.397571
dee16668577c,dfimoveis_1415550,"CLNW 10/11 Lote C, NOROESTE, BRASILIA",/imovel/apartamento-1-quarto-aluguel-noroeste-brasilia-df-clnw-10-11-lote-c-1415550,3800,"Batista Soluções Imobiliárias aluga excelente apartamento com área privativa de 67,58 m², 2 vagas de garagem e ótima loc... 20/08/26",1 Quarto,N/A,N/A,2 Vagas,67 m²,Noroeste,https://img.dfimoveis.com.br/fotos/1415550/5b10f82e379c8146b9f8582cc28d5a50.webp,['https://img.dfimoveis.com.br/fotos/1415550/5b10f82e379c8146b9f8582cc28d5a50.webp'],Batista Soluções Imobiliárias,2026-08-30T15:07:12.399669
0d749e40fa42,dfimoveis_1405706,"SGCV Lote 25, PARK SUL, BRASILIA",/imovel/apartamento-3-quartos-aluguel-park-sul-brasilia-df-sgcv-lote-25-1405706,7800,"Alugo excelente apartamento  no Park Sul com 3 quartos, 2 vagas.

Condomínio Ilhas Maurício no setor Park Sul ao lado do... 01/08/26",3 Quartos,1 Suíte,N/A,2 Vagas,96 m²,Park Sul,https://img.dfimoveis.com.br/fotos/1405706/c38e58711f29d2894549552f606c5e3a.webp,['https://img.dfimoveis.com.br/fotos/1405706/c38e58711f29d2894549552f606c5e3a.webp'],Melhor do Imóvel,2026-08-30T15:07:12.403844
0e788cc0974f,dfimoveis_1414889,"SCN Quadra 1 Bloco F, ASA NORTE, BRASILIA",/imovel/sala-0-quartos-aluguel-asa-norte-brasilia-df-scn-quadra-1-bloco-f-1414889,3400,"VILLA153673 - Última atualização: 29/08/26 23:32
Conjunto de salas comerciais com 62 m² de área privativa localizado no ... 20/08/26",N/A,N/A,N/A,N/A,62 m²,Asa Norte,https://img.dfimoveis.com.br/fotos/1414889/5db3771267175bdb2f70aa5e8c731193.webp,['https://img.dfimoveis.com.br/fotos/1414889/5db3771267175bdb2f70aa5e8c731193.webp'],Meta Imobiliária,2026-08-30T15:07:12.406595
7207a007ef5d,dfimoveis_1352719,"SHTN Trecho 1, ASA NORTE, BRASILIA",/imovel/apartamento-1-quarto-aluguel-asa-norte-brasilia-df-shtn-trecho-1-1352719,5200,"Descubra um apartamento mobiliado na SHTN Trecho 1, ASA NORTE, Brasília, DF, que combina conforto, praticidade e um esti... 14/05/26",1 Quarto,N/A,N/A,1 Vaga,50 m²,Asa Norte,https://img.dfimoveis.com.br/fotos/1352719/eb18a9eef4d6fd9fa615de601b775225.webp,['https://img.dfimoveis.com.br/fotos/1352719/eb18a9eef4d6fd9fa615de601b775225.webp'],Abdala Imóveis,2026-08-30T15:07:25.589167
fb2ab4cf8dc7,dfimoveis_1417209,"CRNW 510 Bloco B Lote 5, NOROESTE, BRASILIA",/imovel/apartamento-1-quarto-aluguel-noroeste-brasilia-df-crnw-510-bloco-b-lote-5-1417209,4300,"01 quarto Garden, mobilhado com bastante armários, cama, ar condicionado, sofá, geladeira, fogão, filtro d? água, microo... 24/08/26",1 Quarto,1 Suíte,N/A,1 Vaga,40 m²,Noroeste,https://img.dfimoveis.com.br/fotos/1417209/ba703242f3cf9ab2b83c8e77fb653a41.webp,['https://img.dfimoveis.com.br/fotos/1417209/ba703242f3cf9ab2b83c8e77fb653a41.webp'],Paulo Rocha,2026-08-30T15:07:25.591306
d4087de61864,dfimoveis_1211432,"SCN Quadra 01 Bloco C, ASA NORTE, BRASILIA",/imovel/sala-0-quartos-aluguel-asa-norte-brasilia-df-scn-quadra-01-bloco-c-1211432,5480,"BRASÍLIA TRADE CENTER

SALAS NO 7º ANDAR COM 75M² DE ÁREA ÚTIL.
VISTA LIVRE PARA OS SETORES COMERCIAL E DE RÁDIO E TV NO... 14/08/25",N/A,N/A,N/A,2 Vagas,75 m²,Asa Norte,https://img.dfimoveis.com.br/fotos/1211432/cbfd95a1ff4b65270d87f6721767cc37.webp,['https://img.dfimoveis.com.br/fotos/1211432/cbfd95a1ff4b65270d87f6721767cc37.webp'],Rafael Imóveis,2026-08-30T15:07:25.593260
2b6f09245f8d,dfimoveis_1233034,"QNA 16, TAGUATINGA NORTE, TAGUATINGA",/imovel/sala-0-quartos-aluguel-taguatinga-norte-taguatinga-df-qna-16-1233034,10900,"Localizada no 1º andar de um prédio com elevador, essa sala comercial oferece um ambiente perfeito para diferentes tipos... 25/09/25",N/A,N/A,N/A,N/A,460 m²,Taguatinga,https://img.dfimoveis.com.br/fotos/1233034/d3df3ae52e265ae7262f7d9f6bf7f8f3.webp,['https://img.dfimoveis.com.br/fotos/1233034/d3df3ae52e265ae7262f7d9f6bf7f8f3.webp'],GRUPO JK,2026-08-30T15:07:25.595191
aea66bbf54be,dfimoveis_708297,"QS 5 Rua 300, AREAL, AGUAS CLARAS",/imovel/prdio-0-quartos-aluguel-areal-aguas-claras-df-qs-5-rua-300-708297,45000,"GRANDE ÁREA COMERCIAL EM ÁGUAS CLARAS
*LOCALIZAÇÃO PRIVILEGIADA PRÓXIMO A ESCOLA CANADENSE, HOSPITAL SANTA LÚCIA E FACUL... 17/02/23",N/A,N/A,N/A,N/A,1500 m²,Águas Claras,https://img.dfimoveis.com.br/fotos/708297/a19985a7d3390f231d3cca1eba86f336.jpg?format=webp,['https://img.dfimoveis.com.br/fotos/708297/a19985a7d3390f231d3cca1eba86f336.jpg?format=webp'],J.Aguiar Imóveis,2026-08-30T15:07:25.597338
497569ac1354,dfimoveis_1416391,"QI 31, GUARA II, GUARA",/imovel/apartamento-3-quartos-aluguel-guara-ii-guara-df-qi-31-1416391,5500,"EDWIN FERREIRA - 9 8 222 92 11
CRECI: 29.001 


Venha morar no condomínio mais desejado do Guará.
Apartamento totalmente... 22/08/26",3 Quartos,1 Suíte,N/A,1 Vaga,80 m²,Guará,https://img.dfimoveis.com.br/fotos/1416391/5e305e5e64d91d3367b0ddcbae8a8a34.webp,['https://img.dfimoveis.com.br/fotos/1416391/5e305e5e64d91d3367b0ddcbae8a8a34.webp'],RE/MAX Jota,2026-08-30T15:07:25.599908
b80f81db2582,dfimoveis_1216279,"SQN 210, ASA NORTE, BRASILIA",/imovel/apartamento-3-quartos-aluguel-asa-norte-brasilia-df-sqn-210-1216279,10000,"Quer morar bem em Brasília? Este apartamento no SQN 210, ASA Norte oferece conforto, praticidade e um estilo de vida com... 23/08/25",3 Quartos,1 Suíte,N/A,1 Vaga,115 m²,Asa Norte,https://img.dfimoveis.com.br/fotos/1216279/ff858bad3de07a9f50f12dfc1a32934f.webp,['https://img.dfimoveis.com.br/fotos/1216279/ff858bad3de07a9f50f12dfc1a32934f.webp'],Cavalcante Imóveis,2026-08-30T15:07:25.604421
b764073357dd,dfimoveis_1325807,"SHS Quadra 05 Bloco G, ASA SUL, BRASILIA",/imovel/loja-0-quartos-aluguel-asa-sul-brasilia-df-shs-quadra-05-bloco-g-1325807,240000,"Loja Comercial para Locação – Asa Sul / Setor Hoteleiro Sul

- Excelente visibilidade, com fachada voltada para três rua... 27/03/26",N/A,N/A,N/A,N/A,1022 m²,Asa Sul,https://img.dfimoveis.com.br/fotos/1325807/90fe7479d9da32db2aa59778f0a5f214.webp,['https://img.dfimoveis.com.br/fotos/1325807/90fe7479d9da32db2aa59778f0a5f214.webp'],Grupo Carlton,2026-08-30T15:07:25.606856
cbfdeaf37424,dfimoveis_1366909,"Rua DAS PITANGUEIRAS, NORTE, AGUAS CLARAS",/imovel/loja-0-quartos-aluguel-norte-aguas-claras-df-rua-das-pitangueiras-1366909,20000,"LOJA E SOBRELOJA PARA ALUGAR EM ÁGUAS CLARAS | 318m² | RUA PITANGUEIRAS | IDEAL PARA RESTAURANTES, FRANQUIAS E GRANDES O... 10/06/26",N/A,N/A,N/A,N/A,318 m²,Águas Claras,https://img.dfimoveis.com.br/fotos/1366909/9b195d50fe8a2b21f0b174ca4f8c35dd.webp,['https://img.dfimoveis.com.br/fotos/1366909/9b195d50fe8a2b21f0b174ca4f8c35dd.webp'],My House - Vendas,2026-08-30T15:07:25.608918
1dc15cead574,dfimoveis_1398881,"Praça de Atividades 1, JARDINS MANGUEIRAL, BRASILIA",/imovel/sala-0-quartos-aluguel-jardins-mangueiral-brasilia-df-praca-de-atividades-1-1398881,2500,"Excelente sala comercial no Ed. Referência Mangueiral na Praça de Atividades 1, JARDINS MANGUEIRAL. Localização privileg... 17/07/26",N/A,N/A,N/A,N/A,55 m²,Jardins Mangueiral,https://img.dfimoveis.com.br/fotos/1398881/c3de590b35ab634eed45f5d5454d1842.webp,['https://img.dfimoveis.com.br/fotos/1398881/c3de590b35ab634eed45f5d5454d1842.webp'],Empreendimentos Brasília,2026-08-30T15:07:25.611403
b2bce5ae3ac7,dfimoveis_1407160,"QE 9 Conjunto G, GUARA I, GUARA",/imovel/casa-3-quartos-aluguel-guara-i-guara-df-qe-9-conjunto-g-1407160,3600,"CASA IMÓVEIS BRASÍLIA ALUGA CASA ACONCHEGANTE E PRÁTICA NO CORAÇÃO DO GUARÁ I!

Venha conhecer esta casa aconchegante ... 05/08/26",3 Quartos,N/A,N/A,5 Vagas,200 m²,Guará,https://img.dfimoveis.com.br/fotos/1407160/91f4002d7119d8cbab3b4529bcad1cfc.webp,['https://img.dfimoveis.com.br/fotos/1407160/91f4002d7119d8cbab3b4529bcad1cfc.webp'],Casa Imóveis Brasília,2026-08-30T15:07:25.614437
8f8422ca76bf,dfimoveis_1399549,"SQN 111 Bloco A, ASA NORTE, BRASILIA",/imovel/apartamento-4-quartos-aluguel-asa-norte-brasilia-df-sqn-111-bloco-a-1399549,8500,"TH7092 - Sqn 111 Asa Norte - Res. Residencial Borghese, Apartamento 04 quartos, 139m². Agende sua visita!  

Imóvel comp... 18/07/26",4 Quartos,2 Suítes,N/A,2 Vagas,139 m²,Asa Norte,https://img.dfimoveis.com.br/fotos/1399549/f0ac13e1fed692859f057fde9dad798c.webp,['https://img.dfimoveis.com.br/fotos/1399549/f0ac13e1fed692859f057fde9dad798c.webp'],Thaís Imobiliária,2026-08-30T15:07:25.617187
7c857ef571e0,dfimoveis_1417448,"SQS 106 Bloco E, ASA SUL, BRASILIA",/imovel/apartamento-2-quartos-aluguel-asa-sul-brasilia-df-sqs-106-bloco-e-1417448,6900,"Asa Sul, SQS 106 Bloco E. Apartamento nascente para locação!

Imóvel recém-reformado! Primeira locação após reforma.
Apa... 24/08/26",2 Quartos,1 Suíte,N/A,N/A,90 m²,Asa Sul,https://img.dfimoveis.com.br/fotos/1417448/51df3c0257318e503345ed154ba2a9d0.webp,['https://img.dfimoveis.com.br/fotos/1417448/51df3c0257318e503345ed154ba2a9d0.webp'],Êxito Premium,2026-08-30T15:07:25.620865
1892a53c502f,dfimoveis_1411278,"SQNW 110 Bloco I, NOROESTE, BRASILIA",/imovel/apartamento-3-quartos-aluguel-noroeste-brasilia-df-sqnw-110-bloco-i-1411278,8500,"Excelente localização próximo a comercio consolidado
Apartamento.
Composto de
Sala em 2 ambientes toda ,
3 qtos sendo um... 13/08/26",3 Quartos,1 Suíte,N/A,2 Vagas,110 m²,Noroeste,https://img.dfimoveis.com.br/fotos/1411278/f892575b07d49cf69003458fb35e0a95.webp,['https://img.dfimoveis.com.br/fotos/1411278/f892575b07d49cf69003458fb35e0a95.webp'],Sua Casa Imobiliária,2026-08-30T15:07:25.624605
082ad378c2b7,dfimoveis_1417413,"CA 05, LAGO NORTE, BRASILIA",/imovel/apartamento-2-quartos-aluguel-lago-norte-brasilia-df-ca-05-1417413,3990,"Conforto e praticidade no coração do Lago Norte: apartamento  semi-mobiliado de 2 quartos com vista livre nascente, loca... 24/08/26",2 Quartos,N/A,N/A,1 Vaga,57 m²,Lago Norte,https://img.dfimoveis.com.br/fotos/1417413/0e48a27aacedc98e6c6dae2f9b3013ef.webp,['https://img.dfimoveis.com.br/fotos/1417413/0e48a27aacedc98e6c6dae2f9b3013ef.webp'],GerciliOOliveira Transações Imobiliárias,2026-08-30T15:07:25.626792
97b5f5bca603,dfimoveis_1270205,"SQS 116, ASA SUL, BRASILIA",/imovel/apartamento-1-quarto-aluguel-asa-sul-brasilia-df-sqs-116-1270205,7000,"Situado em uma das quadras mais interessantes de Brasília, este apartamento oferece uma localização incomparável na Asa ... 03/12/25",1 Quarto,1 Suíte,N/A,1 Vaga,45 m²,Asa Sul,https://img.dfimoveis.com.br/fotos/1270205/3511185ceeeafd197609013166a296d9.webp,['https://img.dfimoveis.com.br/fotos/1270205/3511185ceeeafd197609013166a296d9.webp'],Curadoria de Imóveis,2026-08-30T15:07:25.629161
11a1dfe95f3e,dfimoveis_1407833,"SHS Quadra 06 Blocos A AO F Lote 01, ASA SUL, BRASILIA",/imovel/sala-0-quartos-aluguel-asa-sul-brasilia-df-shs-quadra-06-blocos-a-ao-f-lote-01-1407833,2995,"ALUGA-SE SALA COM 42 M2, DIVIDIDA, AR CONDICIONADO CENTRAL. TRATAR COM LAHIR (61)99987-9698. SALA FRENTE PARQUE DA CIDAD... 06/08/26",N/A,N/A,N/A,N/A,42 m²,Asa Sul,https://img.dfimoveis.com.br/fotos/1407833/1b4822a725bb556a8a83e631343744c7.webp,['https://img.dfimoveis.com.br/fotos/1407833/1b4822a725bb556a8a83e631343744c7.webp'],Lahir de Souza Luz,2026-08-30T15:07:25.631167
90cb8d71fa93,dfimoveis_1233041,"CSG 9, TAGUATINGA SUL, TAGUATINGA",/imovel/ponto-comercial-0-quartos-aluguel-taguatinga-sul-taguatinga-df-csg-9-1233041,65000,"Com área total de 2.883,27m², o galpão é dividido em 2.534,31m² de área térrea, 343,67m² de mezanino e 5,29m² de casa de... 25/09/25",N/A,N/A,N/A,N/A,2883 m²,Taguatinga,https://img.dfimoveis.com.br/fotos/1233041/d7c5fb09c93bb3285579852dd5aa5088.webp,['https://img.dfimoveis.com.br/fotos/1233041/d7c5fb09c93bb3285579852dd5aa5088.webp'],GRUPO JK,2026-08-30T15:07:25.633142
a71541b8f377,dfimoveis_1160474,"SCN Quadra 4 Bloco B, ASA NORTE, BRASILIA",/imovel/sala-0-quartos-aluguel-asa-norte-brasilia-df-scn-quadra-4-bloco-b-1160474,38600,"Ótima sala pétala inteira para locação situada no SCN Quadra 04 Bloco B  Centro Empresarial Varig.
Sala em vão livre com... 13/05/25",N/A,N/A,N/A,12 Vagas,776 m²,Asa Norte,https://img.dfimoveis.com.br/fotos/1160474/248ac7264b8e777b1e5b6be7ca41da7d.webp,['https://img.dfimoveis.com.br/fotos/1160474/248ac7264b8e777b1e5b6be7ca41da7d.webp'],Realiza Corretora de Seguros e Imóveis,2026-08-30T15:07:25.635255
f93bf43daf74,dfimoveis_1416703,"CLNW 8/9 Lote J, NOROESTE, BRASILIA",/imovel/apartamento-1-quarto-aluguel-noroeste-brasilia-df-clnw-8-9-lote-j-1416703,3800,"APARTAMENTO VENDA / LOCAÇÃO


Venha conhecer este lindo apartamento de 1 quarto, 1 sala, 1 banheiro, 1 vaga de garagem e... 23/08/26",1 Quarto,N/A,1,1 Vaga,42 m²,Noroeste,https://img.dfimoveis.com.br/fotos/1416703/3f1299c6c127fcbedc62cb4782aecb7f.webp,['https://img.dfimoveis.com.br/fotos/1416703/3f1299c6c127fcbedc62cb4782aecb7f.webp'],Inove Negócios ,2026-08-30T15:07:25.639014
8eb7f51c5688,dfimoveis_1397860,"CSG 3, TAGUATINGA SUL, TAGUATINGA",/imovel/apartamento-1-quarto-aluguel-taguatinga-sul-taguatinga-df-csg-3-1397860,3600,"ALUGUEL - Garden 56m/ 2 banheiros 

- 1 Qt/ suite 
- Escritório 
- Mobiliado 
- Reformado 
- Varanda gourmet 
- Ar cond... 17/07/26",1 Quarto,1 Suíte,2,1 Vaga,55 m²,Taguatinga,https://img.dfimoveis.com.br/fotos/1397860/26d87ffe1d40e052687dd7b75a296870.webp,['https://img.dfimoveis.com.br/fotos/1397860/26d87ffe1d40e052687dd7b75a296870.webp'],Bruno Novais,2026-08-30T15:07:25.641287
3299baf9a6c7,dfimoveis_1372299,"SCN Quadra 04 Bloco B, ASA NORTE, BRASILIA",/imovel/sala-0-quartos-aluguel-asa-norte-brasilia-df-scn-quadra-04-bloco-b-1372299,27500,"Ótima sala com amplos ambientes, com área em vão livre, recepção, 3 salas, copa, 2 banheiros privativos e banheiros cole... 23/06/26",N/A,N/A,2,8 Vagas,304 m²,Asa Norte,https://img.dfimoveis.com.br/fotos/1372299/46edca5ae1c3e5ac5f07bc4e66c65c4b.webp,['https://img.dfimoveis.com.br/fotos/1372299/46edca5ae1c3e5ac5f07bc4e66c65c4b.webp'],Realiza Corretora de Seguros e Imóveis,2026-08-30T15:07:25.643349
ec6ed15ceea2,dfimoveis_1281804,"Alameda dos Eucaliptos Quadra 107, NORTE, AGUAS CLARAS",/imovel/apartamento-1-quarto-aluguel-norte-aguas-claras-df-alameda-dos-eucaliptos-quadra-107-1281804,2050,"TH34232 - QD 107 Alameda dos Eucaliptos Águas Claras - Res. Conquest, Apartamento Mobiliado 01 quarto, 33m². Agende sua ... 31/12/25",1 Quarto,1 Suíte,N/A,1 Vaga,33 m²,Águas Claras,https://img.dfimoveis.com.br/fotos/1281804/2041cc17d1a98d37cc54f4df92ab7573.webp,['https://img.dfimoveis.com.br/fotos/1281804/2041cc17d1a98d37cc54f4df92ab7573.webp'],Thaís Imobiliária,2026-08-30T15:07:25.645505
646ca4530ce3,dfimoveis_1374928,"SHTN Trecho 2, ASA NORTE, BRASILIA",/imovel/apartamento-1-quarto-aluguel-asa-norte-brasilia-df-shtn-trecho-2-1374928,2750,"Descubra um aconchegante apartamento de 45m² localizado no coração da ASA NORTE, na SHTN Trecho 2, Brasilia. Ideal para ... 27/06/26",1 Quarto,N/A,N/A,1 Vaga,45 m²,Asa Norte,https://img.dfimoveis.com.br/fotos/1374928/a70e01255d22cea8867718a4493ae138.webp,['https://img.dfimoveis.com.br/fotos/1374928/a70e01255d22cea8867718a4493ae138.webp'],Serra Bonita Imóveis,2026-08-30T15:07:25.647639
f52e3271f222,dfimoveis_1243318,"Rua ALECRIM, SUL, AGUAS CLARAS",/imovel/galpo-0-quartos-aluguel-sul-aguas-claras-df-rua-alecrim-1243318,75000,"Laje Corporativa para Locação


Aluguel de espaço corporativo amplo, localizado no coração Aguas Claras, próximo Estação... 12/10/25",N/A,N/A,N/A,N/A,900 m²,Águas Claras,https://img.dfimoveis.com.br/fotos/1243318/77f8e14cbb6e9bce3a7d3af2076da40b.webp,['https://img.dfimoveis.com.br/fotos/1243318/77f8e14cbb6e9bce3a7d3af2076da40b.webp'],Inove Negócios ,2026-08-30T15:07:25.649630
0e7ff719208b,dfimoveis_1236872,"SCN Quadra 02 Bloco A, ASA NORTE, BRASILIA",/imovel/sala-0-quartos-aluguel-asa-norte-brasilia-df-scn-quadra-02-bloco-a-1236872,83720,"Conjunto de duas salas comerciais para venda ou locação, com 10 vagas de garagem

O Edifício Corporate Financial Center ... 01/10/25",N/A,N/A,N/A,10 Vagas,1034 m²,Asa Norte,https://img.dfimoveis.com.br/fotos/1236872/a56afe3caee3bb87d10bc4f693d41f64.webp,['https://img.dfimoveis.com.br/fotos/1236872/a56afe3caee3bb87d10bc4f693d41f64.webp'],Realiza Corretora de Seguros e Imóveis,2026-08-30T15:07:25.651727
989e8f05dd01,dfimoveis_1099679,"Rua 20, NORTE, AGUAS CLARAS",/imovel/apartamento-2-quartos-aluguel-norte-aguas-claras-df-rua-20-1099679,2800,"ALUGO APARTAMENTO  DE 2 QUARTOS  FRENTE PARA O PARQUE;  NASCENTE, ÚLTIMO ANDAR VISTA LIVRE PARA O PARQUE. COMPOSTO DE UM... 17/01/25",2 Quartos,N/A,N/A,1 Vaga,74 m²,Águas Claras,https://img.dfimoveis.com.br/fotos/1099679/e17bd995878639da308a9ab9690769ac.jpeg?format=webp,['https://img.dfimoveis.com.br/fotos/1099679/e17bd995878639da308a9ab9690769ac.jpeg?format=webp'],Eronita de Oliveira Vieira,2026-08-30T15:07:25.655216
b614ff9eaf76,dfimoveis_1376592,"SQS 302 Bloco H, ASA SUL, BRASILIA",/imovel/apartamento-3-quartos-aluguel-asa-sul-brasilia-df-sqs-302-bloco-h-1376592,7500,"Aluguel de Apartamento na SQS 302 Sul

Detalhes do Imóvel: Localização: SQS 302 Sul
Área: 115m²

Características do Imóv... 01/07/26",3 Quartos,1 Suíte,N/A,1 Vaga,115 m²,Asa Sul,https://img.dfimoveis.com.br/fotos/1376592/b4e25b8df865a5788e45cd3d839ac58b.webp,['https://img.dfimoveis.com.br/fotos/1376592/b4e25b8df865a5788e45cd3d839ac58b.webp'],Fort Imobi Soluções Imobiliárias,2026-08-30T15:07:25.657489
856546e25695,dfimoveis_1402528,"SQSW 301 Bloco H, SUDOESTE, BRASILIA",/imovel/apartamento-3-quartos-aluguel-sudoeste-brasilia-df-sqsw-301-bloco-h-1402528,8000,"Apartamento alto padrão no Sudoeste – Ed. Porto Royal 

Características do imóvel:
- Amplo living para 2 ambientes com p... 24/07/26",3 Quartos,1 Suíte,N/A,2 Vagas,110 m²,Sudoeste,https://img.dfimoveis.com.br/fotos/1402528/350e9d03c99ef09ccf94600c8ebb5468.webp,['https://img.dfimoveis.com.br/fotos/1402528/350e9d03c99ef09ccf94600c8ebb5468.webp'],Aldeia Imóveis,2026-08-30T15:07:25.659782
9a663124df90,dfimoveis_1339385,"SQNW 303, NOROESTE, BRASILIA",/imovel/apartamento-2-quartos-aluguel-noroeste-brasilia-df-sqnw-303-1339385,7500,".
....::: Residencial DEMARTINI :::....

É um empreendimento das linha PREMIUM da SOLTEC
Conforto e praticidade no iníci... 21/04/26",2 Quartos,1 Suíte,N/A,2 Vagas,77 m²,Noroeste,https://img.dfimoveis.com.br/fotos/1339385/7e8747f368ff4844d74cbf0ec961c5e5.webp,['https://img.dfimoveis.com.br/fotos/1339385/7e8747f368ff4844d74cbf0ec961c5e5.webp'],Inplanta Empreendimentos Imobiliários ,2026-08-30T15:07:25.661984
7f862a90b288,dfimoveis_207322,"SDS Bloco L Lote 30, ASA SUL, BRASILIA",/imovel/loja-0-quartos-aluguel-asa-sul-brasilia-df-sds-bloco-l-lote-30-207322,35000,2 amplos espaços com 580 m² cada (com possibilidade de união das unidades totalizando 1160 m2 de área total); banheiros ... 28/04/20,N/A,N/A,N/A,N/A,1000 m²,Asa Sul,https://img.dfimoveis.com.br/fotos/207322/f89ad1b718d00657fbed7267e6647b3b.jpg?format=webp,['https://img.dfimoveis.com.br/fotos/207322/f89ad1b718d00657fbed7267e6647b3b.jpg?format=webp'],Grupo Karim,2026-08-30T15:07:38.539431
23ccb76699d8,dfimoveis_1105962,"SCRN 706/707 Bloco G, ASA NORTE, BRASILIA",/imovel/ponto-comercial-0-quartos-aluguel-asa-norte-brasilia-df-scrn-706-707-bloco-g-1105962,7000,"LOCAÇÃO DE COBERTURA PARA INSTALAÇÃO DE ANTENAS DE TELEFONIA MÓVEL – BRASÍLIA/DF

Disponibilizamos para locação área na ... 31/01/25",N/A,N/A,N/A,N/A,150 m²,Asa Norte,https://img.dfimoveis.com.br/fotos/1105962/921b169cc748b1d71462e9a911c2b274.webp,['https://img.dfimoveis.com.br/fotos/1105962/921b169cc748b1d71462e9a911c2b274.webp'],LBC EMPREENDIMENTOS IMOBILIÁRIOS,2026-08-30T15:07:38.543907
d70cf0fffe06,dfimoveis_207360,"SIA Trecho 3, SIA, SETOR INDUSTRIAL",/imovel/prdio-0-quartos-aluguel-sia-setor-industrial-df-sia-trecho-3-207360,130000,"Imóvel ideal para atividades comerciais como concessionária de veículos (ex. Elétricos e à combustão); varejistas, indús... 28/04/20",N/A,N/A,N/A,1 Vaga,3968 m²,Setor Industrial,https://img.dfimoveis.com.br/fotos/207360/4e79eb6bcf1318ad89057a2e1d335a7e.jpg?format=webp,['https://img.dfimoveis.com.br/fotos/207360/4e79eb6bcf1318ad89057a2e1d335a7e.jpg?format=webp'],Grupo Karim,2026-08-30T15:07:38.549646
100150b01368,dfimoveis_1401629,"SIG Quadra 6, SIG, BRASILIA",/imovel/loja-0-quartos-aluguel-sig-brasilia-df-sig-quadra-6-1401629,4000,"VILLA153565 - Última atualização: 29/08/26 23:31
LOJA COMERCIAL COM 93m2 SIG QD.06 LOTE 1325, COM DIVISORIAS. 


Valor a... 23/07/26",N/A,N/A,N/A,N/A,93 m²,Outro,https://img.dfimoveis.com.br/fotos/1401629/4ff4cfe89c51a197bae453f425f86ded.webp,['https://img.dfimoveis.com.br/fotos/1401629/4ff4cfe89c51a197bae453f425f86ded.webp'],Bordalo PRIME Imobiliária ,2026-08-30T15:07:38.555615
fb75f4b8b0e1,dfimoveis_1372428,"Condomínio Village Alvorada I, JARDIM BOTANICO, BRASILIA",/imovel/casa-condominio-3-quartos-aluguel-jardim-botanico-brasilia-df-condominio-village-alvorada-i-1372428,7000,"CASA PARA LOCAÇÃO | 4 QUARTOS | VILLAGE ALVORADA I

Conforto, privacidade e excelente localização dentro do condomínio. ... 23/06/26",3 Quartos,1 Suíte,N/A,4 Vagas,400 m²,Jardim Botânico,https://img.dfimoveis.com.br/fotos/1372428/ff7d6f528e8896c15266e5329293323c.webp,['https://img.dfimoveis.com.br/fotos/1372428/ff7d6f528e8896c15266e5329293323c.webp'],Eduardo Lopes Corretor de Imóveis,2026-08-30T15:07:38.558843
2ac1eb685bc3,dfimoveis_1348543,"Rua 22, NORTE, AGUAS CLARAS",/imovel/apartamento-3-quartos-aluguel-norte-aguas-claras-df-rua-22-1348543,3500,"TH35142 - Rua 22 Norte Águas Claras Res. Villa Lorenza, Apartamento 03 quartos, 69m². Agende sua visita!  

Imóvel compo... 07/05/26",3 Quartos,1 Suíte,N/A,1 Vaga,69 m²,Águas Claras,https://img.dfimoveis.com.br/fotos/1348543/c336202a6acce85084d5782a18f7fce7.webp,['https://img.dfimoveis.com.br/fotos/1348543/c336202a6acce85084d5782a18f7fce7.webp'],Thaís Imobiliária,2026-08-30T15:07:38.562609
974ce99b8ef1,dfimoveis_1151358,"SIA Trecho 3, SIA, SETOR INDUSTRIAL",/imovel/loja-0-quartos-aluguel-sia-setor-industrial-df-sia-trecho-3-1151358,20188,"* Localização Premium
Sua loja num ponto estratégico! Traga sua marca para um espaço de alta visibilidade, com tráfego c... 28/04/25",N/A,N/A,N/A,N/A,367 m²,Setor Industrial,https://img.dfimoveis.com.br/fotos/1151358/974c7e092e566b40cc94541555d9b14f.webp,['https://img.dfimoveis.com.br/fotos/1151358/974c7e092e566b40cc94541555d9b14f.webp'],Construções ACNT ,2026-08-30T15:07:38.567034
bbfae346850c,dfimoveis_1413007,"SQNW 108 Bloco A, NOROESTE, BRASILIA",/imovel/apartamento-3-quartos-aluguel-noroeste-brasilia-df-sqnw-108-bloco-a-1413007,10900,"Descubra este apartamento espaçoso para alugar, localizado na prestigiada região do Setor Noroeste, em Brasília. Com uma... 17/08/26",3 Quartos,1 Suíte,N/A,3 Vagas,126 m²,Noroeste,https://img.dfimoveis.com.br/fotos/1413007/ea4aa885305092be79cdf13b30e4ff2a.webp,['https://img.dfimoveis.com.br/fotos/1413007/ea4aa885305092be79cdf13b30e4ff2a.webp'],Fernando Vasconcelos Imóveis,2026-08-30T15:07:38.570621
6c79eb680b86,dfimoveis_1329079,"QE 13 Conjunto H, GUARA II, GUARA",/imovel/loja-0-quartos-aluguel-guara-ii-guara-df-qe-13-conjunto-h-1329079,6500,"TH34919 - Qe 13 Guará, Ótima Loja, 28m². Agende sua visita!  

Ótima loja com 28,90m², em vão livre, oferecendo versatil... 02/04/26",N/A,N/A,N/A,N/A,28 m²,Guará,https://img.dfimoveis.com.br/fotos/1329079/9490563207df2108baad8fa80efbcf80.webp,['https://img.dfimoveis.com.br/fotos/1329079/9490563207df2108baad8fa80efbcf80.webp'],Thaís Imobiliária,2026-08-30T15:07:38.574392
a7e8f754a6e6,dfimoveis_1415734,"Rua 25, SUL, AGUAS CLARAS",/imovel/apartamento-4-quartos-aluguel-sul-aguas-claras-df-rua-25-1415734,6200,"LE CIEL - EXCLUSIVO -
Conforto, sofisticação e lazer completo em uma localização privilegiada!

Este excelente apartamen... 20/08/26",4 Quartos,4 Suítes,N/A,2 Vagas,150 m²,Águas Claras,https://img.dfimoveis.com.br/fotos/1415734/63838f3f77c3bd486a4e10494eb611e0.webp,['https://img.dfimoveis.com.br/fotos/1415734/63838f3f77c3bd486a4e10494eb611e0.webp'],Hemerson Rodrigues Silva,2026-08-30T15:07:38.578782
be78cfbaf325,dfimoveis_1092696,"CSG 3, TAGUATINGA SUL, TAGUATINGA",/imovel/apartamento-1-quarto-aluguel-taguatinga-sul-taguatinga-df-csg-3-1092696,2600,"*******APARTAMENTO GARDEN EXCLUSIVO****** 

____________CONDOMÍNIO CLUBE COM SERVIÇOS ... 01/01/25",1 Quarto,1 Suíte,N/A,1 Vaga,74 m²,Taguatinga,https://img.dfimoveis.com.br/fotos/1092696/52367ada8cd229c62aa25a737eb5a490.webp,['https://img.dfimoveis.com.br/fotos/1092696/52367ada8cd229c62aa25a737eb5a490.webp'],Gilmara Cristina,2026-08-30T15:07:38.582334
e8638801d318,dfimoveis_1413479,"Avenida Parque Águas Claras, SUL, AGUAS CLARAS",/imovel/apartamento-3-quartos-aluguel-sul-aguas-claras-df-avenida-parque-aguas-claras-1413479,3800,"Imóvel completo, mobiliado e pronto para morar!

 Sala com armário, sofá, rack, painel com TV, mesa e cadeiras.
 03 quar... 18/08/26",3 Quartos,2 Suítes,N/A,1 Vaga,70 m²,Águas Claras,https://img.dfimoveis.com.br/fotos/1413479/66d37dcd7a528fb82216e7244f1d16a9.webp,['https://img.dfimoveis.com.br/fotos/1413479/66d37dcd7a528fb82216e7244f1d16a9.webp'],Alpha Brasilia Administradora de Imóveis,2026-08-30T15:07:38.586233
208a168cdf81,dfimoveis_993784,"Avenida Parque Águas Claras, NORTE, AGUAS CLARAS",/imovel/apartamento-1-quarto-aluguel-norte-aguas-claras-df-avenida-parque-aguas-claras-993784,1800,"TRG Imobiliária ALUGA

Excelente apartamento no Residencial Madison em Águas Claras (DF).
O imóvel possui 27m² distribuí... 19/06/24",1 Quarto,1 Suíte,N/A,1 Vaga,27 m²,Águas Claras,https://img.dfimoveis.com.br/fotos/993784/4dd64fc3923719a093a1fbb73ce112b7.jpg?format=webp,['https://img.dfimoveis.com.br/fotos/993784/4dd64fc3923719a093a1fbb73ce112b7.jpg?format=webp'],TRG imobiliária ,2026-08-30T15:07:38.593492
c929e76e3e51,dfimoveis_186726,"SQN 316 Bloco C, ASA NORTE, BRASILIA",/imovel/apartamento-3-quartos-aluguel-asa-norte-brasilia-df-sqn-316-bloco-c-186726,5300,"- Valor Líquido do aluguel: R$ 5.400,00 acrescido do IBS+CBS; 
- Excelente localização - Fácil acesso ao Eixo Rodoviário... 07/01/20",3 Quartos,1 Suíte,N/A,1 Vaga,100 m²,Asa Norte,https://img.dfimoveis.com.br/fotos/186726/32f9d8c08ba71a47da405ccdcdb2b961.webp,['https://img.dfimoveis.com.br/fotos/186726/32f9d8c08ba71a47da405ccdcdb2b961.webp'],Fernando Vasconcelos Imóveis,2026-08-30T15:07:38.596441
b6787b34ee5a,dfimoveis_190100,"SRTVN Bloco C Conjunto, ASA NORTE, BRASILIA",/imovel/sala-0-quartos-aluguel-asa-norte-brasilia-df-srtvn-bloco-c-conjunto-190100,5000,"Excelente conjunto comercial localizado em um dos endereços mais valorizados da Asa Norte, no tradicional Centro Empresa... 24/01/20",N/A,N/A,N/A,1 Vaga,99 m²,Asa Norte,https://img.dfimoveis.com.br/fotos/190100/890e57f9614631252a9e6d26d972a66e.webp,['https://img.dfimoveis.com.br/fotos/190100/890e57f9614631252a9e6d26d972a66e.webp'],Êxito Netimóveis,2026-08-30T15:07:38.598815
dc23a75b441a,dfimoveis_1370768,"QI 8, SETOR INDUSTRIAL, TAGUATINGA",/imovel/lote-terreno-rea-0-quartos-aluguel-setor-industrial-taguatinga-df-qi-8-1370768,6500,"Excelente oportunidade para empresas que necessitam de área aberta para expansão, armazenagem ou operação.
Característic... 19/06/26",N/A,N/A,N/A,N/A,700 m²,Taguatinga,https://img.dfimoveis.com.br/fotos/1370768/760e6538d5e7d83cfcc994e617b129f5.webp,['https://img.dfimoveis.com.br/fotos/1370768/760e6538d5e7d83cfcc994e617b129f5.webp'],Azevedo Imóveis,2026-08-30T15:07:38.601204
9f060c082a56,dfimoveis_1381260,"Área Especial 02, SETOR CENTRAL, VILA ESTRUTURAL",/imovel/galpo-0-quartos-aluguel-setor-central-vila-estrutural-df-area-especial-02-1381260,4000,"GALPÃO COM 300 M². PÉ DIREITO 6 METROS, 2 WC, + UM PARA BANHO, GALPÃO NOVO 2026, LOCALIZAÇÃO PRIVILEGIADA;
Excelente ilu... 08/07/26",N/A,N/A,N/A,N/A,100 m²,Outro,https://img.dfimoveis.com.br/fotos/1381260/fd5e53d8d2f5fa104de8e2b55a0a0c32.webp,['https://img.dfimoveis.com.br/fotos/1381260/fd5e53d8d2f5fa104de8e2b55a0a0c32.webp'],Realiza Imóveis ,2026-08-30T15:07:38.605031
e4c5388702ef,dfimoveis_1026296,"SQNW 108, NOROESTE, BRASILIA",/imovel/apartamento-2-quartos-aluguel-noroeste-brasilia-df-sqnw-108-1026296,6800,"VILLA150140 - Última atualização: 29/08/26 23:31
DESOCUPADO

CÓDIGOVILLA150140

Bordalo PRIME aluga apartamento no SQNW ... 21/08/24",2 Quartos,1 Suíte,N/A,1 Vaga,83 m²,Noroeste,https://img.dfimoveis.com.br/fotos/1026296/2fe5c9dbe8d565c1e04f2e0beb4e47d2.jpg?format=webp,['https://img.dfimoveis.com.br/fotos/1026296/2fe5c9dbe8d565c1e04f2e0beb4e47d2.jpg?format=webp'],Bordalo PRIME Imobiliária ,2026-08-30T15:07:38.609163
d4c9f5585cf4,dfimoveis_1335828,"SQNW 309 Bloco F, NOROESTE, BRASILIA",/imovel/apartamento-3-quartos-aluguel-noroeste-brasilia-df-sqnw-309-bloco-f-1335828,12500,"Royal Premium aluga um ótimo apartamento no Noroeste, mobiliado, vazado e diferenciado. Por quê? Porque foi totalmente r... 14/04/26",3 Quartos,1 Suíte,N/A,N/A,150 m²,Noroeste,https://img.dfimoveis.com.br/fotos/1335828/ac4f52befa45a86b415ac559895da0d9.webp,['https://img.dfimoveis.com.br/fotos/1335828/ac4f52befa45a86b415ac559895da0d9.webp'],Royal Premium ,2026-08-30T15:07:38.612591
d40916d025e0,dfimoveis_1350660,"SCN Quadra 1 Bloco D, ASA NORTE, BRASILIA",/imovel/sala-0-quartos-aluguel-asa-norte-brasilia-df-scn-quadra-1-bloco-d-1350660,98000,"Seu novo escritório no centro estratégico de Brasília.

No Ed. Vega, no SCN, sua empresa conquista mais do que um endere... 12/05/26",N/A,N/A,N/A,N/A,1300 m²,Asa Norte,https://img.dfimoveis.com.br/fotos/1350660/37681c804baf3a12149a962d5e027dbf.webp,['https://img.dfimoveis.com.br/fotos/1350660/37681c804baf3a12149a962d5e027dbf.webp'],José Martins Soluções Desenvolvimento Imobiliário,2026-08-30T15:07:38.634878
9ee2907d2b46,dfimoveis_1419350,"Quadra 101, NORTE, AGUAS CLARAS",/imovel/apartamento-3-quartos-aluguel-norte-aguas-claras-df-quadra-101-1419350,8900,"MIRANTE PRAÇA TIE QUADRA 101 - Águas Claras

Excelente apto alto padrão de 3 quartos, com muitos armários e AR CONDICION... 27/08/26",3 Quartos,1 Suíte,N/A,3 Vagas,163 m²,Águas Claras,https://img.dfimoveis.com.br/fotos/1419350/4fa2388d9a4778426b15afe29ffc1da2.webp,['https://img.dfimoveis.com.br/fotos/1419350/4fa2388d9a4778426b15afe29ffc1da2.webp'],GCAN Soluções Imobiliários,2026-08-30T15:07:38.638651
29f9b2339142,dfimoveis_1329180,"SHCGN 703 Bloco S, ASA NORTE, BRASILIA",/imovel/apartamento-1-quarto-aluguel-asa-norte-brasilia-df-shcgn-703-bloco-s-1329180,3840,"Viva o melhor no coração da Asa Norte ! 
Aproveite essa oportunidade e seja a segunda pessoa a morar nesse linda cobertu... 02/04/26",1 Quarto,1 Suíte,N/A,1 Vaga,42 m²,Asa Norte,https://img.dfimoveis.com.br/fotos/1329180/3a00f344f203d9fb87b9ddc130522d48.webp,['https://img.dfimoveis.com.br/fotos/1329180/3a00f344f203d9fb87b9ddc130522d48.webp'],Joaquim Cândido Imóveis,2026-08-30T15:07:38.642296
bef72b0e8919,dfimoveis_1403316,"SQS 410, ASA SUL, BRASILIA",/imovel/apartamento-1-quarto-aluguel-asa-sul-brasilia-df-sqs-410-1403316,6000,"*** DISPÓNIVEL EM 1 DE SETEMBRO DE 2026***

Descubra um lindo apartamento de 72 m2, completamente  mobiliado e reformado... 27/07/26",1 Quarto,1 Suíte,N/A,N/A,72 m²,Asa Sul,https://img.dfimoveis.com.br/fotos/1403316/da4c73f444993bed98bd85a57987a8b5.webp,['https://img.dfimoveis.com.br/fotos/1403316/da4c73f444993bed98bd85a57987a8b5.webp'],Curadoria de Imóveis,2026-08-30T15:07:38.645501
bda96593a626,dfimoveis_1251700,"Condomínio Le Jardin, JARDIM BOTANICO, BRASILIA",/imovel/casa-condominio-4-quartos-aluguel-jardim-botanico-brasilia-df-condominio-le-jardin-1251700,8000,"Descubra uma residência moderna e exclusiva no Condomínio Le Jardin, localizado no coração do Jardim Botânico, Brasília.... 28/10/25",4 Quartos,3 Suítes,N/A,1 Vaga,287 m²,Jardim Botânico,https://img.dfimoveis.com.br/fotos/1251700/5bc13244da23153ee57aa3e93286c073.webp,['https://img.dfimoveis.com.br/fotos/1251700/5bc13244da23153ee57aa3e93286c073.webp'],Leandro Silva,2026-08-30T15:07:38.647931
774e399f1372,dfimoveis_1156035,"SCN Quadra 2, ASA NORTE, BRASILIA",/imovel/sala-0-quartos-aluguel-asa-norte-brasilia-df-scn-quadra-2-1156035,3800,SCN Quadra 02 - 2 salas comerciais interligadas com 2 Vagas de garagem - Shopping Liberty Mall - Asa Norte - Brasília DF... 06/05/25,N/A,N/A,N/A,N/A,66 m²,Asa Norte,https://img.dfimoveis.com.br/fotos/1156035/34e446e9fec912a61d4fed2e5cacf534.webp,['https://img.dfimoveis.com.br/fotos/1156035/34e446e9fec912a61d4fed2e5cacf534.webp'],Coemi Imóveis ,2026-08-30T15:07:38.649890
606850d1bd73,dfimoveis_1418045,"Avenida Sibipiruna, SUL, AGUAS CLARAS",/imovel/apartamento-1-quarto-aluguel-sul-aguas-claras-df-avenida-sibipiruna-1418045,3280,"Avenida Sibipiruna, em Aguas Claras, DF. Residencial Smart Residence Service, um apartamento de 1 quarto com acabamento ... 25/08/26",1 Quarto,N/A,N/A,1 Vaga,45 m²,Águas Claras,https://img.dfimoveis.com.br/fotos/1418045/62b539f01ab4ef29f221992554c6a435.webp,['https://img.dfimoveis.com.br/fotos/1418045/62b539f01ab4ef29f221992554c6a435.webp'],Brasília Imóveis,2026-08-30T15:07:38.652637
79c32057742a,dfimoveis_1418157,"Rua 27, NORTE, AGUAS CLARAS",/imovel/apartamento-2-quartos-aluguel-norte-aguas-claras-df-rua-27-1418157,5800,"Square Garden Home & Mall - Rua 27 Norte
UM APARTAMENTO PENSADO PARA VIVER BEM

Se você procura um imóvel moderno, confo... 25/08/26",2 Quartos,2 Suítes,N/A,2 Vagas,112 m²,Águas Claras,https://img.dfimoveis.com.br/fotos/1418157/66930f62a4692aa2072dbdbdc0243fb2.webp,['https://img.dfimoveis.com.br/fotos/1418157/66930f62a4692aa2072dbdbdc0243fb2.webp'],Hemerson Rodrigues Silva,2026-08-30T15:07:38.654988
af60cae676fb,dfimoveis_1064387,"SAUS Quadra 06 Bloco J, ASA SUL, BRASILIA",/imovel/prdio-0-quartos-aluguel-asa-sul-brasilia-df-saus-quadra-06-bloco-j-1064387,25000,"Laje corporativa comercial de 440m² para locação no coração de Brasília-DF, na Asa Sul. Venha confer
Venha conferir as i... 25/10/24",N/A,N/A,N/A,N/A,440 m²,Asa Sul,https://img.dfimoveis.com.br/fotos/1064387/b2d24609d67d293136f839f3f3eb0e62.jpg?format=webp,['https://img.dfimoveis.com.br/fotos/1064387/b2d24609d67d293136f839f3f3eb0e62.jpg?format=webp'],Rodrigo de Paulo Corretor de Imóveis,2026-08-30T15:07:38.657017
dc242ea96fab,dfimoveis_1302973,"Condomínio Le Jardin, JARDIM BOTANICO, BRASILIA",/imovel/casa-condominio-3-quartos-aluguel-jardim-botanico-brasilia-df-condominio-le-jardin-1302973,7200,"ALUGUEL/VENDA

Casa Térrea no Condomínio Le Jardin I - Jardim Botânico.
Esta residência nova, situada em condomínio regu... 12/02/26",3 Quartos,1 Suíte,N/A,4 Vagas,168 m²,Jardim Botânico,https://img.dfimoveis.com.br/fotos/1302973/0b0cc9762b7601bd2882d93aab558aad.webp,['https://img.dfimoveis.com.br/fotos/1302973/0b0cc9762b7601bd2882d93aab558aad.webp'], 3A imobiliária Dalmo&Dailton,2026-08-30T15:07:38.659338
c174a7d4d3a0,dfimoveis_1330780,"SQSW 306 Bloco E, SUDOESTE, BRASILIA",/imovel/apartamento-3-quartos-aluguel-sudoeste-brasilia-df-sqsw-306-bloco-e-1330780,7500,"KONTÁ IMÓVEIS: Perto do que importa, perto de você!

DIA e HORÁRIO para agendamento das visitas: segunda à sexta, das 9h... 08/04/26",3 Quartos,1 Suíte,N/A,1 Vaga,94 m²,Sudoeste,https://img.dfimoveis.com.br/fotos/1330780/544988668b005e917ca41d6c8b1227d6.webp,['https://img.dfimoveis.com.br/fotos/1330780/544988668b005e917ca41d6c8b1227d6.webp'],Kontá Imóveis ,2026-08-30T15:07:38.662342
43f4ad12b400,dfimoveis_929177,"Agrícola Águas Claras Chacará 50, GUARA I, GUARA",/imovel/apartamento-3-quartos-aluguel-guara-i-guara-df-agricola-aguas-claras-chacara-50-929177,2400,"GUARAPARK - APARTAMENTÃO NOVO - aproximadamente 90M2; - COM AR CONDICIONADO;

CAAC - CH. 50 - COMERCIAL FASANO!!

- APAR... 01/03/24",3 Quartos,N/A,N/A,N/A,90 m²,Águas Claras,https://img.dfimoveis.com.br/fotos/929177/4452b4066dabc9ffd19f7794c1c23d1d.jpg?format=webp,['https://img.dfimoveis.com.br/fotos/929177/4452b4066dabc9ffd19f7794c1c23d1d.jpg?format=webp'],F. Freire - Corretor,2026-08-30T15:07:51.121257
779c7aac0b57,dfimoveis_1375480,"SETOR DE MANSOES IAPI, GUARA II, GUARA",/imovel/casa-4-quartos-aluguel-guara-ii-guara-df-setor-de-mansoes-iapi-1375480,10990,"Localização:
Localização privilegiada
Saída rápida para a EPNB, EPGU E EPAR

Imóvel:
Sobrado com 5 quartos sendo 4 suíte... 30/06/26",5 Quartos,4 Suítes,N/A,6 Vagas,500 m²,Guará,https://img.dfimoveis.com.br/fotos/1375480/aaa3a5fcdf93e54bbb107b68471ab89d.webp,['https://img.dfimoveis.com.br/fotos/1375480/aaa3a5fcdf93e54bbb107b68471ab89d.webp'],N&G Assessoria Imobiliária,2026-08-30T15:07:51.123971
409867d563b6,dfimoveis_1365562,"Condomínio Solar de Brasília, JARDIM BOTANICO, BRASILIA",/imovel/casa-condominio-3-quartos-aluguel-jardim-botanico-brasilia-df-condominio-solar-de-brasilia-1365562,11000,"Alugo casa no solar de Brasília quadra 2.

Descrição:

- 1º Piso:
- Ampla sala;
- Lavabo;
- Uma suíte;
- Copa cozinha pl... 08/06/26",3 Quartos,3 Suítes,N/A,4 Vagas,320 m²,Jardim Botânico,https://img.dfimoveis.com.br/fotos/1365562/450d2182101ef56867fe73f880baa2e7.webp,['https://img.dfimoveis.com.br/fotos/1365562/450d2182101ef56867fe73f880baa2e7.webp'],Luciano Imóveis,2026-08-30T15:07:51.126289
63d6a88413c4,dfimoveis_1141598,"SCS Quadra 6, ASA SUL, BRASILIA",/imovel/loja-0-quartos-aluguel-asa-sul-brasilia-df-scs-quadra-6-1141598,4000,"SCS QD 06 BL A LOJA 01  ED. PRESIDENTE


DESTAQUE: Localização privilegiada no Setor Comercial Sul, com bancos, restaura... 09/04/25",N/A,N/A,N/A,N/A,90 m²,Asa Sul,https://img.dfimoveis.com.br/fotos/1141598/801cf6237f8444a972ecf88cfb5b7e0c.jpg?format=webp,['https://img.dfimoveis.com.br/fotos/1141598/801cf6237f8444a972ecf88cfb5b7e0c.jpg?format=webp'],SPR Imóveis,2026-08-30T15:07:51.128243
87a6d966b773,dfimoveis_1270250,"SHLS, ASA SUL, BRASILIA",/imovel/loja-0-quartos-aluguel-asa-sul-brasilia-df-shls-1270250,12490,"Asa Sul, Setor Hospitalar Sul, SHLS 716 Bloco J. Loja com térreo e subsolo para locação!

Excelente loja com térreo e su... 03/12/25",N/A,N/A,N/A,N/A,187 m²,Asa Sul,https://img.dfimoveis.com.br/fotos/1270250/d17ee9c39cbd316d6159c5aa020fa737.webp,['https://img.dfimoveis.com.br/fotos/1270250/d17ee9c39cbd316d6159c5aa020fa737.webp'],Êxito Premium,2026-08-30T15:07:51.130220
21218100639a,dfimoveis_1407515,"SQS 404 Bloco R, ASA SUL, BRASILIA",/imovel/apartamento-1-quarto-aluguel-asa-sul-brasilia-df-sqs-404-bloco-r-1407515,3000,Você está procurando um apartamento de qualidade para alugar na Asa Sul? Então você precisa conferir este primoroso apar... 06/08/26,1 Quarto,N/A,N/A,N/A,30 m²,Asa Sul,https://img.dfimoveis.com.br/fotos/1407515/9bb5087ac7050dbf1ddb7f5c62242b74.webp,['https://img.dfimoveis.com.br/fotos/1407515/9bb5087ac7050dbf1ddb7f5c62242b74.webp'],Coelho Imóveis Consultoria Prime,2026-08-30T15:07:51.133031
599be13cc4d8,dfimoveis_1410362,"SQN 215 Bloco H, ASA NORTE, BRASILIA",/imovel/apartamento-3-quartos-aluguel-asa-norte-brasilia-df-sqn-215-bloco-h-1410362,6000,"APARTAMENTO VAZADO COM VARANDA, VISTA LIVRE E GARAGEM ? EXCELENTE LOCALIZAÇÃO
More com conforto, segurança e qualidade d... 12/08/26",3 Quartos,1 Suíte,N/A,1 Vaga,127 m²,Asa Norte,https://img.dfimoveis.com.br/fotos/1410362/5a8a529472ba38ef967e4c4f6826c167.webp,['https://img.dfimoveis.com.br/fotos/1410362/5a8a529472ba38ef967e4c4f6826c167.webp'],APGRIOBRANCO imóveis,2026-08-30T15:07:51.136985
ea010b18f52e,dfimoveis_1409004,"Rua 31, SUL, AGUAS CLARAS",/imovel/apartamento-2-quartos-aluguel-sul-aguas-claras-df-rua-31-1409004,4500,"Exclusividade e requinte: Apartamento de alto padrão, mobiliado em Águas Claras
 
Se você busca conforto, modernidade e ... 09/08/26",2 Quartos,1 Suíte,N/A,2 Vagas,64 m²,Águas Claras,https://img.dfimoveis.com.br/fotos/1409004/df4774dd69f0cf58fd57a8e7e44d8acc.webp,['https://img.dfimoveis.com.br/fotos/1409004/df4774dd69f0cf58fd57a8e7e44d8acc.webp'],Agropar Netimóveis ,2026-08-30T15:07:51.139881
448660603884,dfimoveis_256716,"SRTVS, ASA SUL, BRASILIA",/imovel/sala-0-quartos-aluguel-asa-sul-brasilia-df-srtvs-256716,1100,"Locação Sala Comercial Ed. Multiempresarial (396) - Srtvs - Asa Sul

Top Line Imóveis exclusivos para clientes exigentes... 29/10/20",N/A,N/A,N/A,N/A,30 m²,Asa Sul,https://img.dfimoveis.com.br/fotos/256716/35d96dfa056e6a85e45e7d8c1bfe9f5e.jpg?format=webp,['https://img.dfimoveis.com.br/fotos/256716/35d96dfa056e6a85e45e7d8c1bfe9f5e.jpg?format=webp'],Top line,2026-08-30T15:07:51.141858
2e891412a675,dfimoveis_53534,"EQRSW 2/3, SUDOESTE, BRASILIA",/imovel/kitnet-1-quarto-aluguel-sudoeste-brasilia-df-eqrsw-2-3-53534,2000,"Excelente kitinete 311 composta de sala, quarto, copa com armário sob a pia, banheiro social com box em vidro 8mm, piso ... 29/11/17",1 Quarto,N/A,N/A,N/A,28 m²,Sudoeste,https://img.dfimoveis.com.br/fotos/53534/5ea740352a0fee4ff5a4f609c1dab331.jpg?format=webp,['https://img.dfimoveis.com.br/fotos/53534/5ea740352a0fee4ff5a4f609c1dab331.jpg?format=webp'],Luiz Claudio Emp Imob,2026-08-30T15:07:51.144124
888097bd6f6c,dfimoveis_1406309,"QMSW 6, SUDOESTE, BRASILIA",/imovel/apartamento-1-quarto-aluguel-sudoeste-brasilia-df-qmsw-6-1406309,2300,Aluguel sem fiador alugue com cartão de crédito. (Obs: Sujeito a análise de crédito). Você encontrou o apartamento que p... 04/08/26,1 Quarto,N/A,N/A,1 Vaga,32 m²,Sudoeste,https://img.dfimoveis.com.br/fotos/1406309/f936bdc67a639650533228be8902614b.webp,['https://img.dfimoveis.com.br/fotos/1406309/f936bdc67a639650533228be8902614b.webp'],Grupo Saad,2026-08-30T15:07:51.147367
c48d396f363d,dfimoveis_1370767,"CRS 513, ASA SUL, BRASILIA",/imovel/ponto-comercial-0-quartos-aluguel-asa-sul-brasilia-df-crs-513-1370767,30000,"Espaço ideal para instituições de ensino, empresas e operações corporativas.

Imóvel amplo com excelente localização e i... 19/06/26",N/A,N/A,N/A,N/A,1461 m²,Asa Sul,https://img.dfimoveis.com.br/fotos/1370767/41aed233f539616c82b99bc2874393a2.webp,['https://img.dfimoveis.com.br/fotos/1370767/41aed233f539616c82b99bc2874393a2.webp'],Azevedo Imóveis,2026-08-30T15:07:51.149568
0ebb509e5910,dfimoveis_1345165,"SHN Quadra 1, ASA NORTE, BRASILIA",/imovel/hotel-flat-1-quarto-aluguel-asa-norte-brasilia-df-shn-quadra-1-1345165,3500,"TH35102 - Shn Qd 01 Asa Norte, Ótimo Flat, 27m². Agende sua visita!  

Imóvel composto por quarto com armários com espel... 30/04/26",1 Quarto,N/A,N/A,N/A,27 m²,Asa Norte,https://img.dfimoveis.com.br/fotos/1345165/227058337f1c63bb8e0640f93bbdfe12.webp,['https://img.dfimoveis.com.br/fotos/1345165/227058337f1c63bb8e0640f93bbdfe12.webp'],Thaís Imobiliária,2026-08-30T15:07:51.151903
91860cb6785e,dfimoveis_207050,"CL 413 Bloco B, SANTA MARIA, SANTA MARIA",/imovel/lote-terreno-rea-0-quartos-aluguel-santa-maria-santa-maria-df-cl-413-bloco-b-207050,29000,"Ideal para: instalação de parques industriais, centros de distribuição e outras atividades comerciais e/ou industriais. 27/04/20",N/A,N/A,N/A,N/A,4000 m²,Santa Maria,https://img.dfimoveis.com.br/fotos/207050/ed78d41d653b5741e8c5d455858e6493.jpg?format=webp,['https://img.dfimoveis.com.br/fotos/207050/ed78d41d653b5741e8c5d455858e6493.jpg?format=webp'],Grupo Karim,2026-08-30T15:07:51.155920
69607286a650,dfimoveis_860244,"SCES Trecho 4, ASA SUL, BRASILIA",/imovel/apartamento-1-quarto-aluguel-asa-sul-brasilia-df-sces-trecho-4-860244,6900,"Frontal piscina, linda vista para o lago — raridade no condomínio!

Condomínio e IPTU incluso no valor do aluguel. 

Uni... 27/10/23",1 Quarto,1 Suíte,N/A,N/A,64 m²,Asa Sul,https://img.dfimoveis.com.br/fotos/860244/cff91b0e9e33edd763e8fc3c3bc24807.jpg?format=webp,['https://img.dfimoveis.com.br/fotos/860244/cff91b0e9e33edd763e8fc3c3bc24807.jpg?format=webp'],João Gabriel Pereira,2026-08-30T15:07:51.159625
772c6eaa9a10,dfimoveis_1397845,"SQN 402 Bloco N, ASA NORTE, BRASILIA",/imovel/apartamento-1-quarto-aluguel-asa-norte-brasilia-df-sqn-402-bloco-n-1397845,4999,"TRG imobiliária aluga :
Linda unidade no residencial lótus kasa

Excelente localização! 
SHCN SQN 402 BL M - Asa Norte, ... 16/07/26",1 Quarto,1 Suíte,N/A,1 Vaga,40 m²,Asa Norte,https://img.dfimoveis.com.br/fotos/1397845/1bb5ab4089db6217100aa3b625808910.webp,['https://img.dfimoveis.com.br/fotos/1397845/1bb5ab4089db6217100aa3b625808910.webp'],TRG imobiliária ,2026-08-30T15:07:51.162361
ee35e31ed11c,dfimoveis_1361060,"Avenida das Castanheiras, NORTE, AGUAS CLARAS",/imovel/galpo-0-quartos-aluguel-norte-aguas-claras-df-avenida-das-castanheiras-1361060,7000,"FELICITTA SHOPPING


LOJA PARA LOCAÇÃO

Vagas de estacionamento 165 vagas 
Inaugurado em 2009
Fluxo mensal 340 mil pesso... 30/05/26",N/A,N/A,N/A,N/A,57 m²,Águas Claras,https://img.dfimoveis.com.br/fotos/1361060/ab9c7530a4ae5bcca2d182aa57fdfcf4.webp,['https://img.dfimoveis.com.br/fotos/1361060/ab9c7530a4ae5bcca2d182aa57fdfcf4.webp'],Inove Negócios ,2026-08-30T15:07:51.164395
4236295ae6c0,dfimoveis_1400580,"Rua DAS PITANGUEIRAS, SUL, AGUAS CLARAS",/imovel/apartamento-1-quarto-aluguel-sul-aguas-claras-df-rua-das-pitangueiras-1400580,4250,"DUPLEX MOBILIADO | 70m² | 1 SUÍTE COM CLOSET | PRÓXIMO AO METRÔ ARNIQUEIRAS

Praticidade, conforto e mobilidade em um só... 21/07/26",1 Quarto,1 Suíte,N/A,1 Vaga,70 m²,Águas Claras,https://img.dfimoveis.com.br/fotos/1400580/fed352f29600caf087cf946c02a55644.webp,['https://img.dfimoveis.com.br/fotos/1400580/fed352f29600caf087cf946c02a55644.webp'],Blend Imobiliária,2026-08-30T15:07:51.166523
e4e238099a08,dfimoveis_1171424,"SAUS Quadra 05 Bloco N Lote 02, ASA SUL, BRASILIA",/imovel/loja-0-quartos-aluguel-asa-sul-brasilia-df-saus-quadra-05-bloco-n-lote-02-1171424,3000,"Oportunidade Comercial Exclusiva no Centro de Brasília.

Apresentamos um espaço comercial no Edifício OAB, estrategicame... 28/05/25",N/A,N/A,N/A,N/A,185 m²,Asa Sul,https://img.dfimoveis.com.br/fotos/1171424/34a13a6ce62d142eeca2bf4d58f54a99.webp,['https://img.dfimoveis.com.br/fotos/1171424/34a13a6ce62d142eeca2bf4d58f54a99.webp'],Joaquim Cândido Imóveis,2026-08-30T15:07:51.168465
03e215474a32,dfimoveis_1233037,"QNA 16, TAGUATINGA NORTE, TAGUATINGA",/imovel/sala-0-quartos-aluguel-taguatinga-norte-taguatinga-df-qna-16-1233037,10900,"Com ótima iluminação natural e layout adaptável, essa sala comercial no 4º andar é perfeita para escritórios, consultóri... 25/09/25",N/A,N/A,N/A,N/A,460 m²,Taguatinga,https://img.dfimoveis.com.br/fotos/1233037/e1c3ee1149879c8683dd2f77d75f6140.webp,['https://img.dfimoveis.com.br/fotos/1233037/e1c3ee1149879c8683dd2f77d75f6140.webp'],GRUPO JK,2026-08-30T15:07:51.171667
93ba0cf843f0,dfimoveis_1399459,"Rua 21, SUL, AGUAS CLARAS",/imovel/apartamento-3-quartos-aluguel-sul-aguas-claras-df-rua-21-1399459,4250,"More com conforto e praticidade em um dos endereços mais desejados de Águas Claras. 

Localizado na Rua 21 Sul, o Reside... 18/07/26",3 Quartos,1 Suíte,N/A,N/A,147 m²,Águas Claras,https://img.dfimoveis.com.br/fotos/1399459/881ecbdcc85023f03ee9080bcc35b205.webp,['https://img.dfimoveis.com.br/fotos/1399459/881ecbdcc85023f03ee9080bcc35b205.webp'],MUDE IMOBI Negócios mobiliários,2026-08-30T15:07:51.174473
019a7b382a18,dfimoveis_1384129,"SHIS QI 17 Conjunto 10, LAGO SUL, BRASILIA",/imovel/casa-4-quartos-aluguel-lago-sul-brasilia-df-shis-qi-17-conjunto-10-1384129,16000,"Imagine morar em uma bela casa no coração do Lago Sul, na SHIS Qi 17, com fácil acesso às principais escolas Internacion... 13/07/26",4 Quartos,2 Suítes,N/A,15 Vagas,540 m²,Lago Sul,https://img.dfimoveis.com.br/fotos/1384129/b69cb0ac7b20012804264040038b7085.webp,['https://img.dfimoveis.com.br/fotos/1384129/b69cb0ac7b20012804264040038b7085.webp'],Curadoria de Imóveis,2026-08-30T15:07:51.176833
4006f1067f44,dfimoveis_1380022,"CRNW 510 Bloco A Lote 2, NOROESTE, BRASILIA",/imovel/apartamento-1-quarto-aluguel-noroeste-brasilia-df-crnw-510-bloco-a-lote-2-1380022,4300,"Aluga-se excelente imóvel totalmente mobiliado e recém-reformado, pronto para morar. Conta com 2 quartos, 1 banheiro, sa... 06/07/26",1 Quarto,1 Suíte,1,1 Vaga,38 m²,Noroeste,https://img.dfimoveis.com.br/fotos/1380022/59ee02eb5aeb6d4a4a0aa7d602a21e1b.webp,['https://img.dfimoveis.com.br/fotos/1380022/59ee02eb5aeb6d4a4a0aa7d602a21e1b.webp'],Avanti Imob,2026-08-30T15:07:51.179085
d14832a55c01,dfimoveis_1092569,"SCIA Quadra 11 Conjunto 1, SCIA, SETOR INDUSTRIAL",/imovel/galpo-0-quartos-aluguel-scia-setor-industrial-df-scia-quadra-11-conjunto-1-1092569,48000,"GALPÃO NO SCIA TERRENO COM 5.280,00M2 E GALPÃO COM 1.580M2 E PE DIREITO ALTO COM 9MT.

COM 3 FACHADAS, EXCELENTE LOCALIZ... 31/12/24",N/A,N/A,N/A,N/A,5280 m²,Setor Industrial,https://img.dfimoveis.com.br/fotos/1092569/9d4969e746ca2b704a0d7cdb1a4a5b85.jpeg?format=webp,['https://img.dfimoveis.com.br/fotos/1092569/9d4969e746ca2b704a0d7cdb1a4a5b85.jpeg?format=webp'],Inovar Imóveis,2026-08-30T15:07:51.181128
b3c9b80235c8,dfimoveis_1416614,"SHIS QI 15, LAGO SUL, BRASILIA",/imovel/casa-4-quartos-aluguel-lago-sul-brasilia-df-shis-qi-15-1416614,60000,"LENIÉR CURADORIA IMOBILIÁRIA ALUGA DESLUMBRANTE CASA NA SHIS QI 15 | LAGO SUL — BRASÍLIA

* Casa de alto padrão
* 700 m²... 22/08/26",5 Quartos,3 Suítes,N/A,4 Vagas,700 m²,Lago Sul,https://img.dfimoveis.com.br/fotos/1416614/ec3d24ed33e907bb3d309d9dd7aa1280.webp,['https://img.dfimoveis.com.br/fotos/1416614/ec3d24ed33e907bb3d309d9dd7aa1280.webp'],Alessandra Leniér Imóveis ,2026-08-30T15:07:51.183271
000cb3f38c40,dfimoveis_1416370,"SQN 310 Bloco M, ASA NORTE, BRASILIA",/imovel/apartamento-3-quartos-aluguel-asa-norte-brasilia-df-sqn-310-bloco-m-1416370,8200,"ID211

Excelente apartamento de 91 m² na SQN 310, Asa Norte, totalmente reformado, com projeto moderno, ambientes bem di... 22/08/26",3 Quartos,1 Suíte,N/A,1 Vaga,91 m²,Asa Norte,https://img.dfimoveis.com.br/fotos/1416370/d67f9debc89b797df705f485fd4aa025.webp,['https://img.dfimoveis.com.br/fotos/1416370/d67f9debc89b797df705f485fd4aa025.webp'],Larbow Imobiliária,2026-08-30T15:07:51.185759
6c8d0dc0cecd,dfimoveis_1408764,"QN 1 Conjunto 2, RIACHO FUNDO, RIACHO FUNDO",/imovel/casa-3-quartos-aluguel-riacho-fundo-riacho-fundo-df-qn-1-conjunto-2-1408764,4000,"CASA REFORMADA, CONFORTÁVEL E PRONTA PARA MORAR , 3 QUARTOS, 1 SUITE, COZINHA PLANEJADA, GARAGEM P/ 3 CARROS, !

Imóvel ... 08/08/26",3 Quartos,1 Suíte,N/A,3 Vagas,105 m²,Riacho Fundo,https://img.dfimoveis.com.br/fotos/1408764/79a20d831b2a4c2bd3f43e9e5f1d2403.webp,['https://img.dfimoveis.com.br/fotos/1408764/79a20d831b2a4c2bd3f43e9e5f1d2403.webp'],Realiza Imóveis ,2026-08-30T15:07:51.191317
72616cfd00f8,dfimoveis_65322,"CRS 514 BLOCO A, ASA SUL, BRASILIA",/imovel/loja-0-quartos-aluguel-asa-sul-brasilia-df-crs-514-bloco-a-65322,1900,"Lettieri aluga: Excelente sala na W3 Sul, área privativa 60m², entrada privativa.

Aluguel  R$ 1.900,00
IPTU      6 parc... 24/02/18",N/A,N/A,N/A,N/A,60 m²,Asa Sul,https://img.dfimoveis.com.br/fotos/65322/3549c817b343152e4cc2f522ead8a7e2.webp,['https://img.dfimoveis.com.br/fotos/65322/3549c817b343152e4cc2f522ead8a7e2.webp'],Lettieri Águas Claras,2026-08-30T15:07:51.193562
702e4f6e1f89,dfimoveis_479274,"SIA Trecho 3, SIA, SETOR INDUSTRIAL",/imovel/sala-0-quartos-aluguel-sia-setor-industrial-df-sia-trecho-3-479274,3700,"SALAS COMERCIAIS / ESCRITÓRIO CORPORATIVO NO SIA

*VALOR DO ANÚNCIO CORRESPONDE A SALA MENOR.*

Aluguel de amplas salas ... 10/03/22",N/A,N/A,N/A,N/A,1099 m²,Setor Industrial,https://img.dfimoveis.com.br/fotos/479274/acc271f2051e137891e1bc879db77eba.jpg?format=webp,['https://img.dfimoveis.com.br/fotos/479274/acc271f2051e137891e1bc879db77eba.jpg?format=webp'],Construções ACNT ,2026-08-30T15:07:51.195761
33ca553a7961,dfimoveis_1403382,"SGCV, PARK SUL, BRASILIA",/imovel/apartamento-1-quarto-aluguel-park-sul-brasilia-df-sgcv-1403382,610000,"***VENDO VENICE UNIDADE  MOBILIADA***

Invista hoje. Lucre desde o primeiro dia.

Unidade exclusiva no Venice Park, tota... 27/07/26",1 Quarto,N/A,N/A,1 Vaga,32 m²,Park Sul,https://img.dfimoveis.com.br/fotos/1403382/fbbf990ffe72df7e1f1be2302b4057b8.webp,['https://img.dfimoveis.com.br/fotos/1403382/fbbf990ffe72df7e1f1be2302b4057b8.webp'],Dama Escritório Imobiliário ,2026-08-30T15:07:51.197970
6f9b195bc60a,dfimoveis_207048,"Polo de Desenv Juscelino Kubitschek Trecho 5 Conjunto 9, PÓLO JK, SANTA MARIA",/imovel/lote-terreno-rea-0-quartos-aluguel-polo-jk-santa-maria-df-polo-de-desenv-juscelino-kubitschek-trecho-5-conjunto-9-207048,100000,"Ideal para: instalação de parques industriais, centros de distribuição e outras atividades comerciais e/ou industriais. ... 27/04/20",N/A,N/A,N/A,N/A,4000 m²,Santa Maria,https://img.dfimoveis.com.br/fotos/207048/b0d75084489334605b46b8743e017458.jpg?format=webp,['https://img.dfimoveis.com.br/fotos/207048/b0d75084489334605b46b8743e017458.jpg?format=webp'],Grupo Karim,2026-08-30T15:08:03.601791
00a6a62c18e3,dfimoveis_1408481,"QE 15 Conjunto Q, GUARA II, GUARA",/imovel/casa-3-quartos-aluguel-guara-ii-guara-df-qe-15-conjunto-q-1408481,6900,"Encontre o conforto, o espaço e o requinte que a sua família merece nesta incrível residência em estilo colonial!

Com e... 07/08/26",3 Quartos,1 Suíte,N/A,3 Vagas,360 m²,Guará,https://img.dfimoveis.com.br/fotos/1408481/c1f1ad3bbde9fc9e4b6f2cfaf927af38.webp,['https://img.dfimoveis.com.br/fotos/1408481/c1f1ad3bbde9fc9e4b6f2cfaf927af38.webp'],F&M Imobiliária,2026-08-30T15:08:03.603962
2dac0768c8b3,dfimoveis_1373125,"Rodovia DF 140 km 45, SETOR TORORO, BRASILIA",/imovel/rural-0-quartos-aluguel-setor-tororo-brasilia-df-rodovia-df-140-km-45-1373125,12500,"Terreno plano com área de 2ha – 20.000,00 m². Fica localizado no km 1,5 da DF 140. Dista 180 m da pista.
Permite fracion... 24/06/26",N/A,N/A,N/A,N/A,N/A,Outro,https://img.dfimoveis.com.br/fotos/1373125/2c9b50029a4cb52ef26c08a31765ea17.webp,['https://img.dfimoveis.com.br/fotos/1373125/2c9b50029a4cb52ef26c08a31765ea17.webp'],Aldeia Imóveis,2026-08-30T15:08:03.606308
5f849af7fb3c,dfimoveis_1417432,"QI 24 LoteS 1 A 13, SETOR INDUSTRIAL, TAGUATINGA",/imovel/apartamento-2-quartos-aluguel-setor-industrial-taguatinga-df-qi-24-lotes-1-a-13-1417432,2200,"TEM APARTAMENTOS QUE ENTREGAM METRAGEM. ESTE ENTREGA SENSAÇÃO DE LAR.

No Top Life Miami Beach, os 45m² foram aproveitad... 24/08/26",2 Quartos,N/A,N/A,1 Vaga,45 m²,Taguatinga,https://img.dfimoveis.com.br/fotos/1417432/c94e85c78d33e4f5469daa9e6a9a436d.webp,['https://img.dfimoveis.com.br/fotos/1417432/c94e85c78d33e4f5469daa9e6a9a436d.webp'],NOBREVO,2026-08-30T15:08:03.608486
f20bb41e1870,dfimoveis_1307604,"SQSW 305 Bloco J, SUDOESTE, BRASILIA",/imovel/apartamento-4-quartos-aluguel-sudoeste-brasilia-df-sqsw-305-bloco-j-1307604,13000,"Cobertura Exclusiva para Aluguel na SQSW 305 BL J do Sudoeste  Conforto, Sofisticação e Localização Privilegiada!
Excele... 22/02/26",4 Quartos,3 Suítes,N/A,2 Vagas,350 m²,Sudoeste,https://img.dfimoveis.com.br/fotos/1307604/77d94310d085fb67a82518abf815459d.webp,['https://img.dfimoveis.com.br/fotos/1307604/77d94310d085fb67a82518abf815459d.webp'],RE/MAX Veritas,2026-08-30T15:08:03.610581
c2359ba724eb,dfimoveis_1155969,"SHLS Bloco L, ASA SUL, BRASILIA",/imovel/sala-0-quartos-aluguel-asa-sul-brasilia-df-shls-bloco-l-1155969,1800,"SHLS 716, Centro Clínico Sul, Asa Sul - DF

Alugue este imóvel com seu cartão de crédito pela CredPago

A COEMI imóveis ... 06/05/25",N/A,N/A,N/A,N/A,27 m²,Asa Sul,https://img.dfimoveis.com.br/fotos/1155969/6c89f6bc2d54af2d974df041b2520b77.webp,['https://img.dfimoveis.com.br/fotos/1155969/6c89f6bc2d54af2d974df041b2520b77.webp'],Coemi Imóveis ,2026-08-30T15:08:03.612502
36cbb3b97b70,dfimoveis_1358232,"CRS 504 Bloco B, ASA SUL, BRASILIA",/imovel/sala-0-quartos-aluguel-asa-sul-brasilia-df-crs-504-bloco-b-1358232,4250,"SHSC 504 SUL - EXCELENTE SALA COPORTORATIVA NO 2ª ANDAR
Grande oportunidade!

Excelente sala comercial com 100,00m² de á... 25/05/26",N/A,N/A,N/A,N/A,100 m²,Asa Sul,https://img.dfimoveis.com.br/fotos/1358232/cc5ecbd064ca348fea24e0bfe879cb87.webp,['https://img.dfimoveis.com.br/fotos/1358232/cc5ecbd064ca348fea24e0bfe879cb87.webp'],Empreendimentos Brasília,2026-08-30T15:08:03.615410
04e1c2e1a893,dfimoveis_1224073,"SHIS QI 1, LAGO SUL, BRASILIA",/imovel/sala-0-quartos-aluguel-lago-sul-brasilia-df-shis-qi-1-1224073,25980,"Clínica, Santos Dumont Medical Center, Sala, Lago Sul, Brasília, DF
Venha fazer parte do maior Centro Médico do Lago Sul... 05/09/25",N/A,N/A,N/A,N/A,199 m²,Lago Sul,https://img.dfimoveis.com.br/fotos/1224073/edb5412d3ef247c92bc57e3009d16297.webp,['https://img.dfimoveis.com.br/fotos/1224073/edb5412d3ef247c92bc57e3009d16297.webp'],Rodrigo de Paulo Corretor de Imóveis,2026-08-30T15:08:03.618448
4ced90cf1bf6,dfimoveis_1361341,"NUCLEO CAUB II, RIACHO FUNDO II, RIACHO FUNDO",/imovel/ponto-comercial-0-quartos-aluguel-riacho-fundo-ii-riacho-fundo-df-nucleo-caub-ii-1361341,225000,"Alguel Galpão Industrial CAUB - Riacho fundo II Brasília Distrito Federal DF

Estrutura nova ( primeira locação) 

QUADR... 31/05/26",N/A,N/A,N/A,N/A,9154 m²,Riacho Fundo,https://img.dfimoveis.com.br/fotos/1361341/9b0cc0f17fe656c592bbaba40b4b507d.webp,['https://img.dfimoveis.com.br/fotos/1361341/9b0cc0f17fe656c592bbaba40b4b507d.webp'],Moacir Odria Imóveis,2026-08-30T15:08:03.621546
774145ddbe45,dfimoveis_1402627,"SQN 309 Bloco B, ASA NORTE, BRASILIA",/imovel/apartamento-2-quartos-aluguel-asa-norte-brasilia-df-sqn-309-bloco-b-1402627,7000,"- Valor Líquido do aluguel: R$ 7.000,00 acrescido do IBS+CBS; 
- Vedada a permanência de animais, mesmo os de pequeno po... 25/07/26",2 Quartos,N/A,N/A,N/A,68 m²,Asa Norte,https://img.dfimoveis.com.br/fotos/1402627/64dd16f0ff02f4679da5199929de6173.webp,['https://img.dfimoveis.com.br/fotos/1402627/64dd16f0ff02f4679da5199929de6173.webp'],Fernando Vasconcelos Imóveis,2026-08-30T15:08:03.623954
f4929cdeaf83,dfimoveis_1402991,"SRTVS, ASA SUL, BRASILIA",/imovel/sala-0-quartos-aluguel-asa-sul-brasilia-df-srtvs-1402991,950,OTIMA SALA COM COPA TODA FECHADA- FRENTE LIVRE PARA A RUA-PERSIANAS  ETC 26/07/26,N/A,N/A,N/A,N/A,32 m²,Asa Sul,https://img.dfimoveis.com.br/fotos/1402991/8df9f9d0507f0906cb7ec86e1b7b17f3.webp,['https://img.dfimoveis.com.br/fotos/1402991/8df9f9d0507f0906cb7ec86e1b7b17f3.webp'],Júpiter Escritório Imobiliário,2026-08-30T15:08:03.626227
267832c11f61,dfimoveis_1373584,"SOFN Quadra 2 Conjunto A, SOF NORTE, SETOR INDUSTRIAL",/imovel/galpo-0-quartos-aluguel-sof-norte-setor-industrial-df-sofn-quadra-2-conjunto-a-1373584,17000,"Excelente Galpão Sof Norte - Brasília;

- Ambiente amplo e espaçoso;
- Pé-direito Alto, 7 metros altura;
- Telhas isotér... 25/06/26",N/A,N/A,N/A,N/A,480 m²,Setor Industrial,https://img.dfimoveis.com.br/fotos/1373584/51e7ca92c5e0dada4aa93c990c614932.webp,['https://img.dfimoveis.com.br/fotos/1373584/51e7ca92c5e0dada4aa93c990c614932.webp'],Simóvel,2026-08-30T15:08:03.628948
60eea4d40f97,dfimoveis_1366733,"CLNW 4/5, NOROESTE, BRASILIA",/imovel/apartamento-2-quartos-aluguel-noroeste-brasilia-df-clnw-4-5-1366733,5000,"CLNW 4/5 - 2 quartos, sendo 01 suíte - Cond. Link Noroeste - Noroeste - Brasília/DF

Apartamento para Aluguel no Link No... 10/06/26",2 Quartos,1 Suíte,N/A,1 Vaga,55 m²,Noroeste,https://img.dfimoveis.com.br/fotos/1366733/b4f24f0ea8758a190bb270dbb9b6c4d2.webp,['https://img.dfimoveis.com.br/fotos/1366733/b4f24f0ea8758a190bb270dbb9b6c4d2.webp'],Coemi Imóveis ,2026-08-30T15:08:03.632271
53749c427123,dfimoveis_1331688,"SGAN 914 Módulo A, ASA NORTE, BRASILIA",/imovel/apartamento-1-quarto-aluguel-asa-norte-brasilia-df-sgan-914-modulo-a-1331688,1600,"DALL'OCA IMÓVEIS ALUGA:

Localizado em uma das quadras mais tradicionais do Plano Piloto, próximo a shoppings, mercados ... 09/04/26",1 Quarto,N/A,N/A,1 Vaga,28 m²,Asa Norte,https://img.dfimoveis.com.br/fotos/1331688/0dd20a37b6f84c973a036d372a046cd7.webp,['https://img.dfimoveis.com.br/fotos/1331688/0dd20a37b6f84c973a036d372a046cd7.webp'],Dall'Oca Imóveis ,2026-08-30T15:08:03.635246
d16d1819173e,dfimoveis_1417306,"SQNW 309, NOROESTE, BRASILIA",/imovel/apartamento-2-quartos-aluguel-noroeste-brasilia-df-sqnw-309-1417306,12950,"Elegante apartamento de 156 m2, originalmente de 3 suítes, atualmente uma delas transformada em closet, composto por:

-... 24/08/26",2 Quartos,2 Suítes,N/A,2 Vagas,156 m²,Noroeste,https://img.dfimoveis.com.br/fotos/1417306/b589778d50c294614f5ba9e2c574e2a7.webp,['https://img.dfimoveis.com.br/fotos/1417306/b589778d50c294614f5ba9e2c574e2a7.webp'],Curadoria de Imóveis,2026-08-30T15:08:03.638662
48c4114939d0,dfimoveis_1384226,"QRSW 6 Bloco A 6, SUDOESTE, BRASILIA",/imovel/apartamento-2-quartos-aluguel-sudoeste-brasilia-df-qrsw-6-bloco-a-6-1384226,5200,"SUDOESTE| 2 QUARTOS| 60M²| EXCELENTE LOCALIZAÇÃO

O apartamento oferece uma estrutura prática, com conforto e facilidade... 13/07/26",2 Quartos,N/A,N/A,N/A,60 m²,Sudoeste,https://img.dfimoveis.com.br/fotos/1384226/fedfc8091a1414f879656a2af4195b88.webp,['https://img.dfimoveis.com.br/fotos/1384226/fedfc8091a1414f879656a2af4195b88.webp'],Private Broker,2026-08-30T15:08:03.642236
0b3944ab9580,dfimoveis_1418134,"Quadra 14 Conjunto B 6, SOBRADINHO, SOBRADINHO",/imovel/apartamento-2-quartos-aluguel-sobradinho-sobradinho-df-quadra-14-conjunto-b-6-1418134,2200,"Conquiste seu novo lar no Edifício Solar, na Quadra 14 Conjunto B 6, Sobradinho, DF. Com 2 dormitórios, sendo 1 suíte, e... 25/08/26",2 Quartos,1 Suíte,N/A,1 Vaga,65 m²,Sobradinho,https://img.dfimoveis.com.br/fotos/1418134/2985cc4b7d717da85aff9d9edc2b723c.webp,['https://img.dfimoveis.com.br/fotos/1418134/2985cc4b7d717da85aff9d9edc2b723c.webp'],Bacellar Corretores associados,2026-08-30T15:08:03.644882
64463dddd0da,dfimoveis_601758,"Avenida Parque Águas Claras, SUL, AGUAS CLARAS",/imovel/galpo-0-quartos-aluguel-sul-aguas-claras-df-avenida-parque-aguas-claras-601758,6500,"MIRANTE DUO


 Localizada Avenida Parque com a Avenida Jequitibá 

 Próximo ao JOTAKÁ Cozinha Bar / COLÉGIO IDEAL, local... 11/08/22",N/A,N/A,N/A,1 Vaga,70 m²,Águas Claras,https://img.dfimoveis.com.br/fotos/601758/80d64582437432b13c3618600d486d58.webp,['https://img.dfimoveis.com.br/fotos/601758/80d64582437432b13c3618600d486d58.webp'],Inove Negócios ,2026-08-30T15:08:03.646909
a62932372725,dfimoveis_1354367,"Rua DAS PITANGUEIRAS, SUL, AGUAS CLARAS",/imovel/loja-0-quartos-aluguel-sul-aguas-claras-df-rua-das-pitangueiras-1354367,20000,"Oportunidade Comercial Exclusiva no Centro de  Águas Claras !!!.

LOJA TERREA COM SOBRELOJA  !!!! 

Apresentamos um ... 18/05/26",N/A,N/A,N/A,N/A,320 m²,Águas Claras,https://img.dfimoveis.com.br/fotos/1354367/41bc1d022a53f9b3b67f1b7660ec7a75.webp,['https://img.dfimoveis.com.br/fotos/1354367/41bc1d022a53f9b3b67f1b7660ec7a75.webp'],Joaquim Cândido Imóveis,2026-08-30T15:08:03.648815
3e6a689c8220,dfimoveis_1384111,"SQNW 105 Bloco D, NOROESTE, BRASILIA",/imovel/apartamento-4-quartos-aluguel-noroeste-brasilia-df-sqnw-105-bloco-d-1384111,27000,"DESCRIÇÃO COMPLETA

Ennius Muniz Residencial | Unidade 304 — 292,21 m² | 4 Suítes | 4 Vagas privativas | R$ 27.000/mês

... 13/07/26",4 Quartos,4 Suítes,N/A,4 Vagas,292 m²,Noroeste,https://img.dfimoveis.com.br/fotos/1384111/f845fe9f3307bca23354b15a8781d8e4.webp,['https://img.dfimoveis.com.br/fotos/1384111/f845fe9f3307bca23354b15a8781d8e4.webp'],Dr Muniz Imóveis e Construções,2026-08-30T15:08:03.651141
63f96ac99c83,dfimoveis_1233033,"QNA 16, TAGUATINGA NORTE, TAGUATINGA",/imovel/sala-0-quartos-aluguel-taguatinga-norte-taguatinga-df-qna-16-1233033,11900,"Essa sala comercial no 2º andar oferece o espaço ideal para escritórios, consultórios, clínicas ou outros empreendimento... 25/09/25",N/A,N/A,N/A,N/A,460 m²,Taguatinga,https://img.dfimoveis.com.br/fotos/1233033/3d36ed84fa149a666c01d93dc11817c8.webp,['https://img.dfimoveis.com.br/fotos/1233033/3d36ed84fa149a666c01d93dc11817c8.webp'],GRUPO JK,2026-08-30T15:08:03.653035
e60fdfa482c0,dfimoveis_270275,"Rua 19, NORTE, AGUAS CLARAS",/imovel/apartamento-1-quarto-aluguel-norte-aguas-claras-df-rua-19-270275,2500,"RUA 19 NORTE - RESIDENCIAL DUO RESIDENCE MALL - LOCAÇÃO APARTAMENTO MOBILIADO.

                   LOCAÇÃO APARTAMENTO M... 22/05/25",1 Quarto,1 Suíte,N/A,1 Vaga,38 m²,Águas Claras,https://img.dfimoveis.com.br/fotos/270275/a0b6d2d06e8babb1b406a38c42b8c3b7.jpg?format=webp,['https://img.dfimoveis.com.br/fotos/270275/a0b6d2d06e8babb1b406a38c42b8c3b7.jpg?format=webp'],J Ribeiro Emp Imobiliários,2026-08-30T15:08:03.656107
27093646b2a3,dfimoveis_1404765,"Quadra 207, SUL, AGUAS CLARAS",/imovel/apartamento-3-quartos-aluguel-sul-aguas-claras-df-quadra-207-1404765,3700,"TH35674 - Qd 207 Praca Uirapuru Águas Claras - Res. Imprensa IV, Apartamento 03 quartos, 130m². Agende sua visita!  

Im... 30/07/26",3 Quartos,1 Suíte,N/A,1 Vaga,129 m²,Águas Claras,https://img.dfimoveis.com.br/fotos/1404765/c0d2e8a3e15eae33901860dfd9df623e.webp,['https://img.dfimoveis.com.br/fotos/1404765/c0d2e8a3e15eae33901860dfd9df623e.webp'],Thaís Imobiliária,2026-08-30T15:08:03.658405
06e0aa149a43,dfimoveis_1409492,"SQS 310 Bloco I, ASA SUL, BRASILIA",/imovel/apartamento-4-quartos-aluguel-asa-sul-brasilia-df-sqs-310-bloco-i-1409492,17000,"Descubra um conforto exclusivo na SQS 310 Bloco I, ASA Sul, Brasília—um apartamento de alto padrão ideal para quem busca... 10/08/26",4 Quartos,4 Suítes,N/A,3 Vagas,221 m²,Asa Sul,https://img.dfimoveis.com.br/fotos/1409492/cd30155675e2efc2655f70134aca3628.webp,['https://img.dfimoveis.com.br/fotos/1409492/cd30155675e2efc2655f70134aca3628.webp'],Cavalcante Imóveis,2026-08-30T15:08:03.660547
f0ce2ff6d30d,dfimoveis_945614,"CA 11, LAGO NORTE, BRASILIA",/imovel/apartamento-1-quarto-aluguel-lago-norte-brasilia-df-ca-11-945614,3500,"CA 11 - CONDOMÍNIO VILLE DART - LOCAÇÃO EXCELENTE DUPLEX

TÉRREO:
- SALA COM RACK, CORTINAS PERSIANAS, AR CONDICIONADO.
... 26/03/24",1 Quarto,N/A,N/A,2 Vagas,64 m²,Lago Norte,https://img.dfimoveis.com.br/fotos/945614/8977aa47dce209258f32047ce19a5685.webp,['https://img.dfimoveis.com.br/fotos/945614/8977aa47dce209258f32047ce19a5685.webp'],J Ribeiro Emp Imobiliários,2026-08-30T15:08:03.662602
f98f21ce51f4,dfimoveis_1404924,"Quadra 3, SOBRADINHO, SOBRADINHO",/imovel/prdio-0-quartos-aluguel-sobradinho-sobradinho-df-quadra-3-1404924,64000,"Oportunidade Comercial Diferenciada em Sobradinho — Edifício Corporativo com Lajes Flexíveis

Apresentamos um empreendim... 30/07/26",N/A,N/A,N/A,16 Vagas,1600 m²,Sobradinho,https://img.dfimoveis.com.br/fotos/1404924/199984f20611310de2c5fe2fb27cedde.webp,['https://img.dfimoveis.com.br/fotos/1404924/199984f20611310de2c5fe2fb27cedde.webp'],DOMMA IMOB,2026-08-30T15:08:03.664557
22f48f6278ce,dfimoveis_1410607,"Rua ALECRIM, SUL, AGUAS CLARAS",/imovel/apartamento-1-quarto-aluguel-sul-aguas-claras-df-rua-alecrim-1410607,2450,"TH35790 - Rua Alecrim Aguas Claras  - Apartamento 01 quarto, 33m². Agende sua visita! 
 
Excelente apartamento 100% mobi... 12/08/26",1 Quarto,N/A,N/A,1 Vaga,33 m²,Águas Claras,https://img.dfimoveis.com.br/fotos/1410607/dc59b3df57b26d06f387be16f4773e11.webp,['https://img.dfimoveis.com.br/fotos/1410607/dc59b3df57b26d06f387be16f4773e11.webp'],Thaís Imobiliária,2026-08-30T15:08:03.667751
3fbcb74c8d51,dfimoveis_1405904,"SHTN Trecho 2, ASA NORTE, BRASILIA",/imovel/apartamento-1-quarto-aluguel-asa-norte-brasilia-df-shtn-trecho-2-1405904,3500,"SHTN - Apartamento Loft/Studio mobiliado no The Sun - Asa Norte - DF

Imagine viver em um apartamento/studio reformado, ... 02/08/26",1 Quarto,N/A,N/A,N/A,30 m²,Asa Norte,https://img.dfimoveis.com.br/fotos/1405904/cf135ddf73f170bd8781e322c1a74fc9.webp,['https://img.dfimoveis.com.br/fotos/1405904/cf135ddf73f170bd8781e322c1a74fc9.webp'],Coemi Imóveis ,2026-08-30T15:08:03.670002
162e74b0ecd5,dfimoveis_1420564,"SRTVS Conjunto D Blocos A, B E C Lote 05, ASA SUL, BRASILIA",/imovel/sala-0-quartos-aluguel-asa-sul-brasilia-df-srtvs-conjunto-d-blocos-a-b-e-c-lote-05-1420564,1000,"Sala dividida em 3 ambientes, com piso em cerâmica, banheiro e ar refrigerado

TRATAR: (61) 9 8401-6065 30/08/26",N/A,N/A,N/A,N/A,30 m²,Asa Sul,https://img.dfimoveis.com.br/fotos/1420564/9bd41d679074575b0a9ca2679a15e603.webp,['https://img.dfimoveis.com.br/fotos/1420564/9bd41d679074575b0a9ca2679a15e603.webp'],Sérgio Leal Consultor Imobiliário,2026-08-30T15:08:03.674863
6486f00783c7,dfimoveis_1300197,"SHIS QI 3 Conjunto 3, LAGO SUL, BRASILIA",/imovel/casa-4-quartos-aluguel-lago-sul-brasilia-df-shis-qi-3-conjunto-3-1300197,25000,"A Direct Prime traz para você uma casa que serve perfeitamente para escritório ou para embaixadas.

Localização privileg... 07/02/26",8 Quartos,6 Suítes,N/A,10 Vagas,900 m²,Lago Sul,https://img.dfimoveis.com.br/fotos/1300197/3c9bf75a3a29903b9399a25474ed3d6e.webp,['https://img.dfimoveis.com.br/fotos/1300197/3c9bf75a3a29903b9399a25474ed3d6e.webp'],DIRECT PRIME ,2026-08-30T15:08:03.677142
45427b16bf96,dfimoveis_1413236,"SQNW 311 Bloco C, NOROESTE, BRASILIA",/imovel/apartamento-1-quarto-aluguel-noroeste-brasilia-df-sqnw-311-bloco-c-1413236,5000,"Victor Cruz Negócios Imobiliários LTDA aluga:

SQNW 311 Bloco C, Atrium Platine.

Apto luxuoso mobiliado 39m2, com 1 vag... 17/08/26",1 Quarto,N/A,N/A,1 Vaga,39 m²,Noroeste,https://img.dfimoveis.com.br/fotos/1413236/dddea03f624794b1bb84843c3fcaad36.webp,['https://img.dfimoveis.com.br/fotos/1413236/dddea03f624794b1bb84843c3fcaad36.webp'],Victor Cruz Negócios Imobiliários,2026-08-30T15:08:16.337707
9c817f9d4e17,dfimoveis_1420471,"STRC Trecho 4, SETOR INDUSTRIAL, GUARA",/imovel/loja-0-quartos-aluguel-setor-industrial-guara-df-strc-trecho-4-1420471,4000,"Grande Oportunidade!

Imóvel versátil à venda no STRC Trecho 04, ideal para fins comerciais, reunindo espaço, funcionali... 30/08/26",N/A,N/A,N/A,N/A,300 m²,Guará,https://img.dfimoveis.com.br/fotos/1420471/cb712529c93687392442830b8eda5a76.webp,['https://img.dfimoveis.com.br/fotos/1420471/cb712529c93687392442830b8eda5a76.webp'],RE/MAX Veritas,2026-08-30T15:08:16.339721
032a3a30e876,dfimoveis_1415836,"Quadra 6 Lote C, JARDIM BOTANICO, BRASILIA",/imovel/loja-0-quartos-aluguel-jardim-botanico-brasilia-df-quadra-6-lote-c-1415836,3014,O Leben 225 foi idealizado para atender profissionais da área da saúde e investidores que buscam um empreendimento moder... 21/08/26,N/A,N/A,N/A,N/A,29 m²,Jardim Botânico,https://img.dfimoveis.com.br/fotos/1415836/2d3977e0f3adbafc37881d58d62fbf90.webp,['https://img.dfimoveis.com.br/fotos/1415836/2d3977e0f3adbafc37881d58d62fbf90.webp'],Acontece Imobiliária,2026-08-30T15:08:16.341695
c4ac80cb02c9,dfimoveis_1325491,"CRNW 510 Bloco B Lote 2, NOROESTE, BRASILIA",/imovel/loja-0-quartos-aluguel-noroeste-brasilia-df-crnw-510-bloco-b-lote-2-1325491,11900,"SOUL HOUSING & SHOP – NOROESTE

O Soul se consolidou como um dos principais polos comerciais do Noroeste, destacando-se ... 26/03/26",N/A,N/A,N/A,N/A,188 m²,Noroeste,https://img.dfimoveis.com.br/fotos/1325491/7af3417aba768bc6c0c7aacd33d5bb66.webp,['https://img.dfimoveis.com.br/fotos/1325491/7af3417aba768bc6c0c7aacd33d5bb66.webp'],Celso Lima,2026-08-30T15:08:16.343759
6b97bfcc6cd8,dfimoveis_1401063,"Quadra 207, SUL, AGUAS CLARAS",/imovel/apartamento-3-quartos-aluguel-sul-aguas-claras-df-quadra-207-1401063,3300,"Um imóvel funcional, confortável e bem distribuído, ideal para quem busca praticidade no dia a dia.

   Sala ampla, com ... 22/07/26",3 Quartos,1 Suíte,N/A,1 Vaga,95 m²,Águas Claras,https://img.dfimoveis.com.br/fotos/1401063/339ef2979560108748a62610fa09cc56.webp,['https://img.dfimoveis.com.br/fotos/1401063/339ef2979560108748a62610fa09cc56.webp'],Alpha Brasilia Administradora de Imóveis,2026-08-30T15:08:16.346308
c3e7c17dbc79,dfimoveis_1406135,"SHCES Quadra 505 Bloco D, NOVO, CRUZEIRO",/imovel/apartamento-3-quartos-aluguel-novo-cruzeiro-df-shces-quadra-505-bloco-d-1406135,4100,"TRG imobiliária ALUGA ! 

Excelente apartamento na SHCES 505 Bloco D, Cruzeiro Novo, com 80m² muito bem distribuídos em:... 03/08/26",3 Quartos,N/A,N/A,1 Vaga,80 m²,Cruzeiro,https://img.dfimoveis.com.br/fotos/1406135/8ba6eb20d7dc1752e9a99312e745337c.webp,['https://img.dfimoveis.com.br/fotos/1406135/8ba6eb20d7dc1752e9a99312e745337c.webp'],TRG imobiliária ,2026-08-30T15:08:16.349177
84bfb159ed44,dfimoveis_1418674,"SHIS QI 11 Conjunto 10, LAGO SUL, BRASILIA",/imovel/casa-4-quartos-aluguel-lago-sul-brasilia-df-shis-qi-11-conjunto-10-1418674,18500,"Excelente oportunidade no Lago Sul, Brasília: sobrado de 6 quartos, com 3 suítes, ampla área de 550m² e 5 vagas de garag... 26/08/26",6 Quartos,3 Suítes,N/A,5 Vagas,550 m²,Lago Sul,https://img.dfimoveis.com.br/fotos/1418674/b357e0441bb45f00d308504dee706d84.webp,['https://img.dfimoveis.com.br/fotos/1418674/b357e0441bb45f00d308504dee706d84.webp'],José Carlos Corretor de Imóveis,2026-08-30T15:08:16.351849
264c2b1f539a,dfimoveis_810757,"SAAN Quadra 3, SAAN, SETOR INDUSTRIAL",/imovel/prdio-0-quartos-aluguel-saan-setor-industrial-df-saan-quadra-3-810757,150000,"SAAN QD 03/04 LT 815/816

Área: 4.000 M2
Aluguel: R$100.000,00
IPTU: a confirmar

AMRBrasil aluga amplo prédio comercial... 28/07/23",N/A,N/A,N/A,N/A,4000 m²,Setor Industrial,https://img.dfimoveis.com.br/fotos/810757/bd107e34fe4a23dcbc7ce635849155ec.jpg?format=webp,['https://img.dfimoveis.com.br/fotos/810757/bd107e34fe4a23dcbc7ce635849155ec.jpg?format=webp'],AMRBRASIL Assessoria Imobiliária ,2026-08-30T15:08:16.353862
68d2820b1206,dfimoveis_1369806,"SOFN Quadra 2, SOF NORTE, SETOR INDUSTRIAL",/imovel/galpo-0-quartos-aluguel-sof-norte-setor-industrial-df-sofn-quadra-2-1369806,17000,"Instale sua empresa em um dos endereços logísticos e comerciais mais valorizados de Brasília.

Excelente galpão com vão ... 17/06/26",N/A,N/A,N/A,N/A,493 m²,Setor Industrial,https://img.dfimoveis.com.br/fotos/1369806/56fa8ac2e90f0b6533f0bce499d94cb6.webp,['https://img.dfimoveis.com.br/fotos/1369806/56fa8ac2e90f0b6533f0bce499d94cb6.webp'],Coemi Imóveis ,2026-08-30T15:08:16.357425
d4ed23ab149a,dfimoveis_1316002,"SQN 110 Bloco H, ASA NORTE, BRASILIA",/imovel/apartamento-3-quartos-aluguel-asa-norte-brasilia-df-sqn-110-bloco-h-1316002,9490,"Excelente apartamento mobiliado para locação na SQN 110, Bloco H, vazado,proporcionando ótima ventilação e iluminação ... 07/03/26",3 Quartos,2 Suítes,N/A,2 Vagas,118 m²,Asa Norte,https://img.dfimoveis.com.br/fotos/1316002/b681f3a1597b66d3bd330afb6066f4c4.webp,['https://img.dfimoveis.com.br/fotos/1316002/b681f3a1597b66d3bd330afb6066f4c4.webp'],Unique Imóveis,2026-08-30T15:08:16.360714
1be7b89d88ff,dfimoveis_1241748,"SAUS Quadra 04 Lote 9/10, ASA SUL, BRASILIA",/imovel/sala-0-quartos-aluguel-asa-sul-brasilia-df-saus-quadra-04-lote-9-10-1241748,1900,"Sala comercial no Victoria Office Tower – andar alto, moderna e versátil COM VAGA Privativa.

Sala com 27m², localizada ... 10/10/25",N/A,N/A,N/A,N/A,27 m²,Asa Sul,https://img.dfimoveis.com.br/fotos/1241748/2296d7ccbb3c20a3a430ce0a549b14c7.webp,['https://img.dfimoveis.com.br/fotos/1241748/2296d7ccbb3c20a3a430ce0a549b14c7.webp'],Alladyno imóveis,2026-08-30T15:08:16.363525
ef34824a13c6,dfimoveis_601805,"SMPW Quadra 5 Conjunto 11, PARK WAY, BRASILIA",/imovel/lote-terreno-rea-0-quartos-aluguel-park-way-brasilia-df-smpw-quadra-5-conjunto-11-601805,15000,"SMPW QUADRA 5 CONJUNTO 11




Excelente lote para LOCAÇÃO 


Ao lado de Aguas Claras, próximo Igreja Park Way ( Imaculad... 11/08/22",N/A,N/A,N/A,N/A,2500 m²,Park Way,https://img.dfimoveis.com.br/fotos/601805/4f1138dcab0f22b8a37155e6acaa8d69.webp,['https://img.dfimoveis.com.br/fotos/601805/4f1138dcab0f22b8a37155e6acaa8d69.webp'],Inove Negócios ,2026-08-30T15:08:16.366383
446f499e7550,dfimoveis_1136070,"SCLRN 710 Bloco H, ASA NORTE, BRASILIA",/imovel/loja-0-quartos-aluguel-asa-norte-brasilia-df-sclrn-710-bloco-h-1136070,3118,"ALUGUEL BRUTO --------------------------------------------- R$ 3.669,89
DESCONTO PONTUALIDADE--------------------------R... 27/03/25",N/A,N/A,N/A,N/A,159 m²,Asa Norte,https://img.dfimoveis.com.br/fotos/1136070/0d402dc2d24bfdc626692e0cc87c53c1.jpg?format=webp,['https://img.dfimoveis.com.br/fotos/1136070/0d402dc2d24bfdc626692e0cc87c53c1.jpg?format=webp'],Antônio Filho Imobiliária,2026-08-30T15:08:16.368529
3d3074f59b20,dfimoveis_1412143,"SIG Quadra 1, SIG, BRASILIA",/imovel/sala-0-quartos-aluguel-sig-brasilia-df-sig-quadra-1-1412143,2190,"NEVES TEIXEIRA IMÓVEIS ALUGA

Excelente sala comercial no Centro Empresarial Parque Brasília, localizado no SIG Quadra 1... 15/08/26",N/A,N/A,N/A,N/A,36 m²,Outro,https://img.dfimoveis.com.br/fotos/1412143/03d3ee9b6f37e52fad7972b18607c3bb.webp,['https://img.dfimoveis.com.br/fotos/1412143/03d3ee9b6f37e52fad7972b18607c3bb.webp'],Neves Teixeira Imóveis,2026-08-30T15:08:16.371370
6fb0ef79766e,dfimoveis_578891,"SCES Trecho 4, ASA SUL, BRASILIA",/imovel/apartamento-1-quarto-aluguel-asa-sul-brasilia-df-sces-trecho-4-578891,7200,"Camarote Brisas do Lago – Vista Lago/Piscina

Apartamento reformado e mobiliado, com 64 m², localizado em um dos melhore... 11/07/22",1 Quarto,1 Suíte,N/A,1 Vaga,64 m²,Asa Sul,https://img.dfimoveis.com.br/fotos/578891/7451a39117b94935c7018fc5101c1002.jpg?format=webp,['https://img.dfimoveis.com.br/fotos/578891/7451a39117b94935c7018fc5101c1002.jpg?format=webp'],Abdala Imóveis,2026-08-30T15:08:16.374674
393f7c174625,dfimoveis_1222780,"SGCV, PARK SUL, BRASILIA",/imovel/sala-0-quartos-aluguel-park-sul-brasilia-df-sgcv-1222780,5900,"Alugue sem Fiador, sem burocracia e sem taxa de adesão,
pagando apenas 12,5% do valor do aluguel mensal. 
Aprovação med... 04/09/25",N/A,N/A,N/A,N/A,38 m²,Park Sul,https://img.dfimoveis.com.br/fotos/1222780/2b1c84d642d7f820c2ad9303ec3beedf.webp,['https://img.dfimoveis.com.br/fotos/1222780/2b1c84d642d7f820c2ad9303ec3beedf.webp'],Acontece Imobiliária,2026-08-30T15:08:16.377042
cd1e627073d2,dfimoveis_1408316,"Rua 16, SUL, AGUAS CLARAS",/imovel/apartamento-3-quartos-aluguel-sul-aguas-claras-df-rua-16-1408316,3500,"SALA;
 03 QUARTOS SENDO 01 SUÍTE; 
 COZINHA COM ARMÁRIOS;
 ÁREA DE SERVIÇO;
 BANHEIRO DE SERVIÇO;
 01 VAGA DE GARAGEM .... 07/08/26",3 Quartos,1 Suíte,N/A,1 Vaga,75 m²,Águas Claras,https://img.dfimoveis.com.br/fotos/1408316/2ba3c1c8f362bac7ec217993a4315af0.webp,['https://img.dfimoveis.com.br/fotos/1408316/2ba3c1c8f362bac7ec217993a4315af0.webp'],Alpha Brasilia Administradora de Imóveis,2026-08-30T15:08:16.379201
a6bd4ab20bd8,dfimoveis_1204781,"SQNW 107, NOROESTE, BRASILIA",/imovel/apartamento-3-quartos-aluguel-noroeste-brasilia-df-sqnw-107-1204781,14000,"Elegante apartamento de 171 m2, de 4 quartos atualmente transformado em 3 suítes, alugado totalmente mobiliado e equipad... 01/08/25",3 Quartos,3 Suítes,N/A,4 Vagas,171 m²,Noroeste,https://img.dfimoveis.com.br/fotos/1204781/0b5f5bc8310a7cf896fe680e6d59b46f.webp,['https://img.dfimoveis.com.br/fotos/1204781/0b5f5bc8310a7cf896fe680e6d59b46f.webp'],Curadoria de Imóveis,2026-08-30T15:08:16.381332
88c05c96f906,dfimoveis_749008,"CLN 204, ASA NORTE, BRASILIA",/imovel/loja-0-quartos-aluguel-asa-norte-brasilia-df-cln-204-749008,2450,"Granville Negócios Imobiliários Aluga:

Loja com 50m² com divisória no subsolo, na CLN 204 da asa norte, muito bem local... 15/04/23",N/A,N/A,N/A,N/A,48 m²,Asa Norte,https://img.dfimoveis.com.br/fotos/749008/8d20f762384f4e597faf034997e156ba.jpg?format=webp,['https://img.dfimoveis.com.br/fotos/749008/8d20f762384f4e597faf034997e156ba.jpg?format=webp'],Granville Negócios Imobiliários,2026-08-30T15:08:16.383272
0002d71797bd,dfimoveis_979568,"CA 11, LAGO NORTE, BRASILIA",/imovel/apartamento-2-quartos-aluguel-lago-norte-brasilia-df-ca-11-979568,4000,".
....:::: NEXT Lago Norte ::::.....
.
CA 11 Condomínio fechado em terreno de esquina a 700 metros do Shopping Iguatemi ... 27/05/24",2 Quartos,2 Suítes,N/A,2 Vagas,65 m²,Lago Norte,https://img.dfimoveis.com.br/fotos/979568/b834e170f4ccb086e121bf93bb7f837b.jpg?format=webp,['https://img.dfimoveis.com.br/fotos/979568/b834e170f4ccb086e121bf93bb7f837b.jpg?format=webp'],Inplanta Empreendimentos Imobiliários ,2026-08-30T15:08:16.385629
857c14870a9c,dfimoveis_1042850,"Avenida das Araucárias, SUL, AGUAS CLARAS",/imovel/apartamento-1-quarto-aluguel-sul-aguas-claras-df-avenida-das-araucarias-1042850,2400,"ESPECIFICAÇÕES DO APARTAMENTO:

Apartamento 01 quarto com 34 m², armários planejados em todos os ambientes, com painel d... 23/09/24",1 Quarto,1 Suíte,N/A,N/A,34 m²,Águas Claras,https://img.dfimoveis.com.br/fotos/1042850/73daee3c07bb46fc41408027bc37f1cf.webp,['https://img.dfimoveis.com.br/fotos/1042850/73daee3c07bb46fc41408027bc37f1cf.webp'],Real Capital Imobiliária,2026-08-30T15:08:16.388764
650021033581,dfimoveis_1419819,"Rodovia BR 040, SANTA MARIA, SANTA MARIA",/imovel/apartamento-3-quartos-aluguel-santa-maria-santa-maria-df-rodovia-br-040-1419819,2500,"fone 61 99881 6889

forma de garantia caução.

- 3 dormitórios (1 suíte) para toda a sua família
- Área útil de 68m² bem... 28/08/26",3 Quartos,1 Suíte,N/A,1 Vaga,68 m²,Santa Maria,https://img.dfimoveis.com.br/fotos/1419819/771806d4ab0a00a69affd89f71b99f17.webp,['https://img.dfimoveis.com.br/fotos/1419819/771806d4ab0a00a69affd89f71b99f17.webp'],Edmilson Araujo,2026-08-30T15:08:16.392378
70349c97fca6,dfimoveis_1340341,"SCN Quadra 1, ASA NORTE, BRASILIA",/imovel/lote-terreno-rea-0-quartos-aluguel-asa-norte-brasilia-df-scn-quadra-1-1340341,140000,"Oportunidade Comercial Exclusiva no Centro de Brasília.

Apresentamos um espaço comercial estrategicamente localizado no... 23/04/26",N/A,N/A,N/A,N/A,890 m²,Asa Norte,https://img.dfimoveis.com.br/fotos/1340341/f2dc9fd93f0fc12e0184f033c1f96ecb.webp,['https://img.dfimoveis.com.br/fotos/1340341/f2dc9fd93f0fc12e0184f033c1f96ecb.webp'],Joaquim Cândido Imóveis,2026-08-30T15:08:16.394621
4aefe0d20f95,dfimoveis_632219,"AEN 19, SETOR NORTE, PLANALTINA",/imovel/loja-0-quartos-aluguel-setor-norte-planaltina-df-aen-19-632219,25000,"Ideal para Clinicas Populares , Laboratórios 

Loja com 200 metros , possibilidade de aumentar 150 metros no mezanino. 
... 21/09/22",N/A,N/A,N/A,N/A,200 m²,Planaltina,https://img.dfimoveis.com.br/fotos/632219/d67f65b20ed64209f946c896befe79f0.jpg?format=webp,['https://img.dfimoveis.com.br/fotos/632219/d67f65b20ed64209f946c896befe79f0.jpg?format=webp'],Nicolle Menali,2026-08-30T15:08:16.396581
73de2ebb04b4,dfimoveis_1173021,"SMSE Conjunto 10, SAMAMBAIA SUL, SAMAMBAIA",/imovel/casa-4-quartos-aluguel-samambaia-sul-samambaia-df-smse-conjunto-10-1173021,9000,"TH26066 - Setor de Mansões Sudeste, com 05 quartos sendo 05 suítes, 416m²/ hidromassagem. Agende a sua visita! 

Imóvel ... 31/05/25",5 Quartos,5 Suítes,N/A,6 Vagas,341 m²,Samambaia,https://img.dfimoveis.com.br/fotos/1173021/4cc63b3096307a7beeb20a97cc0fbc0a.jpg?format=webp,['https://img.dfimoveis.com.br/fotos/1173021/4cc63b3096307a7beeb20a97cc0fbc0a.jpg?format=webp'],Thaís Imobiliária,2026-08-30T15:08:16.398691
d4a616def93e,dfimoveis_1213779,"Condomínio Santa Felicidade, JARDIM BOTANICO, BRASILIA",/imovel/casa-condominio-3-quartos-aluguel-jardim-botanico-brasilia-df-condominio-santa-felicidade-1213779,7100,"ELDORADO IMOBILIÁRIA ALUGA 
valor do aluguel ( R$ 7.200,00) 

 Apresentamos esta belíssima casa térrea novíssima, nunca ... 20/08/25",3 Quartos,1 Suíte,N/A,4 Vagas,250 m²,Jardim Botânico,https://img.dfimoveis.com.br/fotos/1213779/f89f2694eb54a0595b8903a568633fc8.webp,['https://img.dfimoveis.com.br/fotos/1213779/f89f2694eb54a0595b8903a568633fc8.webp'],Eldorado Imobiliária,2026-08-30T15:08:16.400832
69e74883cff6,dfimoveis_1414868,"Rua 13, NORTE, AGUAS CLARAS",/imovel/apartamento-3-quartos-aluguel-norte-aguas-claras-df-rua-13-1414868,8500,"Descubra um apartamento duplex na Rua 13, NORTE, em Águas Claras: um espaço que une conforto, praticidade e um estilo de... 19/08/26",3 Quartos,3 Suítes,N/A,2 Vagas,200 m²,Águas Claras,https://img.dfimoveis.com.br/fotos/1414868/0554455a79a8c25d39585498d7cb46c7.webp,['https://img.dfimoveis.com.br/fotos/1414868/0554455a79a8c25d39585498d7cb46c7.webp'],Dama Escritório Imobiliário ,2026-08-30T15:08:16.403209
ac06deb4dae4,dfimoveis_1415586,"Rua DAS FIGUEIRAS, NORTE, AGUAS CLARAS",/imovel/sala-0-quartos-aluguel-norte-aguas-claras-df-rua-das-figueiras-1415586,2700,"Excelente sala comercial mobiliada, funcional e com vista panorâmica definitiva;

Sala principal privativa com ampla mes... 20/08/26",N/A,N/A,N/A,1 Vaga,35 m²,Águas Claras,https://img.dfimoveis.com.br/fotos/1415586/3164de02305a6f22bd00055c1a961300.webp,['https://img.dfimoveis.com.br/fotos/1415586/3164de02305a6f22bd00055c1a961300.webp'],ONE Admin. Imóveis,2026-08-30T15:08:16.405580
c261901b7459,dfimoveis_1034626,"Rua COPAIBA, NORTE, AGUAS CLARAS",/imovel/apartamento-1-quarto-aluguel-norte-aguas-claras-df-rua-copaiba-1034626,3000,"ESPECIFICAÇÕES DO APARTAMENTO
Apartamento 01 quarto com 44 m², sol perpendicular, 100% reformado, bancadas e pia em quar... 06/09/24",1 Quarto,1 Suíte,N/A,1 Vaga,44 m²,Águas Claras,https://img.dfimoveis.com.br/fotos/1034626/2548d2b240d08f9ee3ef9ffe98d6314a.jpg?format=webp,['https://img.dfimoveis.com.br/fotos/1034626/2548d2b240d08f9ee3ef9ffe98d6314a.jpg?format=webp'],Real Capital Imobiliária,2026-08-30T15:08:16.408788
1da5c54696d9,dfimoveis_1384204,"SCEN Trecho 1 Conjunto 36 Condominio Ilhas do Lago, ASA NORTE, BRASILIA",/imovel/apartamento-3-quartos-aluguel-asa-norte-brasilia-df-scen-trecho-1-conjunto-36-condominio-ilhas-do-lago-1384204,16500,"EXCLUSIVIDADE ÀS MARGENS DO LAGO PARANOÁ

Imagine acordar todos os dias com uma vista permanente para o Lago Paranoá, ce... 13/07/26",3 Quartos,2 Suítes,N/A,2 Vagas,140 m²,Asa Norte,https://img.dfimoveis.com.br/fotos/1384204/7ce8c1283ac0bdea950d38bc6ea1ad93.webp,['https://img.dfimoveis.com.br/fotos/1384204/7ce8c1283ac0bdea950d38bc6ea1ad93.webp'],Nicolle Menali,2026-08-30T15:08:16.411073
46d4c47d1668,dfimoveis_877007,"Praça de Atividades 4, JARDINS MANGUEIRAL, BRASILIA",/imovel/sala-0-quartos-aluguel-jardins-mangueiral-brasilia-df-praca-de-atividades-4-877007,1340,"GRANDE OPORTUNIDADE SALAS COMERCIAIS JARDINS MANGUEIRAL POSTO MELHOR 25,00m²

Excelente opções de Salas Comerciais, pavi... 29/11/23",N/A,N/A,N/A,N/A,25 m²,Jardins Mangueiral,https://img.dfimoveis.com.br/fotos/877007/e288b2ca7e06eb040ab3bd605846ad58.webp,['https://img.dfimoveis.com.br/fotos/877007/e288b2ca7e06eb040ab3bd605846ad58.webp'],Empreendimentos Brasília,2026-08-30T15:08:30.463999
e10d2963c022,dfimoveis_1404151,"SQS 302 Bloco G, ASA SUL, BRASILIA",/imovel/apartamento-3-quartos-aluguel-asa-sul-brasilia-df-sqs-302-bloco-g-1404151,6250,"TH7926 - Sqs 302 Asa Sul, Apartamento 03 quartos, 115m². Agende sua visita!  

Imóvel composto por sala, 03 quartos com ... 29/07/26",3 Quartos,1 Suíte,N/A,1 Vaga,115 m²,Asa Sul,https://img.dfimoveis.com.br/fotos/1404151/3cc55c835e8912bacd7e2828338f07c7.webp,['https://img.dfimoveis.com.br/fotos/1404151/3cc55c835e8912bacd7e2828338f07c7.webp'],Thaís Imobiliária,2026-08-30T15:08:30.466823
1b15dd20804f,dfimoveis_1371663,"SCES Trecho 4, ASA SUL, BRASILIA",/imovel/apartamento-1-quarto-aluguel-asa-sul-brasilia-df-sces-trecho-4-1371663,4200,"Venha morar no apartamento dos seus sonhos! 

Localizado em um dos bairros mais tranquilos e charmosos da cidade, este l... 21/06/26",1 Quarto,1 Suíte,N/A,1 Vaga,42 m²,Asa Sul,https://img.dfimoveis.com.br/fotos/1371663/e983cb9ecf76bdbef28d099223ff89cd.webp,['https://img.dfimoveis.com.br/fotos/1371663/e983cb9ecf76bdbef28d099223ff89cd.webp'],Coelho Imóveis Consultoria Prime,2026-08-30T15:08:30.469163
1821ee51d4ad,dfimoveis_1318129,"SCN Quadra 1, ASA NORTE, BRASILIA",/imovel/sala-0-quartos-aluguel-asa-norte-brasilia-df-scn-quadra-1-1318129,90000,"Laje Corporativa Exclusiva no Vega Luxury Mall! ??

Pronta para uso, essa laje corporativa é ideal para empresas que bus... 12/03/26",N/A,N/A,N/A,44 Vagas,1300 m²,Asa Norte,https://img.dfimoveis.com.br/fotos/1318129/640d9d6bbb1c3b0b61c93dc7ae595193.webp,['https://img.dfimoveis.com.br/fotos/1318129/640d9d6bbb1c3b0b61c93dc7ae595193.webp'],KZABSB IMOBILIARIA,2026-08-30T15:08:30.471691
23b0845d826e,dfimoveis_1358882,"Rua COPAIBA, NORTE, AGUAS CLARAS",/imovel/apartamento-2-quartos-aluguel-norte-aguas-claras-df-rua-copaiba-1358882,2550,"TH23820 - Rua Copaiba Águas Claras - Res. Rosely Gonçalves, Apartamento 02 quartos, 56m². Agende sua visita!  

Imóvel c... 26/05/26",2 Quartos,N/A,N/A,1 Vaga,56 m²,Águas Claras,https://img.dfimoveis.com.br/fotos/1358882/336ee1d8f2573033045119818039967d.webp,['https://img.dfimoveis.com.br/fotos/1358882/336ee1d8f2573033045119818039967d.webp'],Thaís Imobiliária,2026-08-30T15:08:30.474746
6bf2de3c6f56,dfimoveis_1236859,"SIA Trecho 1 Lotes 630 a 780, SIA, SETOR INDUSTRIAL",/imovel/sala-0-quartos-aluguel-sia-setor-industrial-df-sia-trecho-1-lotes-630-a-780-1236859,337500,"Um empreendimento corporativo completo no coração do SIA.
Espaços moduláveis a partir de 300 m² até blocos inteiros.

O ... 01/10/25",N/A,N/A,N/A,N/A,4500 m²,Setor Industrial,https://img.dfimoveis.com.br/fotos/1236859/0d2fdfb09602f734fa50c24e0e1580fc.webp,['https://img.dfimoveis.com.br/fotos/1236859/0d2fdfb09602f734fa50c24e0e1580fc.webp'],José Martins Soluções Desenvolvimento Imobiliário,2026-08-30T15:08:30.477371
aa474e298a1b,dfimoveis_1419214,"QNN 20 Conjunto O, CEILANDIA SUL, CEILANDIA",/imovel/ponto-comercial-0-quartos-aluguel-ceilandia-sul-ceilandia-df-qnn-20-conjunto-o-1419214,5000,"BENINI ALUGA

EM PRÉDIO COMERCIAL, ANDAR INTEIRO, 
VAZIO E SEM PAREDES. OPORTUNIDADE 
DE MONTAR O SEU NEGÓCIO DA FOR... 27/08/26",N/A,N/A,N/A,N/A,100 m²,Ceilândia,https://img.dfimoveis.com.br/fotos/1419214/3c637f276fe7527c0ce17a79fb74d16a.webp,['https://img.dfimoveis.com.br/fotos/1419214/3c637f276fe7527c0ce17a79fb74d16a.webp'],Benini Imóveis  ,2026-08-30T15:08:30.479716
64760f03fc94,dfimoveis_1413171,"CA 02, LAGO NORTE, BRASILIA",/imovel/kitnet-1-quarto-aluguel-lago-norte-brasilia-df-ca-02-1413171,2500,"Lago Norte, CA 02, Condomínio Residencial Seletto. Kitnet com varanda para locação!

Localização privilegiada próximo ao... 17/08/26",1 Quarto,N/A,N/A,1 Vaga,36 m²,Lago Norte,https://img.dfimoveis.com.br/fotos/1413171/11d5893660492f1c08720e4f1a8cdb38.webp,['https://img.dfimoveis.com.br/fotos/1413171/11d5893660492f1c08720e4f1a8cdb38.webp'],Êxito Premium,2026-08-30T15:08:30.482117
7e13e4a0bd80,dfimoveis_1255763,"ADE Conjunto 23, ADE, AGUAS CLARAS",/imovel/prdio-0-quartos-aluguel-ade-aguas-claras-df-ade-conjunto-23-1255763,11490,Apresentamos uma excelente oportunidade comercial para locação em ADE a beira da BR-060 Distrito Federal. Este prédio de... 05/11/25,N/A,N/A,N/A,N/A,600 m²,Águas Claras,https://img.dfimoveis.com.br/fotos/1255763/3cc2772ad29c7e8a42513fb64aba222b.webp,['https://img.dfimoveis.com.br/fotos/1255763/3cc2772ad29c7e8a42513fb64aba222b.webp'],Re/max Habita Star Empreendimentos Imobiliários,2026-08-30T15:08:30.484018
fdf9d8cce914,dfimoveis_1031560,"Quadra 44 Conjunto B, PARQUE DA BARRAGEM SETOR 02, AGUAS LINDAS DE GOIAS",/imovel/apartamento-2-quartos-aluguel-parque-da-barragem-setor-02-aguas-lindas-de-goias-go-quadra-44-conjunto-b-1031560,800,"APT 
Características do imóvel:
2 quartos
Sala 
Cozinha 
Banheiro espaçoso
Portão eletrônico
Água/Luz 
Lazer Completo

a... 30/08/24",2 Quartos,N/A,N/A,1 Vaga,60 m²,Outro,https://img.dfimoveis.com.br/fotos/1031560/f215c0a008127baf3b6cd9f5c29a9cf5.webp,['https://img.dfimoveis.com.br/fotos/1031560/f215c0a008127baf3b6cd9f5c29a9cf5.webp'],Nathalia Vieira,2026-08-30T15:08:30.486162
3f5bff080a00,dfimoveis_928211,"Avenida das Araucárias, SUL, AGUAS CLARAS",/imovel/kitnet-1-quarto-aluguel-sul-aguas-claras-df-avenida-das-araucarias-928211,1200,"Kit dividida sala/quarto/cozinha, com ar condicionado, armários, banheiro com espelho, box em blindex e chuveiro, bancad... 29/02/24",1 Quarto,N/A,N/A,1 Vaga,30 m²,Águas Claras,https://img.dfimoveis.com.br/fotos/928211/89c39c459f72c48876bf73bdbc1becd5.jpg?format=webp,['https://img.dfimoveis.com.br/fotos/928211/89c39c459f72c48876bf73bdbc1becd5.jpg?format=webp'],Imobiliária Lago Norte,2026-08-30T15:08:30.488681
959878f3cc96,dfimoveis_1416683,"Avenida Central Bloco 1305, NUCLEO BANDEIRANTE, NUCLEO BANDEIRANTE",/imovel/apartamento-1-quarto-aluguel-nucleo-bandeirante-nucleo-bandeirante-df-avenida-central-bloco-1305-1416683,1500,"Para você que quer morar pertinho da Asa Sul, a Blem Imóveis ALUGA um apartamento de 1 quarto na melhor localização do N... 22/08/26",1 Quarto,N/A,N/A,N/A,33 m²,Núcleo Bandeirante,https://img.dfimoveis.com.br/fotos/1416683/ec3f00994ecf1cf49ff45c5d65062395.webp,['https://img.dfimoveis.com.br/fotos/1416683/ec3f00994ecf1cf49ff45c5d65062395.webp'],Blem Imóveis,2026-08-30T15:08:30.491407
ab82cc7c11fc,dfimoveis_1345770,"CNA 2 Praça DI, ZONA RURAL, TAGUATINGA",/imovel/loja-0-quartos-aluguel-zona-rural-taguatinga-df-cna-2-praca-di-1345770,4000,"ALUGUEL BRUTO................................................	 R$ 4.708,00 
DESCONTO PONTUALIDADE.......................... 01/05/26",N/A,N/A,N/A,N/A,100 m²,Taguatinga,https://img.dfimoveis.com.br/fotos/1345770/2952bb6c49f189d4119bbd86676e0709.webp,['https://img.dfimoveis.com.br/fotos/1345770/2952bb6c49f189d4119bbd86676e0709.webp'],Antônio Filho Imobiliária,2026-08-30T15:08:30.493589
9cde4c991090,dfimoveis_313510,"SCS Quadra 04 Bloco A Lote 57, ASA SUL, BRASILIA",/imovel/loja-0-quartos-aluguel-asa-sul-brasilia-df-scs-quadra-04-bloco-a-lote-57-313510,20000,"Ampla Loja Térrea com Subsolos e 7 Vagas de Garagem – Asa Sul, Brasília
Se você procura o espaço ideal para impulsionar ... 06/05/21",N/A,N/A,N/A,7 Vagas,684 m²,Asa Sul,https://img.dfimoveis.com.br/fotos/313510/95cafe3fea63eea27210e032d1c23acf.webp,['https://img.dfimoveis.com.br/fotos/313510/95cafe3fea63eea27210e032d1c23acf.webp'],Êxito Netimóveis,2026-08-30T15:08:30.495579
d0673dcdbb3f,dfimoveis_1350658,"QR 405 Conjunto 11, SAMAMBAIA NORTE, SAMAMBAIA",/imovel/ponto-comercial-0-quartos-aluguel-samambaia-norte-samambaia-df-qr-405-conjunto-11-1350658,450,"ALUGUEL DE LOJA  QR 405  SAMAMBAIA NORTE

Apresentamos uma excelente oportunidade de locação de loja comercial, localiza... 12/05/26",N/A,N/A,N/A,N/A,50 m²,Samambaia,https://img.dfimoveis.com.br/fotos/1350658/b0f8b67f2a2fcb91df1e647fedb2eb84.webp,['https://img.dfimoveis.com.br/fotos/1350658/b0f8b67f2a2fcb91df1e647fedb2eb84.webp'],Re/Max Inovelar,2026-08-30T15:08:30.498667
ba05a1213494,dfimoveis_1404319,"CNF 3, TAGUATINGA NORTE, TAGUATINGA",/imovel/apartamento-3-quartos-aluguel-taguatinga-norte-taguatinga-df-cnf-3-1404319,3000,"Excelente apartamento, composto de:

03 QUARTOS (SENDO 2 DELES SUÍTE), + DESPENSA, SALA, COPA, COZINHA, BANHEIRO SOCIAL,... 29/07/26",3 Quartos,2 Suítes,N/A,N/A,110 m²,Taguatinga,https://img.dfimoveis.com.br/fotos/1404319/6df4dadd43d389ff147df083ad16a7a9.webp,['https://img.dfimoveis.com.br/fotos/1404319/6df4dadd43d389ff147df083ad16a7a9.webp'],NOVAES IMOVEIS,2026-08-30T15:08:30.500955
0d5196990ea6,dfimoveis_1402794,"AOS 04 Bloco A, OCTOGONAL, BRASILIA",/imovel/apartamento-2-quartos-aluguel-octogonal-brasilia-df-aos-04-bloco-a-1402794,4300,"Uma excelente opção para quem busca conforto, funcionalidade e ótima localização.

  Sala ampla e bem iluminada;
  02 qu... 25/07/26",2 Quartos,N/A,N/A,1 Vaga,69 m²,Octogonal,https://img.dfimoveis.com.br/fotos/1402794/7928c3430ec71e6958897398b45219a7.webp,['https://img.dfimoveis.com.br/fotos/1402794/7928c3430ec71e6958897398b45219a7.webp'],Alpha Brasilia Administradora de Imóveis,2026-08-30T15:08:30.503191
068fcda3f733,dfimoveis_1375225,"SHS Quadra 6, ASA SUL, BRASILIA",/imovel/apartamento-2-quartos-aluguel-asa-sul-brasilia-df-shs-quadra-6-1375225,8500,"TH29860 - Shs Qd 06 Asa Sul - Res. Brasil 21, Apartamento Mobiliado 02 quartos, 79m². Agende sua visita!  

Imóvel compo... 30/06/26",2 Quartos,N/A,N/A,N/A,79 m²,Asa Sul,https://img.dfimoveis.com.br/fotos/1375225/4679d75d1a66df7f045eccc9f2fc9fe9.webp,['https://img.dfimoveis.com.br/fotos/1375225/4679d75d1a66df7f045eccc9f2fc9fe9.webp'],Thaís Imobiliária,2026-08-30T15:08:30.505826
d6498da05596,dfimoveis_1383719,"SQS 402 Bloco D, ASA SUL, BRASILIA",/imovel/apartamento-3-quartos-aluguel-asa-sul-brasilia-df-sqs-402-bloco-d-1383719,4500,"Aluga-se Apartamento 
SQS 402 Bloco D - Asa Sul / DF 

Ótima localização! No centro de Brasília 
Próximo ao Setor de Aut... 12/07/26",3 Quartos,N/A,N/A,N/A,92 m²,Asa Sul,https://img.dfimoveis.com.br/fotos/1383719/ecd9929373f942a1071651356d3e01f4.webp,['https://img.dfimoveis.com.br/fotos/1383719/ecd9929373f942a1071651356d3e01f4.webp'],MG Escritório Imobiliário,2026-08-30T15:08:30.508851
53fbb7ad3a19,dfimoveis_1397775,"CLN 408, ASA NORTE, BRASILIA",/imovel/loja-0-quartos-aluguel-asa-norte-brasilia-df-cln-408-1397775,900,"Granville Negócios Imobiliária Aluga:

Excelente loja no subsolo, CLN 408 da Asa Norte, com 29m² de área útil, o prédio ... 16/07/26",N/A,N/A,N/A,N/A,29 m²,Asa Norte,https://img.dfimoveis.com.br/fotos/1397775/13d85764c4b5909d8f0a971c82a258c6.webp,['https://img.dfimoveis.com.br/fotos/1397775/13d85764c4b5909d8f0a971c82a258c6.webp'],Granville Negócios Imobiliários,2026-08-30T15:08:30.510916
b05962fa0941,dfimoveis_79630,"Avenida Flamboyant, NORTE, AGUAS CLARAS",/imovel/apartamento-3-quartos-aluguel-norte-aguas-claras-df-avenida-flamboyant-79630,3700,"Alugue sem Fiador, sem burocracia e sem taxa de adesão,
Pagando apenas 12,5% do valor do aluguel mensal. 
Aprovação medi... 08/05/24",3 Quartos,1 Suíte,N/A,2 Vagas,116 m²,Águas Claras,https://img.dfimoveis.com.br/fotos/79630/c06a4e8db52a5152ef53f2a2653885fd.webp,['https://img.dfimoveis.com.br/fotos/79630/c06a4e8db52a5152ef53f2a2653885fd.webp'],Acontece Imobiliária,2026-08-30T15:08:30.515517
0232959ae326,dfimoveis_876335,"SCS Quadra 02 Bloco D Lote 81, ASA SUL, BRASILIA",/imovel/sala-0-quartos-aluguel-asa-sul-brasilia-df-scs-quadra-02-bloco-d-lote-81-876335,900,"SCS  QUADRA 02 - EDIFÍCIO OSCAR NIEMEYER - LOCAÇÃO OU VENDA SALA COM VAGA DE GARAGEM.

DESCRIÇÃO DO IMÓVEL:
- Sala com á... 28/11/23",N/A,N/A,N/A,1 Vaga,41 m²,Asa Sul,https://img.dfimoveis.com.br/fotos/876335/f862d73fb5b8fd816b9055c350faa67d.webp,['https://img.dfimoveis.com.br/fotos/876335/f862d73fb5b8fd816b9055c350faa67d.webp'],J Ribeiro Emp Imobiliários,2026-08-30T15:08:30.517634
617b3b3fe4ae,dfimoveis_1148731,"QS 107 Conjunto 8, SAMAMBAIA SUL, SAMAMBAIA",/imovel/ponto-comercial-0-quartos-aluguel-samambaia-sul-samambaia-df-qs-107-conjunto-8-1148731,5000,"Aluguel de Prédio -  QS 107, Samambaia Sul

Excelente oportunidade para clínicas, laboratórios, consultórios ou empresas... 21/04/25",N/A,N/A,N/A,N/A,400 m²,Samambaia,https://img.dfimoveis.com.br/fotos/1148731/fc3525310459453d7004292d13fd4013.webp,['https://img.dfimoveis.com.br/fotos/1148731/fc3525310459453d7004292d13fd4013.webp'],Re/Max Inovelar,2026-08-30T15:08:30.519709
ea91b2b0505b,dfimoveis_1361036,"SQS 112, ASA SUL, BRASILIA",/imovel/apartamento-3-quartos-aluguel-asa-sul-brasilia-df-sqs-112-1361036,6000,"Se você procura conforto, espaço e a praticidade de morar em uma das quadras mais tradicionais da Asa Sul, este apartame... 30/05/26",3 Quartos,N/A,N/A,N/A,104 m²,Asa Sul,https://img.dfimoveis.com.br/fotos/1361036/602e6e2bfbd4da26b2800786962c87cf.webp,['https://img.dfimoveis.com.br/fotos/1361036/602e6e2bfbd4da26b2800786962c87cf.webp'],Amaral Imóveis ,2026-08-30T15:08:30.522291
32b4fbc1bfc0,dfimoveis_1414189,"SGAN 915 Módulo F, ASA NORTE, BRASILIA",/imovel/apartamento-1-quarto-aluguel-asa-norte-brasilia-df-sgan-915-modulo-f-1414189,2300,"KITINETE novíssima, armários Todeschini, piso cerâmica fina, cozinha americana com armários planejados, nicho para gelad... 18/08/26",1 Quarto,1 Suíte,N/A,1 Vaga,30 m²,Asa Norte,https://img.dfimoveis.com.br/fotos/1414189/ebaa0c2a1f96c64292b062424f32e6a2.webp,['https://img.dfimoveis.com.br/fotos/1414189/ebaa0c2a1f96c64292b062424f32e6a2.webp'],Andréa Vieira Escritório Imobiliário,2026-08-30T15:08:30.525343
f0d9e174642a,dfimoveis_150492,"SCN Quadra 01 Bloco F, ASA NORTE, BRASILIA",/imovel/sala-0-quartos-aluguel-asa-norte-brasilia-df-scn-quadra-01-bloco-f-150492,7800,"VILLA117753 - Última atualização: 29/08/26 23:32
Excelente conjunto com aproximadamente 140 m² de área privativa, 2 vaga... 29/08/26",N/A,N/A,N/A,2 Vagas,140 m²,Asa Norte,https://img.dfimoveis.com.br/fotos/150492/5e6d1bba69f279b77fafa668f4af3a97.webp,['https://img.dfimoveis.com.br/fotos/150492/5e6d1bba69f279b77fafa668f4af3a97.webp'],Meta Imobiliária,2026-08-30T15:08:30.527471
3057fdcd0f82,dfimoveis_1163393,"Quadra 9 Comércio Local 4, SOBRADINHO, SOBRADINHO",/imovel/loja-0-quartos-aluguel-sobradinho-sobradinho-df-quadra-9-comercio-local-4-1163393,12000,"OTIMA OPORTUNIDADE DE LOCAÇÃO COMERCIAL QUADRA 09 CL 04

- Salão espaçoso
 - Copa 
- Dois banheiros
- Imóvel com ótima l... 14/05/25",N/A,N/A,N/A,N/A,200 m²,Sobradinho,https://img.dfimoveis.com.br/fotos/1163393/4fb359cadfb5b4ea5ca9853016bd1ef8.webp,['https://img.dfimoveis.com.br/fotos/1163393/4fb359cadfb5b4ea5ca9853016bd1ef8.webp'],Diogenes Imobiliária,2026-08-30T15:08:30.529417
647d5ce0743f,dfimoveis_1303500,"SRTVS, ASA SUL, BRASILIA",/imovel/loja-0-quartos-aluguel-asa-sul-brasilia-df-srtvs-1303500,2000,"ALUGO LOJAS 11 E 12 DO NOVO MULTIEMPRESARIAL
POR  R$ 1.000,00 CADA- 33M2 + 20M2 DE MEZANINO EM CADA
AMBAS COM MEZANINO A... 12/02/26",N/A,N/A,N/A,N/A,30 m²,Asa Sul,https://img.dfimoveis.com.br/fotos/1303500/d4d55d205a26641a32737494f0e00a1d.webp,['https://img.dfimoveis.com.br/fotos/1303500/d4d55d205a26641a32737494f0e00a1d.webp'],Júpiter Escritório Imobiliário,2026-08-30T15:08:30.531596
ab50062e5e94,dfimoveis_1055940,"QNB 3, TAGUATINGA NORTE, TAGUATINGA",/imovel/prdio-0-quartos-aluguel-taguatinga-norte-taguatinga-df-qnb-3-1055940,55000,"QNB 03 LOTE 40 - TAGUATINGA NORTE/DF.

ORITON PEREIRA CORRETOR DE IMÓVEIS ALUGA PRÉDIO:
FACHADA MODERNA E IMPONENTE EM G... 15/10/24",N/A,N/A,N/A,9 Vagas,1630 m²,Taguatinga,https://img.dfimoveis.com.br/fotos/1055940/60c249a3896c82db4ba90116553e95ad.jpg?format=webp,['https://img.dfimoveis.com.br/fotos/1055940/60c249a3896c82db4ba90116553e95ad.jpg?format=webp'],Oriton Pereira,2026-08-30T15:08:30.533567
7349aa0ec026,dfimoveis_1066133,"CL 215, SANTA MARIA, SANTA MARIA",/imovel/sala-0-quartos-aluguel-santa-maria-santa-maria-df-cl-215-1066133,1650,"CL 215  ED. IZA MATIAS SALA COMERCIAL COM 35,00m², PRÉDIO COM ELEVADOR

ALUGUE! 
Sala corporativa na melhor localização ... 30/10/24",N/A,N/A,N/A,N/A,45 m²,Santa Maria,https://img.dfimoveis.com.br/fotos/1066133/b29abfe7fc44d6936447b5f9ad3fbe57.jpg?format=webp,['https://img.dfimoveis.com.br/fotos/1066133/b29abfe7fc44d6936447b5f9ad3fbe57.jpg?format=webp'],Empreendimentos Brasília,2026-08-30T15:08:30.535924
63d11ef088c4,dfimoveis_964549,"SHIS QI 26, LAGO SUL, BRASILIA",/imovel/loja-0-quartos-aluguel-lago-sul-brasilia-df-shis-qi-26-964549,10000,"Oportunidade Excepcional: Três Lojas Conjugadas no Coração do Lago Sul

Esta é a oportunidade perfeita para expandir o s... 29/04/24",N/A,N/A,N/A,N/A,192 m²,Lago Sul,https://img.dfimoveis.com.br/fotos/964549/0fe574d6bc675ce5f83e9d8aafef5b12.jpg?format=webp,['https://img.dfimoveis.com.br/fotos/964549/0fe574d6bc675ce5f83e9d8aafef5b12.jpg?format=webp'],Nicolle Menali,2026-08-30T15:08:43.093739
ffe6f06ae888,dfimoveis_1352600,"SHS Quadra 05 Bloco G, ASA SUL, BRASILIA",/imovel/prdio-0-quartos-aluguel-asa-sul-brasilia-df-shs-quadra-05-bloco-g-1352600,240000,"Loja Comercial para Locação – Asa Sul / Setor Hoteleiro Sul

- Excelente visibilidade, com fachada voltada para três rua... 14/05/26",N/A,N/A,N/A,2 Vagas,1022 m²,Asa Sul,https://img.dfimoveis.com.br/fotos/1352600/507bf893f8610bde5d730f3fff7cacb0.webp,['https://img.dfimoveis.com.br/fotos/1352600/507bf893f8610bde5d730f3fff7cacb0.webp'],Grupo Carlton,2026-08-30T15:08:43.095878
9dd31b8d4cdf,dfimoveis_1415789,"SIG Quadra 4, SIG, BRASILIA",/imovel/sala-0-quartos-aluguel-sig-brasilia-df-sig-quadra-4-1415789,2690,"NEVES TEIXEIRA IMÓVEIS ALUGA: 

Espetacular sala, nascente, muito bem reformada e planejada, semi mobiliada, medindo 36m... 21/08/26",N/A,N/A,N/A,N/A,36 m²,Outro,https://img.dfimoveis.com.br/fotos/1415789/85f5b644617fb1fcddad886432a7dcc0.webp,['https://img.dfimoveis.com.br/fotos/1415789/85f5b644617fb1fcddad886432a7dcc0.webp'],Neves Teixeira Imóveis,2026-08-30T15:08:43.097968
795bce897c1a,dfimoveis_1383032,"SHTN Trecho 2, ASA NORTE, BRASILIA",/imovel/apartamento-1-quarto-aluguel-asa-norte-brasilia-df-shtn-trecho-2-1383032,5000,"Conforto e praticidade em um apartamento luminoso na ASA NORTE, Brasília, no SHTN Trecho 2. Com vista para o lago, ofere... 10/07/26",1 Quarto,N/A,N/A,2 Vagas,55 m²,Asa Norte,https://img.dfimoveis.com.br/fotos/1383032/91e9a7ce2726c13ee5aca0b5429a427c.webp,['https://img.dfimoveis.com.br/fotos/1383032/91e9a7ce2726c13ee5aca0b5429a427c.webp'],Jailson Pontes,2026-08-30T15:08:43.100008
d09ed4f4acb4,dfimoveis_66873,"STN, ASA NORTE, BRASILIA",/imovel/kitnet-1-quarto-aluguel-asa-norte-brasilia-df-stn-66873,2000,"Granville Negócios Imobiliários Aluga:

Linda Kit Nascente, com vista livre, mobiliada, no condomínio fechado Toscana, c... 07/03/18",1 Quarto,N/A,N/A,1 Vaga,27 m²,Asa Norte,https://img.dfimoveis.com.br/fotos/66873/b344b759b1a91a33d9a9a6477828260b.jpg?format=webp,['https://img.dfimoveis.com.br/fotos/66873/b344b759b1a91a33d9a9a6477828260b.jpg?format=webp'],Granville Negócios Imobiliários,2026-08-30T15:08:43.102010
8a6be7dbb201,dfimoveis_1347444,"SEPS 709/909, ASA SUL, BRASILIA",/imovel/sala-0-quartos-aluguel-asa-sul-brasilia-df-seps-709-909-1347444,1950,"IPTU 2026: R$ 1.828,09 ou 6 x 304,69
Condomínio: R$ 1.019,47

OBS: Os valores podem sofrer alterção sem aviso prévio.

A... 05/05/26",N/A,N/A,N/A,N/A,40 m²,Asa Sul,https://img.dfimoveis.com.br/fotos/1347444/d5bfb96bd70d44621ebbaa234df98393.webp,['https://img.dfimoveis.com.br/fotos/1347444/d5bfb96bd70d44621ebbaa234df98393.webp'],Abitare Imóveis,2026-08-30T15:08:43.104236
1864509d48e4,dfimoveis_1411861,"Avenida Sibipiruna, SUL, AGUAS CLARAS",/imovel/apartamento-1-quarto-aluguel-sul-aguas-claras-df-avenida-sibipiruna-1411861,2399,"Urban Life - 37m² - Primeira locação

Se você procura tranquilidade aliado a facilidades e lazer completo, esse apartame... 14/08/26",1 Quarto,1 Suíte,N/A,1 Vaga,37 m²,Águas Claras,https://img.dfimoveis.com.br/fotos/1411861/58b93da32ad918fe22c00b86ddbf6a25.webp,['https://img.dfimoveis.com.br/fotos/1411861/58b93da32ad918fe22c00b86ddbf6a25.webp'],D'asa Imob,2026-08-30T15:08:43.109597
5adabaa9d01c,dfimoveis_1406888,"SCS Quadra 01 Bloco B Lote 16/18, ASA SUL, BRASILIA",/imovel/sala-0-quartos-aluguel-asa-sul-brasilia-df-scs-quadra-01-bloco-b-lote-16-18-1406888,800,"Sala Comercial no Edifício Maristela Asa Sul | Pronta, Porcelanato e Perto da Estação do Metrô Galeria e Banco Central

... 04/08/26",N/A,N/A,N/A,N/A,37 m²,Asa Sul,https://img.dfimoveis.com.br/fotos/1406888/be62ec31d481fa9a260d1802b736f5c2.webp,['https://img.dfimoveis.com.br/fotos/1406888/be62ec31d481fa9a260d1802b736f5c2.webp'],Digito Imóveis,2026-08-30T15:08:43.112175
615ae2f3afad,dfimoveis_1204087,"Rua 36, SUL, AGUAS CLARAS",/imovel/hotel-flat-1-quarto-aluguel-sul-aguas-claras-df-rua-36-1204087,2350,"LINDO FLAT PARA LOCAÇÃO - TUDO PRONTO! SÓ MORAR
S4 HOTEL - MELHOR HOTEL DE ÁGUAS CLARAS

FLAT MOBILIADO!
EXCEDENTE DE R$... 31/07/25",1 Quarto,1 Suíte,N/A,N/A,30 m²,Águas Claras,https://img.dfimoveis.com.br/fotos/1204087/fe1eba02851293b3a2de5a4d3f3594c8.webp,['https://img.dfimoveis.com.br/fotos/1204087/fe1eba02851293b3a2de5a4d3f3594c8.webp'],7 Imob,2026-08-30T15:08:43.115310
70937b1e2689,dfimoveis_1235478,"SHIS QI 17 COMERCIO LOCAL S/N, LAGO SUL, BRASILIA",/imovel/loja-0-quartos-aluguel-lago-sul-brasilia-df-shis-qi-17-comercio-local-s-n-1235478,15615,"A FUTURA NEGÓCIOS IMOBILIÁRIOS disponibiliza para LOCAÇÃO:

Excelente Loja Comercial com 111m² - Fashion Park Lago Sul

... 27/09/25",N/A,N/A,N/A,N/A,110 m²,Lago Sul,https://img.dfimoveis.com.br/fotos/1235478/812759e882c0deb8ab80d1c6c0372857.webp,['https://img.dfimoveis.com.br/fotos/1235478/812759e882c0deb8ab80d1c6c0372857.webp'],Futura Negócios Imobiliários,2026-08-30T15:08:43.119727
f9ae64e05205,dfimoveis_1410039,"SHCGN 703 Bloco R, ASA NORTE, BRASILIA",/imovel/apartamento-1-quarto-aluguel-asa-norte-brasilia-df-shcgn-703-bloco-r-1410039,5497,"Viva o melhor no coração da Asa Norte ! 
Aproveite essa oportunidade e seja a segunda pessoa a morar nesse linda cobertu... 11/08/26",1 Quarto,1 Suíte,N/A,1 Vaga,100 m²,Asa Norte,https://img.dfimoveis.com.br/fotos/1410039/6c463aa1b3b5d8780e79def92995b870.webp,['https://img.dfimoveis.com.br/fotos/1410039/6c463aa1b3b5d8780e79def92995b870.webp'],Joaquim Cândido Imóveis,2026-08-30T15:08:43.128638
08d784cfda43,dfimoveis_1382808,"ADE Quadra 02 Conjunto A, ADE, CEILANDIA",/imovel/loja-0-quartos-aluguel-ade-ceilandia-df-ade-quadra-02-conjunto-a-1382808,2200,"COELHO IMÓVEIS CONSULTORIA PRIME ALUGA:

Excelente oportunidade para o seu negócio! Alugue agora uma loja comercial com ... 10/07/26",N/A,N/A,N/A,N/A,181 m²,Ceilândia,https://img.dfimoveis.com.br/fotos/1382808/36b23f378de7350db4c29052540afb26.webp,['https://img.dfimoveis.com.br/fotos/1382808/36b23f378de7350db4c29052540afb26.webp'],Coelho Imóveis Consultoria Prime,2026-08-30T15:08:43.131900
96b75a826e01,dfimoveis_1349936,"QS 1 Rua 210, AREAL, AGUAS CLARAS",/imovel/sala-0-quartos-aluguel-areal-aguas-claras-df-qs-1-rua-210-1349936,1600,"SALA COMERCIAL PARA LOCAÇÃO  TAGUATINGA | ÁGUAS CLARAS

Oportunidade imperdível para o seu negócio! Sala comercial com 3... 09/05/26",N/A,N/A,N/A,N/A,28 m²,Águas Claras,https://img.dfimoveis.com.br/fotos/1349936/86950a4a9dcf3008b614b44b242bf2b7.webp,['https://img.dfimoveis.com.br/fotos/1349936/86950a4a9dcf3008b614b44b242bf2b7.webp'],Re/Max Inovelar,2026-08-30T15:08:43.134666
03fcf19a13ef,dfimoveis_784788,"CCSW 1 Lote 4 Bloco B, SUDOESTE, BRASILIA",/imovel/apartamento-1-quarto-aluguel-sudoeste-brasilia-df-ccsw-1-lote-4-bloco-b-784788,3500,"TRG Imobiliária ALUGA !

Excelente apartamento no Residencial Portal Master, CCSW 01, Sudoeste (DF).

Apartamento reform... 15/06/23",1 Quarto,1 Suíte,N/A,1 Vaga,28 m²,Sudoeste,https://img.dfimoveis.com.br/fotos/784788/6d8405adc08fb85e94f175242cbf57a5.jpeg?format=webp,['https://img.dfimoveis.com.br/fotos/784788/6d8405adc08fb85e94f175242cbf57a5.jpeg?format=webp'],TRG imobiliária ,2026-08-30T15:08:43.138612
8b3eed3b32d7,dfimoveis_651259,"Condomínio Solar de Brasília, JARDIM BOTANICO, BRASILIA",/imovel/casa-condominio-4-quartos-aluguel-jardim-botanico-brasilia-df-condominio-solar-de-brasilia-651259,22000,"**Disponível final do mês!**

Condomínio Solar de Brasília!

Valor do aluguel R$ 24.500,00 com R$ 2.500,00 de desconto d... 25/10/22",4 Quartos,4 Suítes,N/A,4 Vagas,620 m²,Jardim Botânico,https://img.dfimoveis.com.br/fotos/651259/17424eab660c14443386fc8220bc397a.jpg?format=webp,['https://img.dfimoveis.com.br/fotos/651259/17424eab660c14443386fc8220bc397a.jpg?format=webp'],Reverendo Escritório Imobiliário,2026-08-30T15:08:43.143510
cd7b975d32cc,dfimoveis_1161244,"SMPW Quadra 11 Conjunto 2, PARK WAY, BRASILIA",/imovel/casa-4-quartos-aluguel-park-way-brasilia-df-smpw-quadra-11-conjunto-2-1161244,24000,"TH32272 - SMPW Qd 10, casa com 7 quartos sendo 5 suítes, 639m². Agende sua visita!

Imóvel composto por sala em 2 ambien... 13/05/25",7 Quartos,5 Suítes,N/A,12 Vagas,639 m²,Park Way,https://img.dfimoveis.com.br/fotos/1161244/2fed0e0f2755f9a0b275aea1003faab3.jpg?format=webp,['https://img.dfimoveis.com.br/fotos/1161244/2fed0e0f2755f9a0b275aea1003faab3.jpg?format=webp'],Thaís Imobiliária,2026-08-30T15:08:43.147222
8bf5a5c12131,dfimoveis_267115,"QNL 5 Bloco B, TAGUATINGA NORTE, TAGUATINGA",/imovel/apartamento-3-quartos-aluguel-taguatinga-norte-taguatinga-df-qnl-5-bloco-b-267115,1750,"Agendamento e informações: 61 3021-6512/98611-1494 (só whatzapp)

Disponível para locação, apartamento 3 quartos residen... 09/12/20",3 Quartos,N/A,N/A,1 Vaga,80 m²,Taguatinga,https://img.dfimoveis.com.br/fotos/267115/dd1532c8a3569780e49612e88c1a88df.webp,['https://img.dfimoveis.com.br/fotos/267115/dd1532c8a3569780e49612e88c1a88df.webp'],Márcia Silva,2026-08-30T15:08:43.150422
01bc49b14968,dfimoveis_955156,"SHN Quadra 2, ASA NORTE, BRASILIA",/imovel/sala-0-quartos-aluguel-asa-norte-brasilia-df-shn-quadra-2-955156,4600,"Salas comerciais mobiliadas amplas e modernas! 16º andar
Ed. Executive Office Tower.

Localizada em um dos melhores pont... 13/04/24",N/A,N/A,N/A,2 Vagas,62 m²,Asa Norte,https://img.dfimoveis.com.br/fotos/955156/d818245453a4c67430def497ef0fe2ad.webp,['https://img.dfimoveis.com.br/fotos/955156/d818245453a4c67430def497ef0fe2ad.webp'],Marca Empreendimentos Imobiliarios ltda,2026-08-30T15:08:43.153727
a2e3d04bbefe,dfimoveis_525385,"Área Especial 01, SETOR CENTRAL, GAMA",/imovel/galpo-0-quartos-aluguel-setor-central-gama-df-area-especial-01-525385,2500,"2 salas comerciais no ed gama center - 60 metros 
2 banheiros

marque sua visita

patricia 61 98112 9601 15/05/22",N/A,N/A,2,N/A,60 m²,Gama,https://img.dfimoveis.com.br/fotos/525385/684271164926faa172ffee829afe2ca6.webp,['https://img.dfimoveis.com.br/fotos/525385/684271164926faa172ffee829afe2ca6.webp'],BSB Imóveis,2026-08-30T15:08:43.157506
8f834625f470,dfimoveis_1382978,"Avenida Pau Brasil, SUL, AGUAS CLARAS",/imovel/sala-0-quartos-aluguel-sul-aguas-claras-df-avenida-pau-brasil-1382978,3600,"ALUGUEL MEDIANTE CAUÇÃO DE 3 MESES ,FIADOR ou FIANÇA LOCATÍCIA

Sala comercial DE 63 M2, reformada, de canto , vista liv... 10/07/26",N/A,N/A,N/A,1 Vaga,63 m²,Águas Claras,https://img.dfimoveis.com.br/fotos/1382978/b269ee42fdf647f0a06b08ceaffa10f4.webp,['https://img.dfimoveis.com.br/fotos/1382978/b269ee42fdf647f0a06b08ceaffa10f4.webp'],Elizabete Oliveira,2026-08-30T15:08:43.161920
ee97ac0682af,dfimoveis_1255762,"QNG 12, TAGUATINGA NORTE, TAGUATINGA",/imovel/prdio-0-quartos-aluguel-taguatinga-norte-taguatinga-df-qng-12-1255762,22000,"LIGUE AGORA !!!!
MARCOS SAMPAIO  61 99976-8816.

Descubra a oportunidade ideal para o seu negócio em Taguatinga Norte co... 05/11/25",N/A,N/A,N/A,20 Vagas,948 m²,Taguatinga,https://img.dfimoveis.com.br/fotos/1255762/c1c0baac3bebae4132ae0231d534cfaf.webp,['https://img.dfimoveis.com.br/fotos/1255762/c1c0baac3bebae4132ae0231d534cfaf.webp'],Re/max Habita Star Empreendimentos Imobiliários,2026-08-30T15:08:43.166123
fd56ed488abd,dfimoveis_1414955,"QS 5 Rua 400, AREAL, AGUAS CLARAS",/imovel/apartamento-2-quartos-aluguel-areal-aguas-claras-df-qs-5-rua-400-1414955,4600,"O imóvel conta com marcenaria planejada em todos os ambientes, projeto de iluminação e acabamentos que valorizam cada es... 20/08/26",2 Quartos,1 Suíte,N/A,2 Vagas,66 m²,Águas Claras,https://img.dfimoveis.com.br/fotos/1414955/6bbe1790e37639f079269ede52043768.webp,['https://img.dfimoveis.com.br/fotos/1414955/6bbe1790e37639f079269ede52043768.webp'],Alpha Brasilia Administradora de Imóveis,2026-08-30T15:08:43.169418
6214ef638613,dfimoveis_1358962,"QR 406 Conjunto 30, SAMAMBAIA NORTE, SAMAMBAIA",/imovel/sala-0-quartos-aluguel-samambaia-norte-samambaia-df-qr-406-conjunto-30-1358962,1100,"QR 406, Conjunto 30, Lote 10 - Sala 03 | 1 Banheiro

Sala comercial ampla e bem localizada em Samambaia Norte, ideal par... 26/05/26",N/A,N/A,1,N/A,40 m²,Samambaia,https://img.dfimoveis.com.br/fotos/1358962/3a8c9df28e31afd75a3b439fe4c32039.webp,['https://img.dfimoveis.com.br/fotos/1358962/3a8c9df28e31afd75a3b439fe4c32039.webp'],Imobiliária Inovação,2026-08-30T15:08:43.172389
ab478089905f,dfimoveis_1341811,"SQN 310 Bloco I, ASA NORTE, BRASILIA",/imovel/apartamento-3-quartos-aluguel-asa-norte-brasilia-df-sqn-310-bloco-i-1341811,6000,"SQN 310 BLOCO I APTO 310


DESTAQUES: Localização privilegiada, em região central e estratégica, próximo à Justiça Feder... 25/04/26",3 Quartos,1 Suíte,N/A,1 Vaga,120 m²,Asa Norte,https://img.dfimoveis.com.br/fotos/1341811/1a46cf5708eae1c5576a78c1e9e6104f.webp,['https://img.dfimoveis.com.br/fotos/1341811/1a46cf5708eae1c5576a78c1e9e6104f.webp'],SPR Imóveis,2026-08-30T15:08:43.176371
1c00645acd54,dfimoveis_1308364,"Rua 10, VICENTE PIRES, VICENTE PIRES",/imovel/casa-4-quartos-aluguel-vicente-pires-vicente-pires-df-rua-10-1308364,9000,"TH34644 - Shvp Rua 17c , Casa 04 quartos, 306m². Agende sua visita! 

Imóvel composto por sala ampla com rack, painel e ... 24/02/26",4 Quartos,1 Suíte,N/A,4 Vagas,306 m²,Vicente Pires,https://img.dfimoveis.com.br/fotos/1308364/9237135d62bc3c30e648fe1289fb0b5a.webp,['https://img.dfimoveis.com.br/fotos/1308364/9237135d62bc3c30e648fe1289fb0b5a.webp'],Thaís Imobiliária,2026-08-30T15:08:43.180253
565b23289c19,dfimoveis_1357735,"SGAS 610, ASA SUL, BRASILIA",/imovel/sala-0-quartos-aluguel-asa-sul-brasilia-df-sgas-610-1357735,2800,"Excelente sala comercial de contra canto com vista para o Lago Sul e Avenida L2 Sul, pintura nova, iluminação já pronta,... 23/05/26",N/A,N/A,N/A,1 Vaga,33 m²,Asa Sul,https://img.dfimoveis.com.br/fotos/1357735/3b72b9fb3ca96efb3c00c7ed5c68d223.webp,['https://img.dfimoveis.com.br/fotos/1357735/3b72b9fb3ca96efb3c00c7ed5c68d223.webp'],Imobiliária Brasília,2026-08-30T15:08:43.183412
b8fc6a6317a4,dfimoveis_1270137,"Chacará 143, COLONIA AGRICOLA SAMAMBAIA, VICENTE PIRES",/imovel/casa-3-quartos-aluguel-colonia-agricola-samambaia-vicente-pires-df-chacara-143-1270137,5900,"Alugo casa na região regularizada de Vicente Pires, antiga Colônia Agrícola Samambaia,  excelente localização, fácil ace... 03/12/25",3 Quartos,1 Suíte,N/A,4 Vagas,110 m²,Samambaia,https://img.dfimoveis.com.br/fotos/1270137/5bd006ff360892ad94896c207204aea3.webp,['https://img.dfimoveis.com.br/fotos/1270137/5bd006ff360892ad94896c207204aea3.webp'],EMBASSY REAL STATE,2026-08-30T15:08:43.187573
7f0e2cdaec4f,dfimoveis_647466,"SQS 114, ASA SUL, BRASILIA",/imovel/apartamento-3-quartos-aluguel-asa-sul-brasilia-df-sqs-114-647466,15000,"Conforto, praticidade e elegância se encontram neste apartamento na SQS 114, ASA SUL, Brasília. Com 3 dormitórios, sendo... 18/10/22",3 Quartos,2 Suítes,N/A,3 Vagas,245 m²,Asa Sul,https://img.dfimoveis.com.br/fotos/647466/36d39714397b222b52fe34ee2a3ab957.jpg?format=webp,['https://img.dfimoveis.com.br/fotos/647466/36d39714397b222b52fe34ee2a3ab957.jpg?format=webp'],Cavalcante Imóveis,2026-08-30T15:08:43.194408
644fcce4a75e,dfimoveis_1243797,"SIA Trecho 4, SIA, SETOR INDUSTRIAL",/imovel/loja-0-quartos-aluguel-sia-setor-industrial-df-sia-trecho-4-1243797,4200,"Oportunidade de locação, loja localizada no SIA

Estudamos e negociamos carência. 

Excelente oportunidade para você que... 14/10/25",N/A,N/A,N/A,N/A,220 m²,Setor Industrial,https://img.dfimoveis.com.br/fotos/1243797/0b9d2f004df9a52eca362b7cd579b520.webp,['https://img.dfimoveis.com.br/fotos/1243797/0b9d2f004df9a52eca362b7cd579b520.webp'],Ovídio Maia imóveis ,2026-08-30T15:08:43.198361
f1177a3686a1,dfimoveis_1153834,"CLS 311 Bloco B, ASA SUL, BRASILIA",/imovel/loja-0-quartos-aluguel-asa-sul-brasilia-df-cls-311-bloco-b-1153834,6500,"Excelente loja disponível para alugar na Asa Sul, Brasília. Com uma área privativa de 105 m², este espaço é ideal para o... 01/05/25",N/A,N/A,N/A,N/A,105 m²,Asa Sul,https://img.dfimoveis.com.br/fotos/1153834/55f8e485d3437b20ea97ba0c4ec7040d.webp,['https://img.dfimoveis.com.br/fotos/1153834/55f8e485d3437b20ea97ba0c4ec7040d.webp'],Ovídio Maia imóveis ,2026-08-30T15:08:43.201516
4eab0a7a4417,dfimoveis_1403670,"QNN 1 Conjunto B, CEILANDIA NORTE, CEILANDIA",/imovel/apartamento-1-quarto-aluguel-ceilandia-norte-ceilandia-df-qnn-1-conjunto-b-1403670,1600,"ALUGUE!
apartamento com 1 quarto, sala conjugada com cozinha com armário, piso em porcelanato, banheiro com box e armári... 28/07/26",1 Quarto,N/A,N/A,N/A,39 m²,Ceilândia,https://img.dfimoveis.com.br/fotos/1403670/0f9154c4351bf87ef10b5417b3033e66.webp,['https://img.dfimoveis.com.br/fotos/1403670/0f9154c4351bf87ef10b5417b3033e66.webp'],Empreendimentos Brasília,2026-08-30T15:08:55.950780
1306744401eb,dfimoveis_1417901,"CA 02, LAGO NORTE, BRASILIA",/imovel/apartamento-1-quarto-aluguel-lago-norte-brasilia-df-ca-02-1417901,3000,"Apartamento 1 Quarto Mobiliado – Primeira Locação | Lago Norte
Apartamento mobiliado de 1 quarto, primeira locação, no R... 25/08/26",1 Quarto,N/A,N/A,1 Vaga,38 m²,Lago Norte,https://img.dfimoveis.com.br/fotos/1417901/a9eab2c0d59f8b18a3c0f8f74fc6df17.webp,['https://img.dfimoveis.com.br/fotos/1417901/a9eab2c0d59f8b18a3c0f8f74fc6df17.webp'],Casablanca Imobiliária,2026-08-30T15:08:55.952818
4edeff3cae0b,dfimoveis_1366899,"SQN 216 Bloco E, ASA NORTE, BRASILIA",/imovel/apartamento-3-quartos-aluguel-asa-norte-brasilia-df-sqn-216-bloco-e-1366899,4900,"Apartamento vazado, meio de quadra, com 3 quartos e vaga na SQN 216 ASA NORTE!

Composto por:

- 03 quartos, sendo 01 su... 10/06/26",3 Quartos,1 Suíte,N/A,1 Vaga,107 m²,Asa Norte,https://img.dfimoveis.com.br/fotos/1366899/5f61c09b6a4cce78b792e873a054cb9c.webp,['https://img.dfimoveis.com.br/fotos/1366899/5f61c09b6a4cce78b792e873a054cb9c.webp'],Precisa Netimóveis,2026-08-30T15:08:55.954852
e161cf34578a,dfimoveis_1414929,"Rua 28, SUL, AGUAS CLARAS",/imovel/apartamento-4-quartos-aluguel-sul-aguas-claras-df-rua-28-1414929,7200,"RESIDENCIAL VIA TERRAZZO  RUA 28 SUL, ÁGUAS CLARAS

Apartamento de alto padrão em uma das localizações mais valorizadas ... 20/08/26",4 Quartos,3 Suítes,N/A,3 Vagas,188 m²,Águas Claras,https://img.dfimoveis.com.br/fotos/1414929/17621dbb553589341b0b5a569a43923f.webp,['https://img.dfimoveis.com.br/fotos/1414929/17621dbb553589341b0b5a569a43923f.webp'],Dominus Inteligência Imobiliária,2026-08-30T15:08:55.957953
0a1785f3f84e,dfimoveis_473010,"Rua 37, SUL, AGUAS CLARAS",/imovel/loja-0-quartos-aluguel-sul-aguas-claras-df-rua-37-473010,4400,"Alugue sem Fiador, sem burocracia e pagando apenas 12,5% 
do valor do aluguel mensal. 
Aprovação mediante a análise de ... 08/01/25",N/A,N/A,N/A,N/A,70 m²,Águas Claras,https://img.dfimoveis.com.br/fotos/473010/1eebbc4a339d09350871c4700f8bb82b.webp,['https://img.dfimoveis.com.br/fotos/473010/1eebbc4a339d09350871c4700f8bb82b.webp'],Acontece Imobiliária,2026-08-30T15:08:55.960550
d96cc492231c,dfimoveis_1372298,"SQS 212 Bloco G, ASA SUL, BRASILIA",/imovel/apartamento-3-quartos-aluguel-asa-sul-brasilia-df-sqs-212-bloco-g-1372298,15000,"Conheça seu novo lar! Lindo apartamento mobiliado na Asa Sul, com 3 quartos, sendo 2 suítes com closet e armários, sala ... 23/06/26",3 Quartos,2 Suítes,N/A,1 Vaga,167 m²,Asa Sul,https://img.dfimoveis.com.br/fotos/1372298/f26675af1c6d1771580c956a8c535d56.webp,['https://img.dfimoveis.com.br/fotos/1372298/f26675af1c6d1771580c956a8c535d56.webp'],Realiza Corretora de Seguros e Imóveis,2026-08-30T15:08:55.962664
2ae1123a1447,dfimoveis_1370488,"Rua DAS PITANGUEIRAS, NORTE, AGUAS CLARAS",/imovel/loja-0-quartos-aluguel-norte-aguas-claras-df-rua-das-pitangueiras-1370488,60000,"SOBRELOJA COMERCIAL PARA ALUGAR EM ÁGUAS CLARAS | 604m² | RUA PITANGUEIRAS | ANTIGA SMART FIT | EXCELENTE LOCALIZAÇÃO

E... 18/06/26",N/A,N/A,N/A,N/A,604 m²,Águas Claras,https://img.dfimoveis.com.br/fotos/1370488/03632904b96979575a30c9f0abee2e08.webp,['https://img.dfimoveis.com.br/fotos/1370488/03632904b96979575a30c9f0abee2e08.webp'],My House - Vendas,2026-08-30T15:08:55.965167
70d23b15a1eb,dfimoveis_1141614,"Quadra 4, SOBRADINHO, SOBRADINHO",/imovel/loja-0-quartos-aluguel-sobradinho-sobradinho-df-quadra-4-1141614,4000,"QUADRA 04 A/E 05 LOJA 04  SOBRADINHO I

DESTAQUES: Localização privilegiada, próxima a supermercados, posto de saúde, co... 09/04/25",N/A,N/A,N/A,N/A,40 m²,Sobradinho,https://img.dfimoveis.com.br/fotos/1141614/ab4ad8e5804888becad3c4e863882a84.webp,['https://img.dfimoveis.com.br/fotos/1141614/ab4ad8e5804888becad3c4e863882a84.webp'],SPR Imóveis,2026-08-30T15:08:55.967484
d9d5a38a5d9f,dfimoveis_1419488,"SHIS QL 26 Conjunto 7, LAGO SUL, BRASILIA",/imovel/casa-4-quartos-aluguel-lago-sul-brasilia-df-shis-ql-26-conjunto-7-1419488,39000,"Excelente oportunidade de locação no Lago Sul! Localizada na SHIS QL 26, esta residência oferece ambientes amplos e conf... 28/08/26",5 Quartos,5 Suítes,N/A,2 Vagas,759 m²,Lago Sul,https://img.dfimoveis.com.br/fotos/1419488/dbd2222d0df4d09384fafc81f2c23ea2.webp,['https://img.dfimoveis.com.br/fotos/1419488/dbd2222d0df4d09384fafc81f2c23ea2.webp'],Aguiar de Vasconcelos ,2026-08-30T15:08:55.970588
2730d02216cc,dfimoveis_1375491,"Rua DAS PITANGUEIRAS, SUL, AGUAS CLARAS",/imovel/apartamento-2-quartos-aluguel-sul-aguas-claras-df-rua-das-pitangueiras-1375491,2900,"_____Residencial Chamonix_______

02 quartos sendo um suíte com armários
Quarto social com armários
Sala com varanda, e... 30/06/26",2 Quartos,1 Suíte,N/A,1 Vaga,58 m²,Águas Claras,https://img.dfimoveis.com.br/fotos/1375491/41ff7324a54f5a096807364b31a02a7a.webp,['https://img.dfimoveis.com.br/fotos/1375491/41ff7324a54f5a096807364b31a02a7a.webp'],Dama Escritório Imobiliário ,2026-08-30T15:08:55.973689
36d5a205b158,dfimoveis_1419983,"SHIS QI 13, LAGO SUL, BRASILIA",/imovel/casa-4-quartos-aluguel-lago-sul-brasilia-df-shis-qi-13-1419983,40000,"Há casas que se alugam. Há casas que se conquistam, mesmo que por temporada. 
Na SHIS QI 13, esta residência é ideal par... 28/08/26",4 Quartos,4 Suítes,N/A,4 Vagas,700 m²,Lago Sul,https://img.dfimoveis.com.br/fotos/1419983/901dd3c39b86a9758881feaad3aedbf7.webp,['https://img.dfimoveis.com.br/fotos/1419983/901dd3c39b86a9758881feaad3aedbf7.webp'],Santiago Imobiliária,2026-08-30T15:08:55.976685
1276e1bb9667,dfimoveis_48322,"QMSW 4 Lote 3, SUDOESTE, BRASILIA",/imovel/kitnet-1-quarto-aluguel-sudoeste-brasilia-df-qmsw-4-lote-3-48322,1800,"Caribe Center

IMÓVEL:
Excelente kit , com 35,00 m².
Sala com piso em cerâmica
Quarto com piso em cerâmica.
Banho suíte ... 14/11/17",1 Quarto,1 Suíte,N/A,1 Vaga,35 m²,Sudoeste,https://img.dfimoveis.com.br/fotos/48322/e972c124fce122e41c400ebe5d65c25b.webp,['https://img.dfimoveis.com.br/fotos/48322/e972c124fce122e41c400ebe5d65c25b.webp'],Rogerbras Netimóveis,2026-08-30T15:08:55.979055
0d708fc4089f,dfimoveis_1372575,"SQN 208 Bloco D, ASA NORTE, BRASILIA",/imovel/apartamento-2-quartos-aluguel-asa-norte-brasilia-df-sqn-208-bloco-d-1372575,5600,"Descubra um apartamento confortável e prático na SQN 208 Bloco D, ASA NORTE, Brasília-DF. Ideal para quem busca uma loca... 23/06/26",2 Quartos,1 Suíte,N/A,1 Vaga,70 m²,Asa Norte,https://img.dfimoveis.com.br/fotos/1372575/2edda43a1f88a5650a785de2b4b25af4.webp,['https://img.dfimoveis.com.br/fotos/1372575/2edda43a1f88a5650a785de2b4b25af4.webp'],Hugo Noli Empreendimentos,2026-08-30T15:08:55.984276
0f8104ecb3f1,dfimoveis_1406836,"SAFS Quadra, ZONA CIVICO ADMINISTRATIVA, BRASILIA",/imovel/sala-0-quartos-aluguel-zona-civico-administrativa-brasilia-df-safs-quadra-1406836,44000,"ALUGUE!

Espetacular! Sala duplex com 361,72 m² de área privativa,  amplo espaço distribuídos em 2 pavimentos, ambos com... 04/08/26",N/A,N/A,N/A,9 Vagas,361 m²,Zona Cívico Administrativa,https://img.dfimoveis.com.br/fotos/1406836/574ea89277a2b62b0799258dac5d6fb6.webp,['https://img.dfimoveis.com.br/fotos/1406836/574ea89277a2b62b0799258dac5d6fb6.webp'],Empreendimentos Brasília,2026-08-30T15:08:55.987662
c2fea908b2e0,dfimoveis_1316322,"SGAS 915, ASA SUL, BRASILIA",/imovel/sala-0-quartos-aluguel-asa-sul-brasilia-df-sgas-915-1316322,6800,"VILLA152865 - Última atualização: 29/08/26 23:31
Espetacular salas montadas Edificio ADVANCE 

- Salas montadas ideal pa... 09/03/26",N/A,N/A,N/A,2 Vagas,35 m²,Asa Sul,https://img.dfimoveis.com.br/fotos/1316322/91e34e73cd0fb15610ab27e9659bc4b4.webp,['https://img.dfimoveis.com.br/fotos/1316322/91e34e73cd0fb15610ab27e9659bc4b4.webp'],Bordalo Imob,2026-08-30T15:08:55.993398
8f58242d8efd,dfimoveis_189172,"Rua 8, NORTE, AGUAS CLARAS",/imovel/apartamento-2-quartos-aluguel-norte-aguas-claras-df-rua-8-189172,3300,"RUA 08 NORTE - EDIFÍCIO MARCILIO BIONE 

Excelente apartamento mobiliado, composto por 02 quartos com armários (sendo 01... 19/03/24",2 Quartos,1 Suíte,N/A,1 Vaga,58 m²,Águas Claras,https://img.dfimoveis.com.br/fotos/189172/da5df10a3e68e336d24fe2eeabda2a13.webp,['https://img.dfimoveis.com.br/fotos/189172/da5df10a3e68e336d24fe2eeabda2a13.webp'],Dominus Inteligência Imobiliária,2026-08-30T15:08:55.997517
790ee52f19c7,dfimoveis_1244303,"SHS Quadra 06 Conjunto A Bloco D, ASA SUL, BRASILIA",/imovel/loja-0-quartos-aluguel-asa-sul-brasilia-df-shs-quadra-06-conjunto-a-bloco-d-1244303,9000,"VILLA152207 - Última atualização: 29/08/26 23:32
Excelente loja localizada no Complexo Brasil 21 com 87,70 m².

Carteira... 15/10/25",N/A,N/A,N/A,N/A,86 m²,Asa Sul,https://img.dfimoveis.com.br/fotos/1244303/7f329a024d399acf5384ee27a35e5c9f.webp,['https://img.dfimoveis.com.br/fotos/1244303/7f329a024d399acf5384ee27a35e5c9f.webp'],Arca Empreendimentos Imobiliários,2026-08-30T15:08:55.999652
5cf874f57de0,dfimoveis_1404048,"STRC Trecho 4, SETOR INDUSTRIAL, GUARA",/imovel/galpo-0-quartos-aluguel-setor-industrial-guara-df-strc-trecho-4-1404048,7000,"Loja (predio), Excelente oportunidade para instalar ou expandir o seu negócio!

Loja comercial (prédio) com 457 m² de ár... 29/07/26",N/A,N/A,N/A,N/A,457 m²,Guará,https://img.dfimoveis.com.br/fotos/1404048/3aab289f47aeacf28909496952fce606.webp,['https://img.dfimoveis.com.br/fotos/1404048/3aab289f47aeacf28909496952fce606.webp'],Realiza Imóveis ,2026-08-30T15:08:56.001617
681269c87a72,dfimoveis_1126952,"Rua 36, SUL, AGUAS CLARAS",/imovel/apartamento-1-quarto-aluguel-sul-aguas-claras-df-rua-36-1126952,2000,"ESPECIFICAÇÕES DO APARTAMENTO:

Apartamento 01 quarto com 25 m², armários planejados em todos os ambientes, gesso rebaix... 14/03/25",1 Quarto,1 Suíte,N/A,N/A,25 m²,Águas Claras,https://img.dfimoveis.com.br/fotos/1126952/75e7e465478f9b7431be8b4810ff8065.jpg?format=webp,['https://img.dfimoveis.com.br/fotos/1126952/75e7e465478f9b7431be8b4810ff8065.jpg?format=webp'],Real Capital Imobiliária,2026-08-30T15:08:56.003659
6fd9a97f14d0,dfimoveis_673174,"Rua IPE AMARELO, SUL, AGUAS CLARAS",/imovel/apartamento-3-quartos-aluguel-sul-aguas-claras-df-rua-ipe-amarelo-673174,4100,"- Valor do Aluguel para Contratos de 30 meses; 
- Valor Líquido do Aluguel: R$ 4.100,00 + IBS+CBS 
- Excelente localizaç... 08/12/22",3 Quartos,1 Suíte,N/A,2 Vagas,110 m²,Águas Claras,https://img.dfimoveis.com.br/fotos/673174/536cf91e1f49d9e440f66681146cb02c.webp,['https://img.dfimoveis.com.br/fotos/673174/536cf91e1f49d9e440f66681146cb02c.webp'],Fernando Vasconcelos Imóveis,2026-08-30T15:08:56.006369
8c152aac1660,dfimoveis_1400572,"EQNM 20/22 Bloco A, CEILANDIA NORTE, CEILANDIA",/imovel/loja-0-quartos-aluguel-ceilandia-norte-ceilandia-df-eqnm-20-22-bloco-a-1400572,3800,"Excelente oportunidade para quem busca ponto comercial em avenida de grande movimento.

Loja com aproximadamente 240 met... 21/07/26",N/A,N/A,N/A,N/A,240 m²,Ceilândia,https://img.dfimoveis.com.br/fotos/1400572/b58801dc1227994730fd2f1f71204245.webp,['https://img.dfimoveis.com.br/fotos/1400572/b58801dc1227994730fd2f1f71204245.webp'],Maria Ferreira ,2026-08-30T15:08:56.009138
3d068f42c0c7,dfimoveis_1411159,"CCSW 1 Lote 5, SUDOESTE, BRASILIA",/imovel/apartamento-2-quartos-aluguel-sudoeste-brasilia-df-ccsw-1-lote-5-1411159,5300,"EDIFÍCIO FERRARA

APARTAMENTO 02 QUARTOS SENDO 01 SUÍTE 

CCSW 01 Lote 05 - Sudoeste  Brasília-DF.

Ótima localização, p... 13/08/26",2 Quartos,1 Suíte,N/A,1 Vaga,68 m²,Sudoeste,https://img.dfimoveis.com.br/fotos/1411159/d0b4c6df8a29c6136c73e8a2251799d7.webp,['https://img.dfimoveis.com.br/fotos/1411159/d0b4c6df8a29c6136c73e8a2251799d7.webp'],Consult Imóveis,2026-08-30T15:08:56.011532
c28e2e2cdc01,dfimoveis_1403758,"Condomínio Solar de Brasília, JARDIM BOTANICO, BRASILIA",/imovel/casa-condominio-4-quartos-aluguel-jardim-botanico-brasilia-df-condominio-solar-de-brasilia-1403758,10800,"Imóvel desocupado !!!

- Descrição:
- Salão com dois ambientes;
- 1 Suíte no piso inferior;
- 2 suítes no piso superior ... 28/07/26",4 Quartos,3 Suítes,N/A,3 Vagas,370 m²,Jardim Botânico,https://img.dfimoveis.com.br/fotos/1403758/3f5ca4bb81156b48f6c0818bbc49b533.webp,['https://img.dfimoveis.com.br/fotos/1403758/3f5ca4bb81156b48f6c0818bbc49b533.webp'],Luciano Imóveis,2026-08-30T15:08:56.013694
9a54e131c672,dfimoveis_1259261,"SCLRN 710 Bloco A, ASA NORTE, BRASILIA",/imovel/loja-0-quartos-aluguel-asa-norte-brasilia-df-sclrn-710-bloco-a-1259261,4500,"SCLRN 710 BLOCO A LOJA 33

###01 MÊS DE CARÊNCIA NO VALOR DO ALUGUEL###

DESTAQUES: Excelente localização em frente a vi... 11/11/25",N/A,N/A,N/A,N/A,112 m²,Asa Norte,https://img.dfimoveis.com.br/fotos/1259261/654c38e2e5df493a5d669a0473c70fca.webp,['https://img.dfimoveis.com.br/fotos/1259261/654c38e2e5df493a5d669a0473c70fca.webp'],SPR Imóveis,2026-08-30T15:08:56.015606
7066e43229f8,dfimoveis_1404220,"SHIS QI 11 Conjunto 3, LAGO SUL, BRASILIA",/imovel/casa-4-quartos-aluguel-lago-sul-brasilia-df-shis-qi-11-conjunto-3-1404220,70000,MANSÃO DE ALTO PADRÃO PARA LOCAÇÃO NO LAGO SUL | IDEAL PARA EMBAIXADAS E EXECUTIVOS INTERNACIONAIS | 5.000m² DE ÁREA E 4... 29/07/26,4 Quartos,4 Suítes,N/A,38 Vagas,1000 m²,Lago Sul,https://img.dfimoveis.com.br/fotos/1404220/49fbe8b6f5abecb1738cfe024d282be2.webp,['https://img.dfimoveis.com.br/fotos/1404220/49fbe8b6f5abecb1738cfe024d282be2.webp'],Private Broker,2026-08-30T15:08:56.017728
ed3af63e76ca,dfimoveis_1408067,"SQNW 311 Bloco E, NOROESTE, BRASILIA",/imovel/apartamento-1-quarto-aluguel-noroeste-brasilia-df-sqnw-311-bloco-e-1408067,4500,"Victor Cruz Negócios Imobiliários LTDA aluga:

SQNW 311 Bloco E, Atrium Dargent, Noroeste.

Excelente apartamento de 35 ... 06/08/26",1 Quarto,N/A,N/A,1 Vaga,35 m²,Noroeste,https://img.dfimoveis.com.br/fotos/1408067/fcde3c3c93ad33d316a6ff19ac4ea897.webp,['https://img.dfimoveis.com.br/fotos/1408067/fcde3c3c93ad33d316a6ff19ac4ea897.webp'],Victor Cruz Negócios Imobiliários,2026-08-30T15:08:56.020141
88bc69436c33,dfimoveis_1383577,"Avenida das Araucárias, SUL, AGUAS CLARAS",/imovel/apartamento-1-quarto-aluguel-sul-aguas-claras-df-avenida-das-araucarias-1383577,1600,"TH35571 - Av Araucárias Águas Claras - Res. Turmalina, Apartamento 01 quarto, 33m². Agende sua visita!  

Imóvel compost... 11/07/26",1 Quarto,N/A,N/A,N/A,33 m²,Águas Claras,https://img.dfimoveis.com.br/fotos/1383577/d99ec7f51e70d3f9f44c0a9253b63a31.webp,['https://img.dfimoveis.com.br/fotos/1383577/d99ec7f51e70d3f9f44c0a9253b63a31.webp'],Thaís Imobiliária,2026-08-30T15:08:56.022110
85c333fb0c40,dfimoveis_1411330,"SHTN Trecho 2, ASA NORTE, BRASILIA",/imovel/apartamento-1-quarto-aluguel-asa-norte-brasilia-df-shtn-trecho-2-1411330,2400,"Conquiste o melhor da Asa Norte vivendo em um apartamento mobiliado na SHTN Trecho 2, Conjunto 05, uma localização privi... 13/08/26",1 Quarto,N/A,N/A,1 Vaga,36 m²,Asa Norte,https://img.dfimoveis.com.br/fotos/1411330/ad9c69dcc4106c03c0fc6540a0fc9970.webp,['https://img.dfimoveis.com.br/fotos/1411330/ad9c69dcc4106c03c0fc6540a0fc9970.webp'],Fátima Cristina De A. Pereira,2026-08-30T15:08:56.024948
2c8bc984dac4,dfimoveis_1167755,"QR 209 Conjunto 1, SAMAMBAIA NORTE, SAMAMBAIA",/imovel/loja-0-quartos-aluguel-samambaia-norte-samambaia-df-qr-209-conjunto-1-1167755,1950,"One Brasília Imóveis ALUGA com EXCLUSIVIDADE excelente Loja Comercial com Frente para 1ª Avenida Norte. 

Você que está ... 21/05/25",N/A,N/A,N/A,N/A,130 m²,Samambaia,https://img.dfimoveis.com.br/fotos/1167755/ef39e4221a21371a3de658542d7f80da.webp,['https://img.dfimoveis.com.br/fotos/1167755/ef39e4221a21371a3de658542d7f80da.webp'],ONE Admin. Imóveis,2026-08-30T15:08:56.027150
4ca5d14b7fec,dfimoveis_1412585,"Quadra 208, SUL, AGUAS CLARAS",/imovel/apartamento-2-quartos-aluguel-sul-aguas-claras-df-quadra-208-1412585,3680,"RESIDENCIAL ALL
2 QUARTOS
ALUGUEL
Descubra o conforto e a praticidade de morar na Quadra 208, SUL, AGUAS CLARAS, DF. Si... 15/08/26",2 Quartos,1 Suíte,N/A,2 Vagas,64 m²,Águas Claras,https://img.dfimoveis.com.br/fotos/1412585/5fa49bf981969d4c65dd876dabef4746.webp,['https://img.dfimoveis.com.br/fotos/1412585/5fa49bf981969d4c65dd876dabef4746.webp'],Brasília Imóveis,2026-08-30T15:08:56.029309
3ed27ae11323,dfimoveis_1338411,"QSF 1 Área Especial 6/7/8, TAGUATINGA SUL, TAGUATINGA",/imovel/ponto-comercial-0-quartos-aluguel-taguatinga-sul-taguatinga-df-qsf-1-area-especial-6-7-8-1338411,86000,"Oportunidade Imperdível para o Seu Negócio!

Está em busca do espaço ideal para expandir ou iniciar sua empresa? A Coelh... 18/04/26",N/A,N/A,N/A,104 Vagas,4800 m²,Taguatinga,https://img.dfimoveis.com.br/fotos/1338411/698b6fb5b127eabea1a9af9b684f19a3.webp,['https://img.dfimoveis.com.br/fotos/1338411/698b6fb5b127eabea1a9af9b684f19a3.webp'],Coelho Imóveis Consultoria Prime,2026-08-30T15:09:08.521112
355ff06bb4fe,dfimoveis_1233029,"Setor D Sul, TAGUATINGA SUL, TAGUATINGA",/imovel/loja-0-quartos-aluguel-taguatinga-sul-taguatinga-df-setor-d-sul-1233029,39000,"Aproveite essa oportunidade! 

Essa loja oferece um espaço moderno e pronto para atender às necessidades do seu negócio.... 25/09/25",N/A,N/A,N/A,N/A,625 m²,Taguatinga,https://img.dfimoveis.com.br/fotos/1233029/551288ed3d05e0b252fd648687b92615.webp,['https://img.dfimoveis.com.br/fotos/1233029/551288ed3d05e0b252fd648687b92615.webp'],GRUPO JK,2026-08-30T15:09:08.523643
a0e2e91e795b,dfimoveis_1263475,"Avenida das Araucárias, SUL, AGUAS CLARAS",/imovel/loja-0-quartos-aluguel-sul-aguas-claras-df-avenida-das-araucarias-1263475,1500,"Alugo loja 31m2 no Maggiore Shopping, em Avenida das Araucárias, Águas Claras-DF.

Pintura nova, piso em laminado de mad... 18/11/25",N/A,N/A,N/A,N/A,31 m²,Águas Claras,https://img.dfimoveis.com.br/fotos/1263475/963789eb9ce7342a789bab1dbae79687.webp,['https://img.dfimoveis.com.br/fotos/1263475/963789eb9ce7342a789bab1dbae79687.webp'],Eliza Soares,2026-08-30T15:09:08.526512
7d6278146b9f,dfimoveis_707710,"SQN 403 Bloco I, ASA NORTE, BRASILIA",/imovel/apartamento-2-quartos-aluguel-asa-norte-brasilia-df-sqn-403-bloco-i-707710,3800,"LOCAÇÃO APARTAMENTO - (302) SQN 403 BL. I - ASA NORTE.

Top Line Prime 
Imóveis exclusivos para clientes exigentes! 

AP... 16/02/23",2 Quartos,N/A,N/A,N/A,78 m²,Asa Norte,https://img.dfimoveis.com.br/fotos/707710/ed854efca85375842ba81fc047940ae7.jpg?format=webp,['https://img.dfimoveis.com.br/fotos/707710/ed854efca85375842ba81fc047940ae7.jpg?format=webp'],Top line,2026-08-30T15:09:08.529017
eed6ba66ab02,dfimoveis_1408020,"SCES Trecho 4, ASA SUL, BRASILIA",/imovel/apartamento-1-quarto-aluguel-asa-sul-brasilia-df-sces-trecho-4-1408020,7500,"Horley Galvão Aluga com Exclusividade……

Excelente apartamento mobiliado, de um quarto, reformado de altíssimo padrão! 
... 06/08/26",1 Quarto,N/A,N/A,1 Vaga,54 m²,Asa Sul,https://img.dfimoveis.com.br/fotos/1408020/a65530541236ed1cce4f825754dd7e2d.webp,['https://img.dfimoveis.com.br/fotos/1408020/a65530541236ed1cce4f825754dd7e2d.webp'],Horley Galvão Corretor de Imóveis,2026-08-30T15:09:08.532025
3af10891ac21,dfimoveis_1417961,"SHN Quadra 1 Bloco D, ASA NORTE, BRASILIA",/imovel/sala-0-quartos-aluguel-asa-norte-brasilia-df-shn-quadra-1-bloco-d-1417961,2900,"SALA EXECUTIVA MOBILIADA COM VAGA DE GARAGEM NO FUSION WORK & LIFE -  SETOR HOTELEIRO NORTE, COMPLEXO LE QUARTIER, EMPRE... 25/08/26",N/A,N/A,N/A,1 Vaga,27 m²,Asa Norte,https://img.dfimoveis.com.br/fotos/1417961/e9bf19bba25462f455e39afd28bb62b2.webp,['https://img.dfimoveis.com.br/fotos/1417961/e9bf19bba25462f455e39afd28bb62b2.webp'],Aplique Imóveis,2026-08-30T15:09:08.535026
948b86555d1f,dfimoveis_1399547,"CA 02, LAGO NORTE, BRASILIA",/imovel/kitnet-1-quarto-aluguel-lago-norte-brasilia-df-ca-02-1399547,1700,"TH19679 - Shin Ca 02 Lago Norte - Res. Monumental Center, Kitnet 28m². Agende sua visita!  

Imóvel com divisórias em vi... 18/07/26",1 Quarto,N/A,N/A,1 Vaga,28 m²,Lago Norte,https://img.dfimoveis.com.br/fotos/1399547/10634966293390dc551b28ace885a211.webp,['https://img.dfimoveis.com.br/fotos/1399547/10634966293390dc551b28ace885a211.webp'],Thaís Imobiliária,2026-08-30T15:09:08.539178
6f861170b242,dfimoveis_1372959,"Rua 20, NORTE, AGUAS CLARAS",/imovel/apartamento-3-quartos-aluguel-norte-aguas-claras-df-rua-20-1372959,3500,"JDM IMOBILIÁRIA ALUGA:

Apartamento no Residencial Portal da Liberdade- Águas Claras - Rua 20

- 03 quartos, sendo 01 su... 24/06/26",3 Quartos,1 Suíte,N/A,1 Vaga,89 m²,Águas Claras,https://img.dfimoveis.com.br/fotos/1372959/8909701676277ce506788ac5333f4fb1.webp,['https://img.dfimoveis.com.br/fotos/1372959/8909701676277ce506788ac5333f4fb1.webp'],JDM IMÓVEIS ,2026-08-30T15:09:08.541838
3f32e6d45c12,dfimoveis_1405436,"SHIS QL 22 Conjunto 8, LAGO SUL, BRASILIA",/imovel/casa-4-quartos-aluguel-lago-sul-brasilia-df-shis-ql-22-conjunto-8-1405436,17000,"Descubra conforto e praticidade em uma casa de alto padrão no coração do Lago Sul. Localizada na SHIS QL 22 Conjunto 8, ... 31/07/26",4 Quartos,2 Suítes,N/A,3 Vagas,750 m²,Lago Sul,https://img.dfimoveis.com.br/fotos/1405436/12959f97df6de97c9189d8a91fb1441f.webp,['https://img.dfimoveis.com.br/fotos/1405436/12959f97df6de97c9189d8a91fb1441f.webp'],Karla Lima,2026-08-30T15:09:08.544000
e1ae63ce1041,dfimoveis_1418192,"Rua 17, SUL, AGUAS CLARAS",/imovel/apartamento-1-quarto-aluguel-sul-aguas-claras-df-rua-17-1418192,2300,"APARTAMENTO DE 01 QUARTO – RESIDENCIAL OURO BRANCO IV

Excelente apartamento de 01 quarto, com 37 m², totalmente equipad... 25/08/26",1 Quarto,N/A,N/A,1 Vaga,37 m²,Águas Claras,https://img.dfimoveis.com.br/fotos/1418192/2d4812e3903bb0597ee475b30187b6ec.webp,['https://img.dfimoveis.com.br/fotos/1418192/2d4812e3903bb0597ee475b30187b6ec.webp'],Neres  Nogueira,2026-08-30T15:09:08.546443
c102382a21de,dfimoveis_1414599,"Avenida Pau Brasil, SUL, AGUAS CLARAS",/imovel/sala-0-quartos-aluguel-sul-aguas-claras-df-avenida-pau-brasil-1414599,1800,"Excelente oportunidade para o seu negócio! Sala comercial disponível para locação no Edifício Le Quartier, em Águas Clar... 19/08/26",N/A,N/A,N/A,1 Vaga,30 m²,Águas Claras,https://img.dfimoveis.com.br/fotos/1414599/d78a67a8b9f5b93ab3bed77bbf7236cd.webp,['https://img.dfimoveis.com.br/fotos/1414599/d78a67a8b9f5b93ab3bed77bbf7236cd.webp'],Severino Pacheco,2026-08-30T15:09:08.549533
0cc27373efd1,dfimoveis_1374006,"Rua DAS FIGUEIRAS, NORTE, AGUAS CLARAS",/imovel/galpo-0-quartos-aluguel-norte-aguas-claras-df-rua-das-figueiras-1374006,3500,"Loja de 70m² no Vista Shopping, possui mezanino.
Pode ser usado para ramo alimentício, fica de frente para a praça de al... 30/06/26",N/A,N/A,N/A,N/A,70 m²,Águas Claras,https://img.dfimoveis.com.br/fotos/1374006/60f28931e8ec30982d06d3a6d30be835.webp,['https://img.dfimoveis.com.br/fotos/1374006/60f28931e8ec30982d06d3a6d30be835.webp'],Abritta Inteligência Imobiliária,2026-08-30T15:09:08.552094
641fe5516c33,dfimoveis_1198119,"Quadra 7 Conjunto E, SOBRADINHO, SOBRADINHO",/imovel/casa-3-quartos-aluguel-sobradinho-sobradinho-df-quadra-7-conjunto-e-1198119,2600,"EXCELENTE CASA EM SOBRADINHO
R$ 2.800,00 COM DESCONTO DE PONTUALIDADE R$ 2.600,00
-3 quarto sendo 1 suíte
-Banheiro Soci... 17/07/25",3 Quartos,N/A,N/A,2 Vagas,150 m²,Sobradinho,https://img.dfimoveis.com.br/fotos/1198119/50a9ca60a29e17cf38f8c9b8d1345f88.webp,['https://img.dfimoveis.com.br/fotos/1198119/50a9ca60a29e17cf38f8c9b8d1345f88.webp'],Brito Administradora,2026-08-30T15:09:08.555018
58a16bf9c5c7,dfimoveis_1338588,"SQS 205 Bloco D, ASA SUL, BRASILIA",/imovel/apartamento-2-quartos-aluguel-asa-sul-brasilia-df-sqs-205-bloco-d-1338588,3980,"TH11638 - Sqs 205 Asa Sul, Apartamento 02 quartos, 71m². Agende a sua visita!


Imóvel composto por sala com cortina, 2 ... 18/04/26",2 Quartos,N/A,N/A,N/A,71 m²,Asa Sul,https://img.dfimoveis.com.br/fotos/1338588/c87fc7a0ae1855ad1807cd034da96a7d.webp,['https://img.dfimoveis.com.br/fotos/1338588/c87fc7a0ae1855ad1807cd034da96a7d.webp'],Thaís Imobiliária,2026-08-30T15:09:08.557902
519be8b53ecd,dfimoveis_1059116,"SQN 203 Bloco H, ASA NORTE, BRASILIA",/imovel/apartamento-2-quartos-aluguel-asa-norte-brasilia-df-sqn-203-bloco-h-1059116,6500,"Localizado na Asa Norte, em uma das quadras mais tradicionais e valorizadas de Brasília, na SQN 203 Bloco H, este aparta... 17/10/24",2 Quartos,1 Suíte,N/A,1 Vaga,93 m²,Asa Norte,https://img.dfimoveis.com.br/fotos/1059116/29967c574b2a746381b75cc1d9e1495e.webp,['https://img.dfimoveis.com.br/fotos/1059116/29967c574b2a746381b75cc1d9e1495e.webp'],Êxito Netimóveis,2026-08-30T15:09:08.560713
df26d7dfbace,dfimoveis_1351158,"SCES Trecho 4, ASA SUL, BRASILIA",/imovel/apartamento-1-quarto-aluguel-asa-sul-brasilia-df-sces-trecho-4-1351158,3800,"Descubra o conforto e praticidade de morar em um apartamento totalmente mobiliado no coração da ASA SUL, em Brasília. Lo... 13/05/26",1 Quarto,1 Suíte,N/A,1 Vaga,45 m²,Asa Sul,https://img.dfimoveis.com.br/fotos/1351158/888c973b0e9fbe6c9ba7a8a882325a70.webp,['https://img.dfimoveis.com.br/fotos/1351158/888c973b0e9fbe6c9ba7a8a882325a70.webp'],Abdala Imóveis,2026-08-30T15:09:08.563376
06a4af57ade0,dfimoveis_1416109,"Condomínio Quintas do Sol, JARDIM BOTANICO, BRASILIA",/imovel/casa-condominio-3-quartos-aluguel-jardim-botanico-brasilia-df-condominio-quintas-do-sol-1416109,7500,"BENINI ALUGA
COM SEGURANÇA E SEM 
BUROCRACIA, ÓTIMA CASA 
COM 3 QUARTOS (1 SUÍTE 
COM CLOSET), EM 
CONDOMÍNIO FECHADO, 
... 21/08/26",3 Quartos,1 Suíte,N/A,4 Vagas,320 m²,Jardim Botânico,https://img.dfimoveis.com.br/fotos/1416109/9d90f6be1466804ae8096e2a503fd1f7.webp,['https://img.dfimoveis.com.br/fotos/1416109/9d90f6be1466804ae8096e2a503fd1f7.webp'],Benini Imóveis  ,2026-08-30T15:09:08.565671
ad53f3540a55,dfimoveis_1162406,"QI 6 Conjunto R, GUARA I, GUARA",/imovel/casa-3-quartos-aluguel-guara-i-guara-df-qi-6-conjunto-r-1162406,3200,"TH3520 - QI 06, casa com 3 quartos 150m². Agende sua visita! Imóvel composto por sala, 03 quartos, sendo 02 suítes e 01 ... 13/05/25",3 Quartos,2 Suítes,N/A,1 Vaga,150 m²,Guará,https://img.dfimoveis.com.br/fotos/1162406/8affdc77e1a96c89aabf3760d5cab221.jpg?format=webp,['https://img.dfimoveis.com.br/fotos/1162406/8affdc77e1a96c89aabf3760d5cab221.jpg?format=webp'],Thaís Imobiliária,2026-08-30T15:09:08.567930
d1b79a59db52,dfimoveis_1306832,"SCN Quadra 01 Bloco E, ASA NORTE, BRASILIA",/imovel/sala-0-quartos-aluguel-asa-norte-brasilia-df-scn-quadra-01-bloco-e-1306832,850,"Alugamos sala reformada com vaga de garagem.

Ar-condicionado central, andar alto e vista livre.

01 banheiro com armári... 20/02/26",N/A,N/A,1,1 Vaga,33 m²,Asa Norte,https://img.dfimoveis.com.br/fotos/1306832/437349bd4242907814ac70d8a4100720.webp,['https://img.dfimoveis.com.br/fotos/1306832/437349bd4242907814ac70d8a4100720.webp'],Emprend Imobiliária ,2026-08-30T15:09:08.570035
222215889b54,dfimoveis_1411880,"SCS Quadra 08 Bloco B LoteS 50/60, ASA SUL, BRASILIA",/imovel/sala-0-quartos-aluguel-asa-sul-brasilia-df-scs-quadra-08-bloco-b-lotes-50-60-1411880,23270,"ASA SUL - SCS - VENÂNCIO SHOPPING - ALUGUEL DE SALA CORPORATIVA DE 358m²

ALUGUEL DE SALA INTEGRADA NO VENÂNCIO SHOPPING... 14/08/26",N/A,N/A,N/A,N/A,358 m²,Asa Sul,https://img.dfimoveis.com.br/fotos/1411880/6eae2a4be0da1a28e093c80619d99c91.webp,['https://img.dfimoveis.com.br/fotos/1411880/6eae2a4be0da1a28e093c80619d99c91.webp'],Venâncio Shopping,2026-08-30T15:09:08.572633
9a8052d1379a,dfimoveis_815372,"Rua 13, NORTE, AGUAS CLARAS",/imovel/apartamento-3-quartos-aluguel-norte-aguas-claras-df-rua-13-815372,3500,"Rua 13 Norte - CITTÁ RESIDENCE - LOCAÇÃO APARTAMENTO - 3° andar - 69,30 de área privativa.

DESCRIÇÃO DO IMÓVEL:
- Sala,... 23/08/25",3 Quartos,2 Suítes,N/A,1 Vaga,69 m²,Águas Claras,https://img.dfimoveis.com.br/fotos/815372/8064ae672ad87107c97e0d9258977fad.jpg?format=webp,['https://img.dfimoveis.com.br/fotos/815372/8064ae672ad87107c97e0d9258977fad.jpg?format=webp'],J Ribeiro Emp Imobiliários,2026-08-30T15:09:08.576127
a34b9362ff0a,dfimoveis_1131854,"SIAQuadra 3 C, SIA, SETOR INDUSTRIAL",/imovel/casa-1-quarto-aluguel-sia-setor-industrial-df-siaquadra-3-c-1131854,1300,"Edifício Aurora
SIAQuadra 3 C

Excelente apartamento com aproximadamente 43m², inclui: Sala ampla e arejada, cozinha e á... 24/03/25",1 Quarto,N/A,N/A,N/A,43 m²,Setor Industrial,https://img.dfimoveis.com.br/fotos/1131854/88a22ebe860e2a136a9bb1e088a0da02.png?format=webp,['https://img.dfimoveis.com.br/fotos/1131854/88a22ebe860e2a136a9bb1e088a0da02.png?format=webp'],Aldeia Imóveis,2026-08-30T15:09:08.579048
852f9686a461,dfimoveis_1213805,"SEPS 707/907, ASA SUL, BRASILIA",/imovel/sala-0-quartos-aluguel-asa-sul-brasilia-df-seps-707-907-1213805,10680,"O centro clínico mais completo de Brasília espera por você!

No Ether Nexus, você não apenas aluga uma sala, você faz pa... 20/08/25",N/A,N/A,N/A,N/A,89 m²,Asa Sul,https://img.dfimoveis.com.br/fotos/1213805/8c66850deebcf94f07f0c6f131478993.webp,['https://img.dfimoveis.com.br/fotos/1213805/8c66850deebcf94f07f0c6f131478993.webp'],Acontece Imobiliária,2026-08-30T15:09:08.580990
9b5539bde199,dfimoveis_1244265,"Rua COPAIBA, NORTE, AGUAS CLARAS",/imovel/loja-0-quartos-aluguel-norte-aguas-claras-df-rua-copaiba-1244265,2800,"Rua Copaíba (Residencial Rosely Gonçalves) – Águas Claras/DF

Loja situada em área comercial consolidada e de grande cir... 14/10/25",N/A,N/A,N/A,1 Vaga,50 m²,Águas Claras,https://img.dfimoveis.com.br/fotos/1244265/6d4dbb1774a2c9528440b782c4d55e52.webp,['https://img.dfimoveis.com.br/fotos/1244265/6d4dbb1774a2c9528440b782c4d55e52.webp'],GP&E Imóveis e Seguros,2026-08-30T15:09:08.582978
c72333004952,dfimoveis_1053723,"Rua COPAIBA, NORTE, AGUAS CLARAS",/imovel/apartamento-1-quarto-aluguel-norte-aguas-claras-df-rua-copaiba-1053723,3000,"ESPECIFICAÇÕES DO APARTAMENTO

INFORMAÇÕES GERAIS:
- Apartamento projetado pela empresa Home Studio Arquitetura.
- Melho... 09/10/24",1 Quarto,1 Suíte,N/A,1 Vaga,44 m²,Águas Claras,https://img.dfimoveis.com.br/fotos/1053723/67dccd80533382c4b6968062ce6ebcad.jpg?format=webp,['https://img.dfimoveis.com.br/fotos/1053723/67dccd80533382c4b6968062ce6ebcad.jpg?format=webp'],Real Capital Imobiliária,2026-08-30T15:09:08.585072
6c090792ba16,dfimoveis_1166041,"SDS Bloco F E G Lote Lote 41, ASA SUL, BRASILIA",/imovel/loja-0-quartos-aluguel-asa-sul-brasilia-df-sds-bloco-f-e-g-lote-lote-41-1166041,3700,"Alugue uma loja comercial ampla e reformada no Condomínio Baracat. O imóvel possui piso em porcelanato, oferecendo um am... 17/05/25",N/A,N/A,N/A,N/A,78 m²,Asa Sul,https://img.dfimoveis.com.br/fotos/1166041/6ab70a2463061dcb0f88b352021787db.webp,['https://img.dfimoveis.com.br/fotos/1166041/6ab70a2463061dcb0f88b352021787db.webp'],Êxito Netimóveis,2026-08-30T15:09:08.587259
cfc253dda64e,dfimoveis_1222844,"Avenida Dom Bosco Bloco 785, NUCLEO BANDEIRANTE, NUCLEO BANDEIRANTE",/imovel/loja-0-quartos-aluguel-nucleo-bandeirante-nucleo-bandeirante-df-avenida-dom-bosco-bloco-785-1222844,4000,"EXCELENTE LOJA COMERCIAL COM 02 BANHEIROS E SUBSOLO!!!

VALORES:
ALUGUEL BRUTO: R$4.444,44
ALUGUEL COM DESCONTO DE PONTU... 04/09/25",N/A,N/A,2,N/A,410 m²,Núcleo Bandeirante,https://img.dfimoveis.com.br/fotos/1222844/078d12a6cfd3dc983246a5c2d93ac64b.webp,['https://img.dfimoveis.com.br/fotos/1222844/078d12a6cfd3dc983246a5c2d93ac64b.webp'],Bandeirante Imóveis,2026-08-30T15:09:08.589230
0dfa70d3a7e9,dfimoveis_1417226,"SQNW 107, NOROESTE, BRASILIA",/imovel/apartamento-2-quartos-aluguel-noroeste-brasilia-df-sqnw-107-1417226,12000,"Leniér Curadoria Imobiliária aluga deslumbrante apto Endereço: SQNW 107, 
Noroeste, Brasília

* Tipo de imóvel: Cobertur... 24/08/26",2 Quartos,2 Suítes,N/A,3 Vagas,172 m²,Noroeste,https://img.dfimoveis.com.br/fotos/1417226/ce1b04cfd681b5a3bc33d2ec7c345bed.webp,['https://img.dfimoveis.com.br/fotos/1417226/ce1b04cfd681b5a3bc33d2ec7c345bed.webp'],Alessandra Leniér Imóveis ,2026-08-30T15:09:08.594110
fb755d06b772,dfimoveis_1306564,"RODOVIA DF 290, NUCLEO RURAL HORTIGRANJEIRO, SANTA MARIA",/imovel/ponto-comercial-0-quartos-aluguel-nucleo-rural-hortigranjeiro-santa-maria-df-rodovia-df-290-1306564,334000,"Aluguel Locação de Câmaras Frigoríficas (câmaras frias)  1.362m²  Brasília DF Armazém Frigorífico

Produtos Refrigerados... 20/02/26",N/A,N/A,N/A,N/A,1362 m²,Santa Maria,https://img.dfimoveis.com.br/fotos/1306564/cc7b4ba98e08999451e0b786ff5ddca8.webp,['https://img.dfimoveis.com.br/fotos/1306564/cc7b4ba98e08999451e0b786ff5ddca8.webp'],Moacir Odria Imóveis,2026-08-30T15:09:08.596275
cdae475e144e,dfimoveis_742297,"SHLS Blocos A AO F, ASA SUL, BRASILIA",/imovel/sala-0-quartos-aluguel-asa-sul-brasilia-df-shls-blocos-a-ao-f-742297,3000,"EXCELENTES SALAS NO BLOCO F DO CENTRO MEDICO DE BRASILIA, COM 32 M² CADA, PRIMEIRAS SALAS APOS O HALL DOS ELEVADORES, 2 ... 27/05/26",N/A,N/A,N/A,N/A,31 m²,Asa Sul,https://img.dfimoveis.com.br/fotos/742297/5fe4941469536cf64276f5aeaf930dea.webp,['https://img.dfimoveis.com.br/fotos/742297/5fe4941469536cf64276f5aeaf930dea.webp'],Imobiliária do Lago,2026-08-30T15:09:08.598205
773dfd551830,dfimoveis_1410740,"Rua 16, SUL, AGUAS CLARAS",/imovel/sala-0-quartos-aluguel-sul-aguas-claras-df-rua-16-1410740,2400,"Amplie seu negócio na melhor e mais premiada localização de Águas Claras. 
Seu negócio no mesmo complexo do Manhattan Sh... 12/08/26",N/A,N/A,N/A,1 Vaga,30 m²,Águas Claras,https://img.dfimoveis.com.br/fotos/1410740/a9f08c183f23acb7df300716b6ef0bdc.webp,['https://img.dfimoveis.com.br/fotos/1410740/a9f08c183f23acb7df300716b6ef0bdc.webp'],Cardec Imóveis,2026-08-30T15:09:22.018473
35c0cdaf77d3,dfimoveis_1368584,"Rua 17, SUL, AGUAS CLARAS",/imovel/loja-0-quartos-aluguel-sul-aguas-claras-df-rua-17-1368584,8500,"Alugue uma loja exclusiva na Rua 17 - Águas Claras!

Localização estratégica: Situada em uma das ruas mais movimentadas ... 13/06/26",N/A,N/A,N/A,N/A,91 m²,Águas Claras,https://img.dfimoveis.com.br/fotos/1368584/3aa11c7197e3ddbd01b1bee90d90ad35.webp,['https://img.dfimoveis.com.br/fotos/1368584/3aa11c7197e3ddbd01b1bee90d90ad35.webp'],Coemi Imóveis ,2026-08-30T15:09:22.020432
9565a5fe44f1,dfimoveis_1416162,"Rua 9, NORTE, AGUAS CLARAS",/imovel/apartamento-3-quartos-aluguel-norte-aguas-claras-df-rua-9-1416162,4200,"Alugo 3 qtos 2 suítes original 4 qtos, var 106m2
Excelente localização próximo comercio e metro original 4 qtos, transfo... 21/08/26",3 Quartos,2 Suítes,N/A,1 Vaga,105 m²,Águas Claras,https://img.dfimoveis.com.br/fotos/1416162/4100c8bad4af08e1f8dd23150a4001a1.webp,['https://img.dfimoveis.com.br/fotos/1416162/4100c8bad4af08e1f8dd23150a4001a1.webp'],Sua Casa Imobiliária,2026-08-30T15:09:22.022498
76bcbd72245d,dfimoveis_1417909,"SGAS 905, ASA SUL, BRASILIA",/imovel/kitnet-1-quarto-aluguel-asa-sul-brasilia-df-sgas-905-1417909,2000,"Alugamos SGAS 905 ed CENTRAL PARK SEMI MOBILIADA .
Sala , qt, varanda e  banheiro .
$2000 aluguel 
$310 Cond
$165 IPTU/T... 25/08/26",1 Quarto,1 Suíte,N/A,N/A,30 m²,Asa Sul,https://img.dfimoveis.com.br/fotos/1417909/03c91072fc2e680e9ac9698ae6645ca5.webp,['https://img.dfimoveis.com.br/fotos/1417909/03c91072fc2e680e9ac9698ae6645ca5.webp'],Novo Rumo Empreendimentos Imobiliários,2026-08-30T15:09:22.025341
e1a4e7f56114,dfimoveis_1224570,"SQNW 110, NOROESTE, BRASILIA",/imovel/loja-0-quartos-aluguel-noroeste-brasilia-df-sqnw-110-1224570,5000,"Loja Comercial à Venda ou para Locação no Noroeste

Excelente oportunidade para o seu negócio!
Loja com mezanino disponí... 06/09/25",N/A,N/A,N/A,N/A,43 m²,Noroeste,https://img.dfimoveis.com.br/fotos/1224570/f1df5a7595fd12e7656120b072bbd77e.webp,['https://img.dfimoveis.com.br/fotos/1224570/f1df5a7595fd12e7656120b072bbd77e.webp'],MUDE IMOBI Negócios mobiliários,2026-08-30T15:09:22.028101
d330ec1e213a,dfimoveis_1414669,"Quadra 107 Rua A, NORTE, AGUAS CLARAS",/imovel/apartamento-2-quartos-aluguel-norte-aguas-claras-df-quadra-107-rua-a-1414669,2700,"LÍGIA ALMEIDA 
CONSULTORA DE IMÓVEIS ALUGA RESIDENCIAL PIQUIÁ

•  Pintura e reformado
•  Piso Vinílico
• 2 Quartos com a... 19/08/26",2 Quartos,1 Suíte,N/A,1 Vaga,57 m²,Águas Claras,https://img.dfimoveis.com.br/fotos/1414669/04cb1c7ba9e2621be48028dc9fa3b3a9.webp,['https://img.dfimoveis.com.br/fotos/1414669/04cb1c7ba9e2621be48028dc9fa3b3a9.webp'],Lígia Almeida Imóveis,2026-08-30T15:09:22.030672
9816b837f506,dfimoveis_1290138,"SRTVS Conjunto L Lote 38, ASA SUL, BRASILIA",/imovel/loja-0-quartos-aluguel-asa-sul-brasilia-df-srtvs-conjunto-l-lote-38-1290138,56000,"Oportunidade Comercial Exclusiva no Centro de Brasília.

Loja térrea !!!! 

Apresentamos um espaço comercial no Centro E... 21/01/26",N/A,N/A,N/A,N/A,700 m²,Asa Sul,https://img.dfimoveis.com.br/fotos/1290138/efc500b8ddf63e5feba25f0c83bd626d.webp,['https://img.dfimoveis.com.br/fotos/1290138/efc500b8ddf63e5feba25f0c83bd626d.webp'],Joaquim Cândido Imóveis,2026-08-30T15:09:22.032928
b529e8f1e0ae,dfimoveis_1365992,"SRTVS Conjunto L Lote 38, ASA SUL, BRASILIA",/imovel/sala-0-quartos-aluguel-asa-sul-brasilia-df-srtvs-conjunto-l-lote-38-1365992,1188,"Oportunidade Comercial Exclusiva no Centro de Brasília.

Apresentamos um espaço comercial no Centro Empresarial Assis Ch... 09/06/26",N/A,N/A,N/A,N/A,33 m²,Asa Sul,https://img.dfimoveis.com.br/fotos/1365992/490c396b357b47029a208452dc39da74.webp,['https://img.dfimoveis.com.br/fotos/1365992/490c396b357b47029a208452dc39da74.webp'],Joaquim Cândido Imóveis,2026-08-30T15:09:22.035081
9d6f11b3ba12,dfimoveis_1317312,"CSE 5, TAGUATINGA SUL, TAGUATINGA",/imovel/apartamento-2-quartos-aluguel-taguatinga-sul-taguatinga-df-cse-5-1317312,1200,"APARTAMENTO PARA LOCAÇÃO TAGUATINGA SUL 
 Endereço: CES 05 Lote 11 Apto 401 Taguatinga Sul DF
 Tipo de imóvel: Apartamen... 11/03/26",2 Quartos,N/A,N/A,N/A,44 m²,Taguatinga,https://img.dfimoveis.com.br/fotos/1317312/bb8b4163848525086fbb3135d21f0a89.webp,['https://img.dfimoveis.com.br/fotos/1317312/bb8b4163848525086fbb3135d21f0a89.webp'],Nova Morada ,2026-08-30T15:09:22.037618
748ab5812278,dfimoveis_1239603,"CSE 6, TAGUATINGA SUL, TAGUATINGA",/imovel/prdio-0-quartos-aluguel-taguatinga-sul-taguatinga-df-cse-6-1239603,17000,"PRÉDIO PARA ALUGUEL NO PISTÃO SUL CSE 04  2.400 m² DE ÁREA CONSTRUÍDA COM ELEVADOR 
Situado em localização privilegiada ... 06/10/25",N/A,N/A,N/A,40 Vagas,2400 m²,Taguatinga,https://img.dfimoveis.com.br/fotos/1239603/a3c6bdaef5312142209a9dd9582c2723.webp,['https://img.dfimoveis.com.br/fotos/1239603/a3c6bdaef5312142209a9dd9582c2723.webp'],Imobiliária DF Imoveis,2026-08-30T15:09:22.040722
aeeb555b1dea,dfimoveis_342988,"SMPW Quadra 16, PARK WAY, BRASILIA",/imovel/casa-4-quartos-aluguel-park-way-brasilia-df-smpw-quadra-16-342988,8250,"VILLA129264 - Última atualização: 29/08/26 23:31
IMÓVEL OCUPADO - PREVISÃO DESOCUPAÇÃO 10/09/2026

SMPW 16

Bordalo Prim... 15/08/26",5 Quartos,3 Suítes,N/A,4 Vagas,600 m²,Park Way,https://img.dfimoveis.com.br/fotos/342988/8cb97daea7a8a071719321dadcb13c34.jpg?format=webp,['https://img.dfimoveis.com.br/fotos/342988/8cb97daea7a8a071719321dadcb13c34.jpg?format=webp'],Bordalo PRIME Imobiliária ,2026-08-30T15:09:22.043611
7d7d6647e5fb,dfimoveis_1339545,"Avenida Pau Brasil, SUL, AGUAS CLARAS",/imovel/sala-0-quartos-aluguel-sul-aguas-claras-df-avenida-pau-brasil-1339545,3200,"SALA COMERCIAL TODA  COM   PLANEJAMENTO DE MÓVEIS  AMBIENTRES  COM   SALA DE ATENDIMENTO E REUNIÕES ,  PISO  EM VINÍLICO... 22/04/26",N/A,N/A,N/A,1 Vaga,38 m²,Águas Claras,https://img.dfimoveis.com.br/fotos/1339545/a413d7a1a4bbd533deb52ccf6373fefb.webp,['https://img.dfimoveis.com.br/fotos/1339545/a413d7a1a4bbd533deb52ccf6373fefb.webp'],CJS Empreendimentos Imobiliários ,2026-08-30T15:09:22.046275
eeccd0384eb4,dfimoveis_1408405,"SQSW 101, SUDOESTE, BRASILIA",/imovel/apartamento-3-quartos-aluguel-sudoeste-brasilia-df-sqsw-101-1408405,8800,"Victor Cruz Negócios Imobiliários LTDA aluga:

SQSW 101, Sudoeste.

INFORMAÇÕES DO IMÓVEL

3 quartos (sendo 1 suíte)
3 b... 07/08/26",3 Quartos,1 Suíte,N/A,1 Vaga,92 m²,Sudoeste,https://img.dfimoveis.com.br/fotos/1408405/ce3e8b851c235e3355209a29dc3bfbdd.webp,['https://img.dfimoveis.com.br/fotos/1408405/ce3e8b851c235e3355209a29dc3bfbdd.webp'],Victor Cruz Negócios Imobiliários,2026-08-30T15:09:22.048624
c4a41bd5305b,dfimoveis_1406988,"CCSW 2, SUDOESTE, BRASILIA",/imovel/apartamento-2-quartos-aluguel-sudoeste-brasilia-df-ccsw-2-1406988,4500,"TH35714 - Shcsw Ccsw 02 Sudoeste - Res. Geraldo Carneiro, Apartamento 02 quartos, 67m². Agende sua visita!  

Imóvel com... 05/08/26",2 Quartos,N/A,N/A,1 Vaga,67 m²,Sudoeste,https://img.dfimoveis.com.br/fotos/1406988/b28a695798b0ea514145008dfbd0e34d.webp,['https://img.dfimoveis.com.br/fotos/1406988/b28a695798b0ea514145008dfbd0e34d.webp'],Thaís Imobiliária,2026-08-30T15:09:22.052513
f6d018bb4fc3,dfimoveis_1416202,"QE 19 Conjunto A, GUARA II, GUARA",/imovel/ponto-comercial-0-quartos-aluguel-guara-ii-guara-df-qe-19-conjunto-a-1416202,15000,"EXCELENTE PONTO COMERCIAL PARA LOCAÇÃO – QE 19 CONJUNTO A | GUARÁ II

Excelente oportunidade para instalar ou expandir s... 21/08/26",N/A,N/A,N/A,4 Vagas,272 m²,Guará,https://img.dfimoveis.com.br/fotos/1416202/bc3e9f6a0b8279172f681e117a5545b6.webp,['https://img.dfimoveis.com.br/fotos/1416202/bc3e9f6a0b8279172f681e117a5545b6.webp'],Lettieri Imobiliária,2026-08-30T15:09:22.054761
9070a588baf0,dfimoveis_1341960,"Rua 4, VICENTE PIRES, VICENTE PIRES",/imovel/apartamento-3-quartos-aluguel-vicente-pires-vicente-pires-df-rua-4-1341960,9000,"Apresentamos um imóvel exclusivo no Setor Habitacional Vicente Pires ? Trecho 3, ideal para quem busca conforto, espaço ... 25/04/26",3 Quartos,3 Suítes,N/A,2 Vagas,225 m²,Vicente Pires,https://img.dfimoveis.com.br/fotos/1341960/29ebdf320cf3d70e5e36257f97917b70.webp,['https://img.dfimoveis.com.br/fotos/1341960/29ebdf320cf3d70e5e36257f97917b70.webp'],Antônio Filho Imobiliária,2026-08-30T15:09:22.056939
3df921ebcdaf,dfimoveis_601793,"Avenida das Araucárias, SUL, AGUAS CLARAS",/imovel/galpo-0-quartos-aluguel-sul-aguas-claras-df-avenida-das-araucarias-601793,18000,"CENTRO CLÍNICO AMMA


Salas para locação

Avenida Araucarias 

Estacionamento rotativo com 275 vagas, sendo um total de ... 11/08/22",N/A,N/A,N/A,N/A,180 m²,Águas Claras,https://img.dfimoveis.com.br/fotos/601793/a24048cab4f43d9ff67490f8546ab6f1.webp,['https://img.dfimoveis.com.br/fotos/601793/a24048cab4f43d9ff67490f8546ab6f1.webp'],Inove Negócios ,2026-08-30T15:09:22.059601
39cb442f0ae0,dfimoveis_1374319,"QRSW 7 Bloco B 2, SUDOESTE, BRASILIA",/imovel/apartamento-2-quartos-aluguel-sudoeste-brasilia-df-qrsw-7-bloco-b-2-1374319,4600,"- Valor líquido do Aluguel: R$ 4.600,00; 
- Sala com varanda incorporada vista para área verde; 02 quartos com armários ... 27/06/26",2 Quartos,N/A,N/A,N/A,61 m²,Sudoeste,https://img.dfimoveis.com.br/fotos/1374319/94958437120c5b2f288337f3148af464.webp,['https://img.dfimoveis.com.br/fotos/1374319/94958437120c5b2f288337f3148af464.webp'],Fernando Vasconcelos Imóveis,2026-08-30T15:09:22.061970
1230765bbfb7,dfimoveis_1401763,"Quadra 3, SOBRADINHO, SOBRADINHO",/imovel/casa-3-quartos-aluguel-sobradinho-sobradinho-df-quadra-3-1401763,4500,"R$ 4.800,00 COM DESCONTO DE PONTUALIDADE R$ 4.500,00
ÓTIMA CASA EM SOBRADINHO I NA QUADRA 3
-3 Quartos sendo 1 suíte
-Ár... 23/07/26",3 Quartos,1 Suíte,N/A,4 Vagas,120 m²,Sobradinho,https://img.dfimoveis.com.br/fotos/1401763/b92e37494bd9b8ab877b0fe98bf279e9.webp,['https://img.dfimoveis.com.br/fotos/1401763/b92e37494bd9b8ab877b0fe98bf279e9.webp'],Brito Administradora,2026-08-30T15:09:22.064116
e7fb3e426f4a,dfimoveis_1373119,"Condomínio Santa Bárbara, JARDIM BOTANICO, BRASILIA",/imovel/rural-0-quartos-aluguel-jardim-botanico-brasilia-df-condominio-santa-barbara-1373119,12500,"Terreno plano com área de 2ha – 20.000,00 m². Fica localizado no km 1,5 da DF 140. Dista 180 m da pista.
Permite fracion... 24/06/26",N/A,N/A,N/A,N/A,N/A,Jardim Botânico,https://img.dfimoveis.com.br/fotos/1373119/341fca4b4fbd050bcec575155d7663ab.webp,['https://img.dfimoveis.com.br/fotos/1373119/341fca4b4fbd050bcec575155d7663ab.webp'],Aldeia Imóveis,2026-08-30T15:09:22.066200
5f72da7023a4,dfimoveis_1370832,"QNN 5 Conjunto C, CEILANDIA NORTE, CEILANDIA",/imovel/kitnet-1-quarto-aluguel-ceilandia-norte-ceilandia-df-qnn-5-conjunto-c-1370832,550,"ALUGUEL BRUTO................................................	 R$ 647,35 
DESCONTO PONTUALIDADE............................ 19/06/26",1 Quarto,N/A,N/A,N/A,26 m²,Ceilândia,https://img.dfimoveis.com.br/fotos/1370832/5b2a874b3b3dc13f9f8f49f64c7d3aef.webp,['https://img.dfimoveis.com.br/fotos/1370832/5b2a874b3b3dc13f9f8f49f64c7d3aef.webp'],Antônio Filho Imobiliária,2026-08-30T15:09:22.068692
1e079488f23e,dfimoveis_1188907,"SCRN 708/709 Bloco E, ASA NORTE, BRASILIA",/imovel/loja-0-quartos-aluguel-asa-norte-brasilia-df-scrn-708-709-bloco-e-1188907,6500,"Seja o próximo a aproveitar a oportunidade de estabelecer seu negócio em um prédio comercial na Asa Norte.

Uma das loca... 28/06/25",N/A,N/A,N/A,N/A,250 m²,Asa Norte,https://img.dfimoveis.com.br/fotos/1188907/1192ae7359371fa0864446bcf2e96938.webp,['https://img.dfimoveis.com.br/fotos/1188907/1192ae7359371fa0864446bcf2e96938.webp'],Drumond Imóveis,2026-08-30T15:09:22.070586
447a700ec041,dfimoveis_1416455,"SGCV Lote 18, PARK SUL, BRASILIA",/imovel/apartamento-3-quartos-aluguel-park-sul-brasilia-df-sgcv-lote-18-1416455,6900,"SQPS 102 Condomínio Firenze - Park Sul
Imóvel e condomínio novo, 1ª locação (Base Construtora)

Imagine viver em um apar... 22/08/26",3 Quartos,2 Suítes,N/A,2 Vagas,85 m²,Park Sul,https://img.dfimoveis.com.br/fotos/1416455/f9e6ceb676449520e7025c4e67df8e75.webp,['https://img.dfimoveis.com.br/fotos/1416455/f9e6ceb676449520e7025c4e67df8e75.webp'],Coemi Imóveis ,2026-08-30T15:09:22.072679
f628c4ddf88a,dfimoveis_1260055,"SIG Quadra 6, SIG, BRASILIA",/imovel/loja-0-quartos-aluguel-sig-brasilia-df-sig-quadra-6-1260055,6500,"Loja Comercial para Locação no Edifício Office 300  SIG Quadra 06  Brasília/DF

Excelente oportunidade para o seu negóci... 12/11/25",N/A,N/A,N/A,N/A,119 m²,Outro,https://img.dfimoveis.com.br/fotos/1260055/409d1fbf2a8be95d4ca2a393785a97d0.webp,['https://img.dfimoveis.com.br/fotos/1260055/409d1fbf2a8be95d4ca2a393785a97d0.webp'],Consult Imóveis,2026-08-30T15:09:22.078461
2837d047861c,dfimoveis_949678,"QS 7 Rua 820, AREAL, AGUAS CLARAS",/imovel/kitnet-1-quarto-aluguel-areal-aguas-claras-df-qs-7-rua-820-949678,1600,"VISITAS LIBERADAS A PARTIR DO DIA 26/06

RUA 820 , QS 07, LOTE 3 - KITNET - PRÓXIMO A UNIVERSIDADE CATÓLICA EM TAGUATING... 04/04/24",1 Quarto,1 Suíte,N/A,1 Vaga,27 m²,Águas Claras,https://img.dfimoveis.com.br/fotos/949678/b48f86b85ba28e5eae814e821a14fd6f.jpg?format=webp,['https://img.dfimoveis.com.br/fotos/949678/b48f86b85ba28e5eae814e821a14fd6f.jpg?format=webp'],ONE Admin. Imóveis,2026-08-30T15:09:22.083726
e5d1a062f556,dfimoveis_1335823,"SHCGN 703 Bloco R, ASA NORTE, BRASILIA",/imovel/apartamento-1-quarto-aluguel-asa-norte-brasilia-df-shcgn-703-bloco-r-1335823,5250,"Viva no coração de Brasília – conforto, praticidade e localização privilegiada!

Apartamento de 1 quarto para locação no... 14/04/26",1 Quarto,1 Suíte,N/A,1 Vaga,80 m²,Asa Norte,https://img.dfimoveis.com.br/fotos/1335823/04fd36c15408c340bd22e22aeef6b6e5.webp,['https://img.dfimoveis.com.br/fotos/1335823/04fd36c15408c340bd22e22aeef6b6e5.webp'],Casa Brasília Imóveis,2026-08-30T15:09:22.085943
5ea80442c3bb,dfimoveis_1301432,"QNE 17, TAGUATINGA NORTE, TAGUATINGA",/imovel/apartamento-2-quartos-aluguel-taguatinga-norte-taguatinga-df-qne-17-1301432,1690,"TH26731 - QNE 17, Apartamento 02 quartos, 70m². Agende a sua visita! 

Imóvel composto por sala e sacada, 02 quartos com... 10/02/26",2 Quartos,N/A,N/A,N/A,70 m²,Taguatinga,https://img.dfimoveis.com.br/fotos/1301432/e7d29ce076270dd5559335d9c5cc5831.webp,['https://img.dfimoveis.com.br/fotos/1301432/e7d29ce076270dd5559335d9c5cc5831.webp'],Thaís Imobiliária,2026-08-30T15:09:22.098957
d88a54cf7b19,dfimoveis_1400485,"SQNW 110 Bloco D, NOROESTE, BRASILIA",/imovel/apartamento-3-quartos-aluguel-noroeste-brasilia-df-sqnw-110-bloco-d-1400485,10500,"Apartamento para Locação no Viverde Noroeste – SQNW 110 | Vista Livre para o Parque Burle Marx

Imagine viver em um dos ... 21/07/26",3 Quartos,2 Suítes,N/A,2 Vagas,105 m²,Noroeste,https://img.dfimoveis.com.br/fotos/1400485/295ec4fabfc510383095dcbb8053f05c.webp,['https://img.dfimoveis.com.br/fotos/1400485/295ec4fabfc510383095dcbb8053f05c.webp'],Ecoa Imobiliária,2026-08-30T15:09:22.101129
23f28cf0d4cd,dfimoveis_1174276,"CLSW 101 Bloco C, SUDOESTE, BRASILIA",/imovel/kitnet-1-quarto-aluguel-sudoeste-brasilia-df-clsw-101-bloco-c-1174276,3000,"SUDOESTE – KITNET DE 36 M² EM EXCELENTE LOCALIZAÇÃO

Praticidade, conforto e localização privilegiada em um dos bairros ... 04/06/25",1 Quarto,N/A,N/A,N/A,36 m²,Sudoeste,https://img.dfimoveis.com.br/fotos/1174276/40c27b85ee7fdcfc06f7e90ef1ef0fd5.jpg?format=webp,['https://img.dfimoveis.com.br/fotos/1174276/40c27b85ee7fdcfc06f7e90ef1ef0fd5.jpg?format=webp'],Alladyno imóveis,2026-08-30T15:09:22.103085
406dd9dbbd54,dfimoveis_893294,"SCRN 704/705 Bloco H, ASA NORTE, BRASILIA",/imovel/loja-0-quartos-aluguel-asa-norte-brasilia-df-scrn-704-705-bloco-h-893294,7500,"WR IMOBILIARIA ALUGA LOJA NA ASA NORTE. 

Loja com subsolo, toda em porcelanato. 
Cozinha de serviço com cooktop. 
Dois ... 09/01/24",N/A,N/A,N/A,N/A,160 m²,Asa Norte,https://img.dfimoveis.com.br/fotos/893294/6282fd67a214314125492c5b886a9fe7.jpg?format=webp,['https://img.dfimoveis.com.br/fotos/893294/6282fd67a214314125492c5b886a9fe7.jpg?format=webp'],WR imobiliária ,2026-08-30T15:09:22.105027
